{"_context" : {
    "_types" : {
      "DocumentMetaData" : {
        "_feature_types" : {"sofa" : "_ref" } }, 
      "Eventclauses" : {
        "_feature_types" : {"sofa" : "_ref",  "Arguments" : "_ref",  "Polarity" : "_ref",  "PolarityTrigger" : "_ref",  "Sameclause" : "_ref" } }, 
      "Sentence" : {
        "_feature_types" : {"sofa" : "_ref" } }, 
      "Sofa" : {
        "_feature_types" : {"sofaArray" : "_ref" } }, 
      "TagsetDescription" : {
        "_feature_types" : {"sofa" : "_ref",  "tags" : "_ref" } }, 
      "Token" : {
        "_feature_types" : {"sofa" : "_ref",  "parent" : "_ref",  "lemma" : "_ref",  "stem" : "_ref",  "pos" : "_ref",  "morph" : "_ref",  "form" : "_ref" } }, 
      "DocumentAnnotation" : {
        "_feature_types" : {"sofa" : "_ref" }, 
        "_subtypes" : ["DocumentMetaData" ] }, 
      "Annotation" : {
        "_feature_types" : {"sofa" : "_ref" }, 
        "_subtypes" : ["DocumentAnnotation",  "Eventclauses",  "Sentence",  "TagsetDescription",  "Token" ] }, 
      "AnnotationBase" : {
        "_feature_types" : {"sofa" : "_ref" }, 
        "_subtypes" : ["Annotation" ] }, 
      "TOP" : {
        "_subtypes" : ["AnnotationBase",  "Sofa" ] } } }, 
  "_views" : {
    "_InitialView" : {
      "DocumentMetaData" : [
        {"sofa" : 12,  "end" : 228,  "language" : "x-unspecified",  "documentTitle" : "031ee2f.txt",  "documentId" : "WoutBoven",  "documentUri" : "file:/export/repository/project/114/document/44459/source/WoutBoven",  "collectionId" : "file:/export/repository/project/114/document/44459/source/",  "documentBaseUri" : "file:/export/repository/project/114/document/44459/source/",  "isLastSegment" : false } ], 
      "TagsetDescription" : [
        {"sofa" : 12,  "layer" : "de.tudarmstadt.ukp.dkpro.core.api.syntax.type.dependency.Dependency",  "name" : "UD Universal Dependencies",  "input" : false }, 
        {"sofa" : 12,  "layer" : "webanno.custom.Entities",  "name" : "Entity - mention level types",  "input" : false }, 
        {"sofa" : 12,  "layer" : "webanno.custom.Eventclauses",  "name" : "Event - tense",  "input" : false }, 
        {"sofa" : 12,  "layer" : "webanno.custom.Eventsarguments",  "name" : "eventdna_argument_entities_(auto)",  "input" : false }, 
        {"sofa" : 12,  "layer" : "webanno.custom.Namedentities",  "name" : "NE types",  "input" : false }, 
        {"sofa" : 12,  "layer" : "webanno.custom.EntitiesLETSpreanno",  "name" : "Named entity - types",  "input" : false }, 
        {"sofa" : 12,  "layer" : "de.tudarmstadt.ukp.dkpro.core.api.transform.type.SofaChangeAnnotation",  "name" : "Operation",  "input" : false }, 
        {"sofa" : 12,  "layer" : "de.tudarmstadt.ukp.dkpro.core.api.lexmorph.type.pos.POS",  "name" : "UD Universal POS tags",  "input" : false }, 
        {"sofa" : 12,  "layer" : "webanno.custom.Polaritytriggers",  "name" : "Polarity",  "input" : false }, 
        {"sofa" : 12,  "layer" : "de.tudarmstadt.ukp.dkpro.core.api.segmentation.type.SurfaceForm",  "name" : "Named Entity tags",  "input" : false } ], 
      "Sentence" : [
        {"sofa" : 12,  "end" : 36 }, 
        {"sofa" : 12,  "begin" : 38,  "end" : 121 }, 
        {"sofa" : 12,  "begin" : 123,  "end" : 226 } ], 
      "Token" : [
        {"sofa" : 12,  "end" : 6 }, 
        {"sofa" : 12,  "begin" : 7,  "end" : 17 }, 
        {"sofa" : 12,  "begin" : 18,  "end" : 22 }, 
        {"sofa" : 12,  "begin" : 23,  "end" : 27 }, 
        {"sofa" : 12,  "begin" : 28,  "end" : 36 }, 
        {"sofa" : 12,  "begin" : 38,  "end" : 41 }, 
        {"sofa" : 12,  "begin" : 42,  "end" : 57 }, 
        {"sofa" : 12,  "begin" : 58,  "end" : 61 }, 
        {"sofa" : 12,  "begin" : 62,  "end" : 72 }, 
        {"sofa" : 12,  "begin" : 73,  "end" : 78 }, 
        {"sofa" : 12,  "begin" : 79,  "end" : 86 }, 
        {"sofa" : 12,  "begin" : 87,  "end" : 97 }, 
        {"sofa" : 12,  "begin" : 98,  "end" : 101 }, 
        {"sofa" : 12,  "begin" : 102,  "end" : 105 }, 
        {"sofa" : 12,  "begin" : 106,  "end" : 110 }, 
        {"sofa" : 12,  "begin" : 111,  "end" : 119 }, 
        {"sofa" : 12,  "begin" : 120,  "end" : 121 }, 
        {"sofa" : 12,  "begin" : 123,  "end" : 125 }, 
        {"sofa" : 12,  "begin" : 126,  "end" : 129 }, 
        {"sofa" : 12,  "begin" : 130,  "end" : 138 }, 
        {"sofa" : 12,  "begin" : 139,  "end" : 141 }, 
        {"sofa" : 12,  "begin" : 142,  "end" : 145 }, 
        {"sofa" : 12,  "begin" : 146,  "end" : 150 }, 
        {"sofa" : 12,  "begin" : 151,  "end" : 157 }, 
        {"sofa" : 12,  "begin" : 158,  "end" : 161 }, 
        {"sofa" : 12,  "begin" : 162,  "end" : 165 }, 
        {"sofa" : 12,  "begin" : 166,  "end" : 173 }, 
        {"sofa" : 12,  "begin" : 174,  "end" : 178 }, 
        {"sofa" : 12,  "begin" : 179,  "end" : 183 }, 
        {"sofa" : 12,  "begin" : 184,  "end" : 188 }, 
        {"sofa" : 12,  "begin" : 189,  "end" : 199 }, 
        {"sofa" : 12,  "begin" : 200,  "end" : 206 }, 
        {"sofa" : 12,  "begin" : 207,  "end" : 210 }, 
        {"sofa" : 12,  "begin" : 211,  "end" : 217 }, 
        {"sofa" : 12,  "begin" : 218,  "end" : 220 }, 
        {"sofa" : 12,  "begin" : 221,  "end" : 224 }, 
        {"sofa" : 12,  "begin" : 225,  "end" : 226 } ], 
      "Eventclauses" : [
        {"sofa" : 12,  "end" : 36,  "EventPolarity" : "EVE positive",  "Prominence" : "Main" }, 
        {"sofa" : 12,  "begin" : 38,  "end" : 119,  "EventPolarity" : "EVE positive",  "Prominence" : "Main" }, 
        {"sofa" : 12,  "begin" : 126,  "end" : 224,  "EventPolarity" : "EVE positive",  "Prominence" : "Background" } ] } }, 
  "_referenced_fss" : {
    "12" : {"_type" : "Sofa",  "sofaNum" : 1,  "sofaID" : "_InitialView",  "mimeType" : "text",  "sofaString" : "Gratis strooizout voor alle gezinnen\n Het gemeentebestuur van Buggenhout deelt opnieuw strooizout uit aan haar inwoners .\n Zo kan iedereen er mee voor zorgen dat het voetpad voor zijn deur begaanbaar blijft bij sneeuw en ijs .\n " } } }