{"_context" : {
    "_types" : {
      "DocumentMetaData" : {
        "_feature_types" : {"sofa" : "_ref" } }, 
      "Eventclauses" : {
        "_feature_types" : {"sofa" : "_ref",  "Arguments" : "_ref",  "Polarity" : "_ref",  "PolarityTrigger" : "_ref",  "Sameclause" : "_ref" } }, 
      "Sentence" : {
        "_feature_types" : {"sofa" : "_ref" } }, 
      "Sofa" : {
        "_feature_types" : {"sofaArray" : "_ref" } }, 
      "TagsetDescription" : {
        "_feature_types" : {"sofa" : "_ref",  "tags" : "_ref" } }, 
      "Token" : {
        "_feature_types" : {"sofa" : "_ref",  "parent" : "_ref",  "lemma" : "_ref",  "stem" : "_ref",  "pos" : "_ref",  "morph" : "_ref",  "form" : "_ref" } }, 
      "DocumentAnnotation" : {
        "_feature_types" : {"sofa" : "_ref" }, 
        "_subtypes" : ["DocumentMetaData" ] }, 
      "Annotation" : {
        "_feature_types" : {"sofa" : "_ref" }, 
        "_subtypes" : ["DocumentAnnotation",  "Eventclauses",  "Sentence",  "TagsetDescription",  "Token" ] }, 
      "AnnotationBase" : {
        "_feature_types" : {"sofa" : "_ref" }, 
        "_subtypes" : ["Annotation" ] }, 
      "TOP" : {
        "_subtypes" : ["AnnotationBase",  "Sofa" ] } } }, 
  "_views" : {
    "_InitialView" : {
      "DocumentMetaData" : [
        {"sofa" : 12,  "end" : 303,  "language" : "x-unspecified",  "documentTitle" : "04b8253.txt",  "documentId" : "WoutBoven",  "documentUri" : "file:/export/repository/project/114/document/44470/source/WoutBoven",  "collectionId" : "file:/export/repository/project/114/document/44470/source/",  "documentBaseUri" : "file:/export/repository/project/114/document/44470/source/",  "isLastSegment" : false } ], 
      "TagsetDescription" : [
        {"sofa" : 12,  "layer" : "de.tudarmstadt.ukp.dkpro.core.api.syntax.type.dependency.Dependency",  "name" : "UD Universal Dependencies",  "input" : false }, 
        {"sofa" : 12,  "layer" : "webanno.custom.Entities",  "name" : "Entity - mention level types",  "input" : false }, 
        {"sofa" : 12,  "layer" : "webanno.custom.Eventclauses",  "name" : "Event - tense",  "input" : false }, 
        {"sofa" : 12,  "layer" : "webanno.custom.Eventsarguments",  "name" : "eventdna_argument_entities_(auto)",  "input" : false }, 
        {"sofa" : 12,  "layer" : "webanno.custom.Namedentities",  "name" : "NE types",  "input" : false }, 
        {"sofa" : 12,  "layer" : "webanno.custom.EntitiesLETSpreanno",  "name" : "Named entity - types",  "input" : false }, 
        {"sofa" : 12,  "layer" : "de.tudarmstadt.ukp.dkpro.core.api.transform.type.SofaChangeAnnotation",  "name" : "Operation",  "input" : false }, 
        {"sofa" : 12,  "layer" : "de.tudarmstadt.ukp.dkpro.core.api.lexmorph.type.pos.POS",  "name" : "UD Universal POS tags",  "input" : false }, 
        {"sofa" : 12,  "layer" : "webanno.custom.Polaritytriggers",  "name" : "Polarity",  "input" : false }, 
        {"sofa" : 12,  "layer" : "de.tudarmstadt.ukp.dkpro.core.api.segmentation.type.SurfaceForm",  "name" : "Named Entity tags",  "input" : false } ], 
      "Sentence" : [
        {"sofa" : 12,  "end" : 66 }, 
        {"sofa" : 12,  "begin" : 68,  "end" : 214 }, 
        {"sofa" : 12,  "begin" : 216,  "end" : 301 } ], 
      "Token" : [
        {"sofa" : 12,  "end" : 8 }, 
        {"sofa" : 12,  "begin" : 9,  "end" : 13 }, 
        {"sofa" : 12,  "begin" : 14,  "end" : 18 }, 
        {"sofa" : 12,  "begin" : 19,  "end" : 26 }, 
        {"sofa" : 12,  "begin" : 27,  "end" : 30 }, 
        {"sofa" : 12,  "begin" : 31,  "end" : 48 }, 
        {"sofa" : 12,  "begin" : 49,  "end" : 60 }, 
        {"sofa" : 12,  "begin" : 61,  "end" : 66 }, 
        {"sofa" : 12,  "begin" : 68,  "end" : 72 }, 
        {"sofa" : 12,  "begin" : 73,  "end" : 90 }, 
        {"sofa" : 12,  "begin" : 91,  "end" : 94 }, 
        {"sofa" : 12,  "begin" : 95,  "end" : 112 }, 
        {"sofa" : 12,  "begin" : 113,  "end" : 119 }, 
        {"sofa" : 12,  "begin" : 120,  "end" : 128 }, 
        {"sofa" : 12,  "begin" : 129,  "end" : 132 }, 
        {"sofa" : 12,  "begin" : 133,  "end" : 137 }, 
        {"sofa" : 12,  "begin" : 138,  "end" : 140 }, 
        {"sofa" : 12,  "begin" : 141,  "end" : 145 }, 
        {"sofa" : 12,  "begin" : 146,  "end" : 152 }, 
        {"sofa" : 12,  "begin" : 153,  "end" : 154 }, 
        {"sofa" : 12,  "begin" : 155,  "end" : 166 }, 
        {"sofa" : 12,  "begin" : 167,  "end" : 169 }, 
        {"sofa" : 12,  "begin" : 170,  "end" : 176 }, 
        {"sofa" : 12,  "begin" : 177,  "end" : 178 }, 
        {"sofa" : 12,  "begin" : 179,  "end" : 182 }, 
        {"sofa" : 12,  "begin" : 183,  "end" : 191 }, 
        {"sofa" : 12,  "begin" : 192,  "end" : 195 }, 
        {"sofa" : 12,  "begin" : 196,  "end" : 204 }, 
        {"sofa" : 12,  "begin" : 205,  "end" : 212 }, 
        {"sofa" : 12,  "begin" : 213,  "end" : 214 }, 
        {"sofa" : 12,  "begin" : 216,  "end" : 223 }, 
        {"sofa" : 12,  "begin" : 224,  "end" : 230 }, 
        {"sofa" : 12,  "begin" : 231,  "end" : 236 }, 
        {"sofa" : 12,  "begin" : 237,  "end" : 243 }, 
        {"sofa" : 12,  "begin" : 244,  "end" : 246 }, 
        {"sofa" : 12,  "begin" : 247,  "end" : 257 }, 
        {"sofa" : 12,  "begin" : 258,  "end" : 261 }, 
        {"sofa" : 12,  "begin" : 262,  "end" : 264 }, 
        {"sofa" : 12,  "begin" : 265,  "end" : 286 }, 
        {"sofa" : 12,  "begin" : 287,  "end" : 293 }, 
        {"sofa" : 12,  "begin" : 294,  "end" : 299 }, 
        {"sofa" : 12,  "begin" : 300,  "end" : 301 } ], 
      "Eventclauses" : [
        {"sofa" : 12,  "end" : 66,  "EventPolarity" : "EVE positive",  "Prominence" : "Main" }, 
        {"sofa" : 12,  "begin" : 68,  "end" : 212,  "EventPolarity" : "EVE positive",  "Prominence" : "Main" } ] } }, 
  "_referenced_fss" : {
    "12" : {"_type" : "Sofa",  "sofaNum" : 1,  "sofaID" : "_InitialView",  "mimeType" : "text",  "sofaString" : "Subsidie voor elke inwoner die waterbeschermende maatregelen treft\n Elke Geraardsbergenaar die waterbeschermende werken uitvoert aan zijn of haar woning , handelspand of gebouw , kan daarvoor een subsidie krijgen .\n Vroeger kwamen enkel panden in aanmerking die in overstromingsgevoelig gebied lagen .\n " } } }