{"_context" : {
    "_types" : {
      "DocumentMetaData" : {
        "_feature_types" : {"sofa" : "_ref" } }, 
      "Eventclauses" : {
        "_feature_types" : {"sofa" : "_ref",  "Arguments" : "_ref",  "Polarity" : "_ref",  "PolarityTrigger" : "_ref",  "Sameclause" : "_ref" } }, 
      "Sentence" : {
        "_feature_types" : {"sofa" : "_ref" } }, 
      "Sofa" : {
        "_feature_types" : {"sofaArray" : "_ref" } }, 
      "TagsetDescription" : {
        "_feature_types" : {"sofa" : "_ref",  "tags" : "_ref" } }, 
      "Token" : {
        "_feature_types" : {"sofa" : "_ref",  "parent" : "_ref",  "lemma" : "_ref",  "stem" : "_ref",  "pos" : "_ref",  "morph" : "_ref",  "form" : "_ref" } }, 
      "DocumentAnnotation" : {
        "_feature_types" : {"sofa" : "_ref" }, 
        "_subtypes" : ["DocumentMetaData" ] }, 
      "Annotation" : {
        "_feature_types" : {"sofa" : "_ref" }, 
        "_subtypes" : ["DocumentAnnotation",  "Eventclauses",  "Sentence",  "TagsetDescription",  "Token" ] }, 
      "AnnotationBase" : {
        "_feature_types" : {"sofa" : "_ref" }, 
        "_subtypes" : ["Annotation" ] }, 
      "TOP" : {
        "_subtypes" : ["AnnotationBase",  "Sofa" ] } } }, 
  "_views" : {
    "_InitialView" : {
      "DocumentMetaData" : [
        {"sofa" : 12,  "end" : 331,  "language" : "x-unspecified",  "documentTitle" : "0858e84.txt",  "documentId" : "WoutBoven",  "documentUri" : "file:/export/repository/project/114/document/44438/source/WoutBoven",  "collectionId" : "file:/export/repository/project/114/document/44438/source/",  "documentBaseUri" : "file:/export/repository/project/114/document/44438/source/",  "isLastSegment" : false } ], 
      "TagsetDescription" : [
        {"sofa" : 12,  "layer" : "de.tudarmstadt.ukp.dkpro.core.api.syntax.type.dependency.Dependency",  "name" : "UD Universal Dependencies",  "input" : false }, 
        {"sofa" : 12,  "layer" : "webanno.custom.Entities",  "name" : "Entity - mention level types",  "input" : false }, 
        {"sofa" : 12,  "layer" : "webanno.custom.Eventclauses",  "name" : "Event - tense",  "input" : false }, 
        {"sofa" : 12,  "layer" : "webanno.custom.Eventsarguments",  "name" : "eventdna_argument_entities_(auto)",  "input" : false }, 
        {"sofa" : 12,  "layer" : "webanno.custom.Namedentities",  "name" : "NE types",  "input" : false }, 
        {"sofa" : 12,  "layer" : "webanno.custom.EntitiesLETSpreanno",  "name" : "Named entity - types",  "input" : false }, 
        {"sofa" : 12,  "layer" : "de.tudarmstadt.ukp.dkpro.core.api.transform.type.SofaChangeAnnotation",  "name" : "Operation",  "input" : false }, 
        {"sofa" : 12,  "layer" : "de.tudarmstadt.ukp.dkpro.core.api.lexmorph.type.pos.POS",  "name" : "UD Universal POS tags",  "input" : false }, 
        {"sofa" : 12,  "layer" : "webanno.custom.Polaritytriggers",  "name" : "Polarity",  "input" : false }, 
        {"sofa" : 12,  "layer" : "de.tudarmstadt.ukp.dkpro.core.api.segmentation.type.SurfaceForm",  "name" : "Named Entity tags",  "input" : false } ], 
      "Sentence" : [
        {"sofa" : 12,  "end" : 51 }, 
        {"sofa" : 12,  "begin" : 53,  "end" : 165 }, 
        {"sofa" : 12,  "begin" : 167,  "end" : 239 }, 
        {"sofa" : 12,  "begin" : 241,  "end" : 329 } ], 
      "Token" : [
        {"sofa" : 12,  "end" : 4 }, 
        {"sofa" : 12,  "begin" : 5,  "end" : 13 }, 
        {"sofa" : 12,  "begin" : 14,  "end" : 20 }, 
        {"sofa" : 12,  "begin" : 21,  "end" : 30 }, 
        {"sofa" : 12,  "begin" : 31,  "end" : 33 }, 
        {"sofa" : 12,  "begin" : 34,  "end" : 40 }, 
        {"sofa" : 12,  "begin" : 41,  "end" : 51 }, 
        {"sofa" : 12,  "begin" : 53,  "end" : 55 }, 
        {"sofa" : 12,  "begin" : 56,  "end" : 65 }, 
        {"sofa" : 12,  "begin" : 66,  "end" : 73 }, 
        {"sofa" : 12,  "begin" : 74,  "end" : 77 }, 
        {"sofa" : 12,  "begin" : 78,  "end" : 80 }, 
        {"sofa" : 12,  "begin" : 81,  "end" : 87 }, 
        {"sofa" : 12,  "begin" : 88,  "end" : 103 }, 
        {"sofa" : 12,  "begin" : 104,  "end" : 108 }, 
        {"sofa" : 12,  "begin" : 109,  "end" : 115 }, 
        {"sofa" : 12,  "begin" : 116,  "end" : 118 }, 
        {"sofa" : 12,  "begin" : 119,  "end" : 128 }, 
        {"sofa" : 12,  "begin" : 129,  "end" : 132 }, 
        {"sofa" : 12,  "begin" : 133,  "end" : 136 }, 
        {"sofa" : 12,  "begin" : 137,  "end" : 142 }, 
        {"sofa" : 12,  "begin" : 143,  "end" : 145 }, 
        {"sofa" : 12,  "begin" : 146,  "end" : 152 }, 
        {"sofa" : 12,  "begin" : 153,  "end" : 163 }, 
        {"sofa" : 12,  "begin" : 164,  "end" : 165 }, 
        {"sofa" : 12,  "begin" : 167,  "end" : 170 }, 
        {"sofa" : 12,  "begin" : 171,  "end" : 176 }, 
        {"sofa" : 12,  "begin" : 177,  "end" : 188 }, 
        {"sofa" : 12,  "begin" : 189,  "end" : 195 }, 
        {"sofa" : 12,  "begin" : 196,  "end" : 204 }, 
        {"sofa" : 12,  "begin" : 205,  "end" : 214 }, 
        {"sofa" : 12,  "begin" : 215,  "end" : 217 }, 
        {"sofa" : 12,  "begin" : 218,  "end" : 220 }, 
        {"sofa" : 12,  "begin" : 221,  "end" : 228 }, 
        {"sofa" : 12,  "begin" : 229,  "end" : 231 }, 
        {"sofa" : 12,  "begin" : 232,  "end" : 237 }, 
        {"sofa" : 12,  "begin" : 238,  "end" : 239 }, 
        {"sofa" : 12,  "begin" : 241,  "end" : 248 }, 
        {"sofa" : 12,  "begin" : 249,  "end" : 251 }, 
        {"sofa" : 12,  "begin" : 252,  "end" : 254 }, 
        {"sofa" : 12,  "begin" : 255,  "end" : 270 }, 
        {"sofa" : 12,  "begin" : 271,  "end" : 273 }, 
        {"sofa" : 12,  "begin" : 274,  "end" : 276 }, 
        {"sofa" : 12,  "begin" : 277,  "end" : 284 }, 
        {"sofa" : 12,  "begin" : 285,  "end" : 289 }, 
        {"sofa" : 12,  "begin" : 290,  "end" : 294 }, 
        {"sofa" : 12,  "begin" : 295,  "end" : 298 }, 
        {"sofa" : 12,  "begin" : 299,  "end" : 305 }, 
        {"sofa" : 12,  "begin" : 306,  "end" : 311 }, 
        {"sofa" : 12,  "begin" : 312,  "end" : 317 }, 
        {"sofa" : 12,  "begin" : 318,  "end" : 327 }, 
        {"sofa" : 12,  "begin" : 328,  "end" : 329 } ], 
      "Eventclauses" : [
        {"sofa" : 12,  "end" : 51,  "EventPolarity" : "EVE neutral",  "Prominence" : "Main" }, 
        {"sofa" : 12,  "begin" : 53,  "end" : 163,  "EventPolarity" : "EVE neutral",  "Prominence" : "Main" }, 
        {"sofa" : 12,  "begin" : 241,  "end" : 327,  "EventPolarity" : "EVE positive",  "Prominence" : "Background" } ] } }, 
  "_referenced_fss" : {
    "12" : {"_type" : "Sofa",  "sofaNum" : 1,  "sofaID" : "_InitialView",  "mimeType" : "text",  "sofaString" : "Audi Brussels krijgt productie Q8 e-tron toegewezen\n De Brusselse fabriek van de Duitse luxewagenbouwer Audi krijgt de productie van het model Q8 e-tron toegewezen .\n Dat heeft Audi-topman Markus Duesmann bevestigd in de fabriek in Vorst .\n Daarmee is de werkgelegenheid in de fabriek weer voor een aantal extra jaren verzekerd .\n " } } }