{"_context" : {
    "_types" : {
      "DocumentMetaData" : {
        "_feature_types" : {"sofa" : "_ref" } }, 
      "Eventclauses" : {
        "_feature_types" : {"sofa" : "_ref",  "Arguments" : "_ref",  "Polarity" : "_ref",  "PolarityTrigger" : "_ref",  "Sameclause" : "_ref" } }, 
      "Sentence" : {
        "_feature_types" : {"sofa" : "_ref" } }, 
      "Sofa" : {
        "_feature_types" : {"sofaArray" : "_ref" } }, 
      "TagsetDescription" : {
        "_feature_types" : {"sofa" : "_ref",  "tags" : "_ref" } }, 
      "Token" : {
        "_feature_types" : {"sofa" : "_ref",  "parent" : "_ref",  "lemma" : "_ref",  "stem" : "_ref",  "pos" : "_ref",  "morph" : "_ref",  "form" : "_ref" } }, 
      "DocumentAnnotation" : {
        "_feature_types" : {"sofa" : "_ref" }, 
        "_subtypes" : ["DocumentMetaData" ] }, 
      "Annotation" : {
        "_feature_types" : {"sofa" : "_ref" }, 
        "_subtypes" : ["DocumentAnnotation",  "Eventclauses",  "Sentence",  "TagsetDescription",  "Token" ] }, 
      "AnnotationBase" : {
        "_feature_types" : {"sofa" : "_ref" }, 
        "_subtypes" : ["Annotation" ] }, 
      "TOP" : {
        "_subtypes" : ["AnnotationBase",  "Sofa" ] } } }, 
  "_views" : {
    "_InitialView" : {
      "DocumentMetaData" : [
        {"sofa" : 12,  "end" : 542,  "language" : "x-unspecified",  "documentTitle" : "112cb77.txt",  "documentId" : "WoutBoven",  "documentUri" : "file:/export/repository/project/114/document/44450/source/WoutBoven",  "collectionId" : "file:/export/repository/project/114/document/44450/source/",  "documentBaseUri" : "file:/export/repository/project/114/document/44450/source/",  "isLastSegment" : false } ], 
      "TagsetDescription" : [
        {"sofa" : 12,  "layer" : "de.tudarmstadt.ukp.dkpro.core.api.syntax.type.dependency.Dependency",  "name" : "UD Universal Dependencies",  "input" : false }, 
        {"sofa" : 12,  "layer" : "webanno.custom.Entities",  "name" : "Entity - mention level types",  "input" : false }, 
        {"sofa" : 12,  "layer" : "webanno.custom.Eventclauses",  "name" : "Event - tense",  "input" : false }, 
        {"sofa" : 12,  "layer" : "webanno.custom.Eventsarguments",  "name" : "eventdna_argument_entities_(auto)",  "input" : false }, 
        {"sofa" : 12,  "layer" : "webanno.custom.Namedentities",  "name" : "NE types",  "input" : false }, 
        {"sofa" : 12,  "layer" : "webanno.custom.EntitiesLETSpreanno",  "name" : "Named entity - types",  "input" : false }, 
        {"sofa" : 12,  "layer" : "de.tudarmstadt.ukp.dkpro.core.api.transform.type.SofaChangeAnnotation",  "name" : "Operation",  "input" : false }, 
        {"sofa" : 12,  "layer" : "de.tudarmstadt.ukp.dkpro.core.api.lexmorph.type.pos.POS",  "name" : "UD Universal POS tags",  "input" : false }, 
        {"sofa" : 12,  "layer" : "webanno.custom.Polaritytriggers",  "name" : "Polarity",  "input" : false }, 
        {"sofa" : 12,  "layer" : "de.tudarmstadt.ukp.dkpro.core.api.segmentation.type.SurfaceForm",  "name" : "Named Entity tags",  "input" : false } ], 
      "Sentence" : [
        {"sofa" : 12,  "end" : 100 }, 
        {"sofa" : 12,  "begin" : 102,  "end" : 216 }, 
        {"sofa" : 12,  "begin" : 218,  "end" : 407 }, 
        {"sofa" : 12,  "begin" : 409,  "end" : 540 } ], 
      "Token" : [
        {"sofa" : 12,  "end" : 4 }, 
        {"sofa" : 12,  "begin" : 5,  "end" : 14 }, 
        {"sofa" : 12,  "begin" : 15,  "end" : 19 }, 
        {"sofa" : 12,  "begin" : 20,  "end" : 21 }, 
        {"sofa" : 12,  "begin" : 22,  "end" : 27 }, 
        {"sofa" : 12,  "begin" : 28,  "end" : 34 }, 
        {"sofa" : 12,  "begin" : 35,  "end" : 43 }, 
        {"sofa" : 12,  "begin" : 44,  "end" : 48 }, 
        {"sofa" : 12,  "begin" : 49,  "end" : 55 }, 
        {"sofa" : 12,  "begin" : 56,  "end" : 61 }, 
        {"sofa" : 12,  "begin" : 62,  "end" : 64 }, 
        {"sofa" : 12,  "begin" : 65,  "end" : 69 }, 
        {"sofa" : 12,  "begin" : 70,  "end" : 71 }, 
        {"sofa" : 12,  "begin" : 72,  "end" : 78 }, 
        {"sofa" : 12,  "begin" : 79,  "end" : 82 }, 
        {"sofa" : 12,  "begin" : 83,  "end" : 91 }, 
        {"sofa" : 12,  "begin" : 92,  "end" : 96 }, 
        {"sofa" : 12,  "begin" : 97,  "end" : 100 }, 
        {"sofa" : 12,  "begin" : 102,  "end" : 104 }, 
        {"sofa" : 12,  "begin" : 105,  "end" : 109 }, 
        {"sofa" : 12,  "begin" : 110,  "end" : 114 }, 
        {"sofa" : 12,  "begin" : 115,  "end" : 124 }, 
        {"sofa" : 12,  "begin" : 125,  "end" : 136 }, 
        {"sofa" : 12,  "begin" : 137,  "end" : 139 }, 
        {"sofa" : 12,  "begin" : 140,  "end" : 143 }, 
        {"sofa" : 12,  "begin" : 144,  "end" : 147 }, 
        {"sofa" : 12,  "begin" : 148,  "end" : 151 }, 
        {"sofa" : 12,  "begin" : 151,  "end" : 152 }, 
        {"sofa" : 12,  "begin" : 152,  "end" : 160 }, 
        {"sofa" : 12,  "begin" : 161,  "end" : 163 }, 
        {"sofa" : 12,  "begin" : 164,  "end" : 167 }, 
        {"sofa" : 12,  "begin" : 168,  "end" : 180 }, 
        {"sofa" : 12,  "begin" : 181,  "end" : 185 }, 
        {"sofa" : 12,  "begin" : 186,  "end" : 187 }, 
        {"sofa" : 12,  "begin" : 188,  "end" : 197 }, 
        {"sofa" : 12,  "begin" : 197,  "end" : 198 }, 
        {"sofa" : 12,  "begin" : 198,  "end" : 205 }, 
        {"sofa" : 12,  "begin" : 206,  "end" : 212 }, 
        {"sofa" : 12,  "begin" : 213,  "end" : 214 }, 
        {"sofa" : 12,  "begin" : 215,  "end" : 216 }, 
        {"sofa" : 12,  "begin" : 218,  "end" : 223 }, 
        {"sofa" : 12,  "begin" : 224,  "end" : 230 }, 
        {"sofa" : 12,  "begin" : 231,  "end" : 232 }, 
        {"sofa" : 12,  "begin" : 233,  "end" : 236 }, 
        {"sofa" : 12,  "begin" : 237,  "end" : 239 }, 
        {"sofa" : 12,  "begin" : 240,  "end" : 241 }, 
        {"sofa" : 12,  "begin" : 242,  "end" : 249 }, 
        {"sofa" : 12,  "begin" : 250,  "end" : 252 }, 
        {"sofa" : 12,  "begin" : 253,  "end" : 257 }, 
        {"sofa" : 12,  "begin" : 258,  "end" : 264 }, 
        {"sofa" : 12,  "begin" : 265,  "end" : 270 }, 
        {"sofa" : 12,  "begin" : 271,  "end" : 273 }, 
        {"sofa" : 12,  "begin" : 274,  "end" : 277 }, 
        {"sofa" : 12,  "begin" : 278,  "end" : 281 }, 
        {"sofa" : 12,  "begin" : 282,  "end" : 284 }, 
        {"sofa" : 12,  "begin" : 285,  "end" : 288 }, 
        {"sofa" : 12,  "begin" : 289,  "end" : 296 }, 
        {"sofa" : 12,  "begin" : 297,  "end" : 303 }, 
        {"sofa" : 12,  "begin" : 304,  "end" : 306 }, 
        {"sofa" : 12,  "begin" : 307,  "end" : 311 }, 
        {"sofa" : 12,  "begin" : 312,  "end" : 316 }, 
        {"sofa" : 12,  "begin" : 317,  "end" : 318 }, 
        {"sofa" : 12,  "begin" : 319,  "end" : 320 }, 
        {"sofa" : 12,  "begin" : 320,  "end" : 321 }, 
        {"sofa" : 12,  "begin" : 321,  "end" : 322 }, 
        {"sofa" : 12,  "begin" : 323,  "end" : 325 }, 
        {"sofa" : 12,  "begin" : 326,  "end" : 327 }, 
        {"sofa" : 12,  "begin" : 327,  "end" : 328 }, 
        {"sofa" : 12,  "begin" : 328,  "end" : 329 }, 
        {"sofa" : 12,  "begin" : 330,  "end" : 331 }, 
        {"sofa" : 12,  "begin" : 332,  "end" : 335 }, 
        {"sofa" : 12,  "begin" : 336,  "end" : 344 }, 
        {"sofa" : 12,  "begin" : 345,  "end" : 349 }, 
        {"sofa" : 12,  "begin" : 350,  "end" : 357 }, 
        {"sofa" : 12,  "begin" : 358,  "end" : 359 }, 
        {"sofa" : 12,  "begin" : 360,  "end" : 363 }, 
        {"sofa" : 12,  "begin" : 364,  "end" : 366 }, 
        {"sofa" : 12,  "begin" : 367,  "end" : 368 }, 
        {"sofa" : 12,  "begin" : 369,  "end" : 370 }, 
        {"sofa" : 12,  "begin" : 371,  "end" : 374 }, 
        {"sofa" : 12,  "begin" : 375,  "end" : 380 }, 
        {"sofa" : 12,  "begin" : 381,  "end" : 391 }, 
        {"sofa" : 12,  "begin" : 392,  "end" : 394 }, 
        {"sofa" : 12,  "begin" : 395,  "end" : 405 }, 
        {"sofa" : 12,  "begin" : 406,  "end" : 407 }, 
        {"sofa" : 12,  "begin" : 409,  "end" : 415 }, 
        {"sofa" : 12,  "begin" : 416,  "end" : 419 }, 
        {"sofa" : 12,  "begin" : 420,  "end" : 428 }, 
        {"sofa" : 12,  "begin" : 429,  "end" : 430 }, 
        {"sofa" : 12,  "begin" : 431,  "end" : 434 }, 
        {"sofa" : 12,  "begin" : 435,  "end" : 437 }, 
        {"sofa" : 12,  "begin" : 438,  "end" : 439 }, 
        {"sofa" : 12,  "begin" : 440,  "end" : 443 }, 
        {"sofa" : 12,  "begin" : 444,  "end" : 447 }, 
        {"sofa" : 12,  "begin" : 448,  "end" : 451 }, 
        {"sofa" : 12,  "begin" : 452,  "end" : 457 }, 
        {"sofa" : 12,  "begin" : 458,  "end" : 466 }, 
        {"sofa" : 12,  "begin" : 467,  "end" : 468 }, 
        {"sofa" : 12,  "begin" : 469,  "end" : 472 }, 
        {"sofa" : 12,  "begin" : 473,  "end" : 476 }, 
        {"sofa" : 12,  "begin" : 477,  "end" : 478 }, 
        {"sofa" : 12,  "begin" : 479,  "end" : 480 }, 
        {"sofa" : 12,  "begin" : 481,  "end" : 484 }, 
        {"sofa" : 12,  "begin" : 485,  "end" : 486 }, 
        {"sofa" : 12,  "begin" : 486,  "end" : 487 }, 
        {"sofa" : 12,  "begin" : 487,  "end" : 488 }, 
        {"sofa" : 12,  "begin" : 489,  "end" : 491 }, 
        {"sofa" : 12,  "begin" : 492,  "end" : 493 }, 
        {"sofa" : 12,  "begin" : 493,  "end" : 494 }, 
        {"sofa" : 12,  "begin" : 494,  "end" : 495 }, 
        {"sofa" : 12,  "begin" : 496,  "end" : 497 }, 
        {"sofa" : 12,  "begin" : 498,  "end" : 500 }, 
        {"sofa" : 12,  "begin" : 501,  "end" : 506 }, 
        {"sofa" : 12,  "begin" : 507,  "end" : 510 }, 
        {"sofa" : 12,  "begin" : 511,  "end" : 513 }, 
        {"sofa" : 12,  "begin" : 514,  "end" : 526 }, 
        {"sofa" : 12,  "begin" : 527,  "end" : 530 }, 
        {"sofa" : 12,  "begin" : 531,  "end" : 538 }, 
        {"sofa" : 12,  "begin" : 539,  "end" : 540 } ], 
      "Eventclauses" : [
        {"sofa" : 12,  "end" : 19,  "EventPolarity" : "EVE neutral",  "Prominence" : "Main" }, 
        {"sofa" : 12,  "begin" : 22,  "end" : 61,  "EventPolarity" : "EVE negative",  "Prominence" : "Background" }, 
        {"sofa" : 12,  "begin" : 72,  "end" : 100,  "EventPolarity" : "EVE positive",  "Prominence" : "Background" }, 
        {"sofa" : 12,  "begin" : 102,  "end" : 160,  "EventPolarity" : "EVE neutral",  "Prominence" : "Main" }, 
        {"sofa" : 12,  "begin" : 218,  "end" : 270,  "EventPolarity" : "EVE negative",  "Prominence" : "Background" }, 
        {"sofa" : 12,  "begin" : 409,  "end" : 447,  "EventPolarity" : "EVE positive",  "Prominence" : "Background" } ] } }, 
  "_referenced_fss" : {
    "12" : {"_type" : "Sofa",  "sofaNum" : 1,  "sofaID" : "_InitialView",  "mimeType" : "text",  "sofaString" : "Geen onderling duel : Greet Minnen verliest haar tweede ronde in Linz , Alison Van Uytvanck wint wel\n Er komt geen Belgische kwartfinale op het WTA 250 - toernooi in het Oostenrijkse Linz ( hardcourt / 235.238 dollar ) .\n Greet Minnen ( WTA 74 ) verloor in haar tweede ronde na één uur en zes minuten tennis in twee sets ( 6 - 1 en 6 - 2 ) van Danielle Rose Collins ( WTA 29 ) , het derde reekshoofd in Oostenrijk .\n Alison Van Uytvanck ( WTA 69 ) won wél van Lesia Tsurenko ( WTA 132 ) , met 6 - 0 en 6 - 2 , en wordt dus de tegenstander van Collins .\n " } } }
