{"_context" : {
    "_types" : {
      "DocumentMetaData" : {
        "_feature_types" : {"sofa" : "_ref" } }, 
      "Eventclauses" : {
        "_feature_types" : {"sofa" : "_ref",  "Arguments" : "_ref",  "Polarity" : "_ref",  "PolarityTrigger" : "_ref",  "Sameclause" : "_ref" } }, 
      "Sentence" : {
        "_feature_types" : {"sofa" : "_ref" } }, 
      "Sofa" : {
        "_feature_types" : {"sofaArray" : "_ref" } }, 
      "TagsetDescription" : {
        "_feature_types" : {"sofa" : "_ref",  "tags" : "_ref" } }, 
      "Token" : {
        "_feature_types" : {"sofa" : "_ref",  "parent" : "_ref",  "lemma" : "_ref",  "stem" : "_ref",  "pos" : "_ref",  "morph" : "_ref",  "form" : "_ref" } }, 
      "DocumentAnnotation" : {
        "_feature_types" : {"sofa" : "_ref" }, 
        "_subtypes" : ["DocumentMetaData" ] }, 
      "Annotation" : {
        "_feature_types" : {"sofa" : "_ref" }, 
        "_subtypes" : ["DocumentAnnotation",  "Eventclauses",  "Sentence",  "TagsetDescription",  "Token" ] }, 
      "AnnotationBase" : {
        "_feature_types" : {"sofa" : "_ref" }, 
        "_subtypes" : ["Annotation" ] }, 
      "TOP" : {
        "_subtypes" : ["AnnotationBase",  "Sofa" ] } } }, 
  "_views" : {
    "_InitialView" : {
      "DocumentMetaData" : [
        {"sofa" : 12,  "end" : 273,  "language" : "x-unspecified",  "documentTitle" : "1636557289576.txt",  "documentId" : "WoutBoven",  "documentUri" : "file:/export/repository/project/114/document/44425/source/WoutBoven",  "collectionId" : "file:/export/repository/project/114/document/44425/source/",  "documentBaseUri" : "file:/export/repository/project/114/document/44425/source/",  "isLastSegment" : false } ], 
      "TagsetDescription" : [
        {"sofa" : 12,  "layer" : "de.tudarmstadt.ukp.dkpro.core.api.syntax.type.dependency.Dependency",  "name" : "UD Universal Dependencies",  "input" : false }, 
        {"sofa" : 12,  "layer" : "webanno.custom.Entities",  "name" : "Entity - mention level types",  "input" : false }, 
        {"sofa" : 12,  "layer" : "webanno.custom.Eventclauses",  "name" : "Event - tense",  "input" : false }, 
        {"sofa" : 12,  "layer" : "webanno.custom.Eventsarguments",  "name" : "eventdna_argument_entities_(auto)",  "input" : false }, 
        {"sofa" : 12,  "layer" : "webanno.custom.Namedentities",  "name" : "NE types",  "input" : false }, 
        {"sofa" : 12,  "layer" : "webanno.custom.EntitiesLETSpreanno",  "name" : "Named entity - types",  "input" : false }, 
        {"sofa" : 12,  "layer" : "de.tudarmstadt.ukp.dkpro.core.api.transform.type.SofaChangeAnnotation",  "name" : "Operation",  "input" : false }, 
        {"sofa" : 12,  "layer" : "de.tudarmstadt.ukp.dkpro.core.api.lexmorph.type.pos.POS",  "name" : "UD Universal POS tags",  "input" : false }, 
        {"sofa" : 12,  "layer" : "webanno.custom.Polaritytriggers",  "name" : "Polarity",  "input" : false }, 
        {"sofa" : 12,  "layer" : "de.tudarmstadt.ukp.dkpro.core.api.segmentation.type.SurfaceForm",  "name" : "Named Entity tags",  "input" : false } ], 
      "Sentence" : [
        {"sofa" : 12,  "end" : 80 }, 
        {"sofa" : 12,  "begin" : 82,  "end" : 271 } ], 
      "Token" : [
        {"sofa" : 12,  "end" : 10 }, 
        {"sofa" : 12,  "begin" : 11,  "end" : 13 }, 
        {"sofa" : 12,  "begin" : 14,  "end" : 23 }, 
        {"sofa" : 12,  "begin" : 24,  "end" : 25 }, 
        {"sofa" : 12,  "begin" : 26,  "end" : 28 }, 
        {"sofa" : 12,  "begin" : 29,  "end" : 33 }, 
        {"sofa" : 12,  "begin" : 34,  "end" : 42 }, 
        {"sofa" : 12,  "begin" : 43,  "end" : 53 }, 
        {"sofa" : 12,  "begin" : 54,  "end" : 57 }, 
        {"sofa" : 12,  "begin" : 58,  "end" : 61 }, 
        {"sofa" : 12,  "begin" : 62,  "end" : 67 }, 
        {"sofa" : 12,  "begin" : 68,  "end" : 71 }, 
        {"sofa" : 12,  "begin" : 72,  "end" : 75 }, 
        {"sofa" : 12,  "begin" : 76,  "end" : 80 }, 
        {"sofa" : 12,  "begin" : 82,  "end" : 90 }, 
        {"sofa" : 12,  "begin" : 91,  "end" : 93 }, 
        {"sofa" : 12,  "begin" : 94,  "end" : 103 }, 
        {"sofa" : 12,  "begin" : 104,  "end" : 109 }, 
        {"sofa" : 12,  "begin" : 110,  "end" : 120 }, 
        {"sofa" : 12,  "begin" : 121,  "end" : 123 }, 
        {"sofa" : 12,  "begin" : 124,  "end" : 128 }, 
        {"sofa" : 12,  "begin" : 129,  "end" : 138 }, 
        {"sofa" : 12,  "begin" : 139,  "end" : 140 }, 
        {"sofa" : 12,  "begin" : 141,  "end" : 145 }, 
        {"sofa" : 12,  "begin" : 146,  "end" : 148 }, 
        {"sofa" : 12,  "begin" : 149,  "end" : 154 }, 
        {"sofa" : 12,  "begin" : 155,  "end" : 158 }, 
        {"sofa" : 12,  "begin" : 159,  "end" : 163 }, 
        {"sofa" : 12,  "begin" : 164,  "end" : 165 }, 
        {"sofa" : 12,  "begin" : 166,  "end" : 169 }, 
        {"sofa" : 12,  "begin" : 170,  "end" : 183 }, 
        {"sofa" : 12,  "begin" : 184,  "end" : 188 }, 
        {"sofa" : 12,  "begin" : 189,  "end" : 199 }, 
        {"sofa" : 12,  "begin" : 200,  "end" : 202 }, 
        {"sofa" : 12,  "begin" : 203,  "end" : 213 }, 
        {"sofa" : 12,  "begin" : 214,  "end" : 215 }, 
        {"sofa" : 12,  "begin" : 216,  "end" : 221 }, 
        {"sofa" : 12,  "begin" : 222,  "end" : 225 }, 
        {"sofa" : 12,  "begin" : 226,  "end" : 228 }, 
        {"sofa" : 12,  "begin" : 229,  "end" : 231 }, 
        {"sofa" : 12,  "begin" : 232,  "end" : 236 }, 
        {"sofa" : 12,  "begin" : 237,  "end" : 245 }, 
        {"sofa" : 12,  "begin" : 246,  "end" : 250 }, 
        {"sofa" : 12,  "begin" : 251,  "end" : 259 }, 
        {"sofa" : 12,  "begin" : 260,  "end" : 262 }, 
        {"sofa" : 12,  "begin" : 263,  "end" : 269 }, 
        {"sofa" : 12,  "begin" : 270,  "end" : 271 } ], 
      "Eventclauses" : [
        {"sofa" : 12,  "begin" : 26,  "end" : 80,  "EventPolarity" : "EVE neutral",  "Prominence" : "Main" }, 
        {"sofa" : 12,  "begin" : 146,  "end" : 228,  "EventPolarity" : "EVE neutral",  "Prominence" : "Background" }, 
        {"sofa" : 12,  "begin" : 229,  "end" : 269,  "EventPolarity" : "EVE neutral",  "Prominence" : "Main" } ] } }, 
  "_referenced_fss" : {
    "12" : {"_type" : "Sofa",  "sofaNum" : 1,  "sofaID" : "_InitialView",  "mimeType" : "text",  "sofaString" : "Werkgevers en vakbonden : Zo veel mogelijk telewerken tot het einde van het jaar\n Telewerk is wettelijk enkel aanbevolen en niet verplicht , maar de groep van Tien - het overlegorgaan voor werkgevers en werknemers - roept wel op om waar mogelijk voor telewerk te kiezen .\n " } } }