{"_context" : {
    "_types" : {
      "DocumentMetaData" : {
        "_feature_types" : {"sofa" : "_ref" } }, 
      "Eventclauses" : {
        "_feature_types" : {"sofa" : "_ref",  "Arguments" : "_ref",  "Polarity" : "_ref",  "PolarityTrigger" : "_ref",  "Sameclause" : "_ref" } }, 
      "Sentence" : {
        "_feature_types" : {"sofa" : "_ref" } }, 
      "Sofa" : {
        "_feature_types" : {"sofaArray" : "_ref" } }, 
      "TagsetDescription" : {
        "_feature_types" : {"sofa" : "_ref",  "tags" : "_ref" } }, 
      "Token" : {
        "_feature_types" : {"sofa" : "_ref",  "parent" : "_ref",  "lemma" : "_ref",  "stem" : "_ref",  "pos" : "_ref",  "morph" : "_ref",  "form" : "_ref" } }, 
      "DocumentAnnotation" : {
        "_feature_types" : {"sofa" : "_ref" }, 
        "_subtypes" : ["DocumentMetaData" ] }, 
      "Annotation" : {
        "_feature_types" : {"sofa" : "_ref" }, 
        "_subtypes" : ["DocumentAnnotation",  "Eventclauses",  "Sentence",  "TagsetDescription",  "Token" ] }, 
      "AnnotationBase" : {
        "_feature_types" : {"sofa" : "_ref" }, 
        "_subtypes" : ["Annotation" ] }, 
      "TOP" : {
        "_subtypes" : ["AnnotationBase",  "Sofa" ] } } }, 
  "_views" : {
    "_InitialView" : {
      "DocumentMetaData" : [
        {"sofa" : 12,  "end" : 217,  "language" : "x-unspecified",  "documentTitle" : "1636552377470.txt",  "documentId" : "WoutBoven",  "documentUri" : "file:/export/repository/project/114/document/44426/source/WoutBoven",  "collectionId" : "file:/export/repository/project/114/document/44426/source/",  "documentBaseUri" : "file:/export/repository/project/114/document/44426/source/",  "isLastSegment" : false } ], 
      "TagsetDescription" : [
        {"sofa" : 12,  "layer" : "de.tudarmstadt.ukp.dkpro.core.api.syntax.type.dependency.Dependency",  "name" : "UD Universal Dependencies",  "input" : false }, 
        {"sofa" : 12,  "layer" : "webanno.custom.Entities",  "name" : "Entity - mention level types",  "input" : false }, 
        {"sofa" : 12,  "layer" : "webanno.custom.Eventclauses",  "name" : "Event - tense",  "input" : false }, 
        {"sofa" : 12,  "layer" : "webanno.custom.Eventsarguments",  "name" : "eventdna_argument_entities_(auto)",  "input" : false }, 
        {"sofa" : 12,  "layer" : "webanno.custom.Namedentities",  "name" : "NE types",  "input" : false }, 
        {"sofa" : 12,  "layer" : "webanno.custom.EntitiesLETSpreanno",  "name" : "Named entity - types",  "input" : false }, 
        {"sofa" : 12,  "layer" : "de.tudarmstadt.ukp.dkpro.core.api.transform.type.SofaChangeAnnotation",  "name" : "Operation",  "input" : false }, 
        {"sofa" : 12,  "layer" : "de.tudarmstadt.ukp.dkpro.core.api.lexmorph.type.pos.POS",  "name" : "UD Universal POS tags",  "input" : false }, 
        {"sofa" : 12,  "layer" : "webanno.custom.Polaritytriggers",  "name" : "Polarity",  "input" : false }, 
        {"sofa" : 12,  "layer" : "de.tudarmstadt.ukp.dkpro.core.api.segmentation.type.SurfaceForm",  "name" : "Named Entity tags",  "input" : false } ], 
      "Sentence" : [
        {"sofa" : 12,  "end" : 59 }, 
        {"sofa" : 12,  "begin" : 61,  "end" : 150 }, 
        {"sofa" : 12,  "begin" : 152,  "end" : 179 }, 
        {"sofa" : 12,  "begin" : 181,  "end" : 215 } ], 
      "Token" : [
        {"sofa" : 12,  "end" : 7 }, 
        {"sofa" : 12,  "begin" : 8,  "end" : 13 }, 
        {"sofa" : 12,  "begin" : 14,  "end" : 17 }, 
        {"sofa" : 12,  "begin" : 18,  "end" : 21 }, 
        {"sofa" : 12,  "begin" : 22,  "end" : 33 }, 
        {"sofa" : 12,  "begin" : 34,  "end" : 40 }, 
        {"sofa" : 12,  "begin" : 41,  "end" : 50 }, 
        {"sofa" : 12,  "begin" : 51,  "end" : 53 }, 
        {"sofa" : 12,  "begin" : 54,  "end" : 59 }, 
        {"sofa" : 12,  "begin" : 61,  "end" : 64 }, 
        {"sofa" : 12,  "begin" : 65,  "end" : 72 }, 
        {"sofa" : 12,  "begin" : 73,  "end" : 75 }, 
        {"sofa" : 12,  "begin" : 76,  "end" : 78 }, 
        {"sofa" : 12,  "begin" : 79,  "end" : 83 }, 
        {"sofa" : 12,  "begin" : 84,  "end" : 88 }, 
        {"sofa" : 12,  "begin" : 89,  "end" : 92 }, 
        {"sofa" : 12,  "begin" : 93,  "end" : 96 }, 
        {"sofa" : 12,  "begin" : 97,  "end" : 100 }, 
        {"sofa" : 12,  "begin" : 101,  "end" : 103 }, 
        {"sofa" : 12,  "begin" : 104,  "end" : 109 }, 
        {"sofa" : 12,  "begin" : 110,  "end" : 113 }, 
        {"sofa" : 12,  "begin" : 114,  "end" : 125 }, 
        {"sofa" : 12,  "begin" : 126,  "end" : 132 }, 
        {"sofa" : 12,  "begin" : 133,  "end" : 138 }, 
        {"sofa" : 12,  "begin" : 139,  "end" : 148 }, 
        {"sofa" : 12,  "begin" : 149,  "end" : 150 }, 
        {"sofa" : 12,  "begin" : 152,  "end" : 155 }, 
        {"sofa" : 12,  "begin" : 156,  "end" : 164 }, 
        {"sofa" : 12,  "begin" : 165,  "end" : 171 }, 
        {"sofa" : 12,  "begin" : 172,  "end" : 177 }, 
        {"sofa" : 12,  "begin" : 178,  "end" : 179 }, 
        {"sofa" : 12,  "begin" : 181,  "end" : 183 }, 
        {"sofa" : 12,  "begin" : 184,  "end" : 186 }, 
        {"sofa" : 12,  "begin" : 187,  "end" : 189 }, 
        {"sofa" : 12,  "begin" : 190,  "end" : 193 }, 
        {"sofa" : 12,  "begin" : 194,  "end" : 203 }, 
        {"sofa" : 12,  "begin" : 204,  "end" : 213 }, 
        {"sofa" : 12,  "begin" : 214,  "end" : 215 } ], 
      "Eventclauses" : [
        {"sofa" : 12,  "end" : 59,  "EventPolarity" : "EVE negative",  "Prominence" : "Main" }, 
        {"sofa" : 12,  "begin" : 61,  "end" : 148,  "EventPolarity" : "EVE negative",  "Prominence" : "Main" }, 
        {"sofa" : 12,  "begin" : 181,  "end" : 213,  "EventPolarity" : "EVE neutral",  "Prominence" : "Background" } ] } }, 
  "_referenced_fss" : {
    "12" : {"_type" : "Sofa",  "sofaNum" : 1,  "sofaID" : "_InitialView",  "mimeType" : "text",  "sofaString" : "Gerecht zoekt man die minderjarig meisje aanrandde in Temse\n Het gerecht is op zoek naar een man die in Temse een minderjarig meisje heeft aangerand .\n Dat gebeurde vorige maand .\n Nu is er een robotfoto verspreid .\n " } } }