{"_context" : {
    "_types" : {
      "DocumentMetaData" : {
        "_feature_types" : {"sofa" : "_ref" } }, 
      "Eventclauses" : {
        "_feature_types" : {"sofa" : "_ref",  "Arguments" : "_ref",  "Polarity" : "_ref",  "PolarityTrigger" : "_ref",  "Sameclause" : "_ref" } }, 
      "Sentence" : {
        "_feature_types" : {"sofa" : "_ref" } }, 
      "Sofa" : {
        "_feature_types" : {"sofaArray" : "_ref" } }, 
      "TagsetDescription" : {
        "_feature_types" : {"sofa" : "_ref",  "tags" : "_ref" } }, 
      "Token" : {
        "_feature_types" : {"sofa" : "_ref",  "parent" : "_ref",  "lemma" : "_ref",  "stem" : "_ref",  "pos" : "_ref",  "morph" : "_ref",  "form" : "_ref" } }, 
      "DocumentAnnotation" : {
        "_feature_types" : {"sofa" : "_ref" }, 
        "_subtypes" : ["DocumentMetaData" ] }, 
      "Annotation" : {
        "_feature_types" : {"sofa" : "_ref" }, 
        "_subtypes" : ["DocumentAnnotation",  "Eventclauses",  "Sentence",  "TagsetDescription",  "Token" ] }, 
      "AnnotationBase" : {
        "_feature_types" : {"sofa" : "_ref" }, 
        "_subtypes" : ["Annotation" ] }, 
      "TOP" : {
        "_subtypes" : ["AnnotationBase",  "Sofa" ] } } }, 
  "_views" : {
    "_InitialView" : {
      "DocumentMetaData" : [
        {"sofa" : 12,  "end" : 586,  "language" : "x-unspecified",  "documentTitle" : "1636357859868.txt",  "documentId" : "WoutBoven",  "documentUri" : "file:/export/repository/project/114/document/44431/source/WoutBoven",  "collectionId" : "file:/export/repository/project/114/document/44431/source/",  "documentBaseUri" : "file:/export/repository/project/114/document/44431/source/",  "isLastSegment" : false } ], 
      "TagsetDescription" : [
        {"sofa" : 12,  "layer" : "de.tudarmstadt.ukp.dkpro.core.api.syntax.type.dependency.Dependency",  "name" : "UD Universal Dependencies",  "input" : false }, 
        {"sofa" : 12,  "layer" : "webanno.custom.Entities",  "name" : "Entity - mention level types",  "input" : false }, 
        {"sofa" : 12,  "layer" : "webanno.custom.Eventclauses",  "name" : "Event - tense",  "input" : false }, 
        {"sofa" : 12,  "layer" : "webanno.custom.Eventsarguments",  "name" : "eventdna_argument_entities_(auto)",  "input" : false }, 
        {"sofa" : 12,  "layer" : "webanno.custom.Namedentities",  "name" : "NE types",  "input" : false }, 
        {"sofa" : 12,  "layer" : "webanno.custom.EntitiesLETSpreanno",  "name" : "Named entity - types",  "input" : false }, 
        {"sofa" : 12,  "layer" : "de.tudarmstadt.ukp.dkpro.core.api.transform.type.SofaChangeAnnotation",  "name" : "Operation",  "input" : false }, 
        {"sofa" : 12,  "layer" : "de.tudarmstadt.ukp.dkpro.core.api.lexmorph.type.pos.POS",  "name" : "UD Universal POS tags",  "input" : false }, 
        {"sofa" : 12,  "layer" : "webanno.custom.Polaritytriggers",  "name" : "Polarity",  "input" : false }, 
        {"sofa" : 12,  "layer" : "de.tudarmstadt.ukp.dkpro.core.api.segmentation.type.SurfaceForm",  "name" : "Named Entity tags",  "input" : false } ], 
      "Sentence" : [
        {"sofa" : 12,  "end" : 100 }, 
        {"sofa" : 12,  "begin" : 102,  "end" : 184 }, 
        {"sofa" : 12,  "begin" : 186,  "end" : 419 }, 
        {"sofa" : 12,  "begin" : 421,  "end" : 485 }, 
        {"sofa" : 12,  "begin" : 487,  "end" : 584 } ], 
      "Token" : [
        {"sofa" : 12,  "end" : 10 }, 
        {"sofa" : 12,  "begin" : 11,  "end" : 16 }, 
        {"sofa" : 12,  "begin" : 17,  "end" : 21 }, 
        {"sofa" : 12,  "begin" : 22,  "end" : 24 }, 
        {"sofa" : 12,  "begin" : 25,  "end" : 27 }, 
        {"sofa" : 12,  "begin" : 28,  "end" : 29 }, 
        {"sofa" : 12,  "begin" : 30,  "end" : 42 }, 
        {"sofa" : 12,  "begin" : 43,  "end" : 45 }, 
        {"sofa" : 12,  "begin" : 46,  "end" : 53 }, 
        {"sofa" : 12,  "begin" : 54,  "end" : 55 }, 
        {"sofa" : 12,  "begin" : 56,  "end" : 57 }, 
        {"sofa" : 12,  "begin" : 58,  "end" : 67 }, 
        {"sofa" : 12,  "begin" : 68,  "end" : 74 }, 
        {"sofa" : 12,  "begin" : 75,  "end" : 81 }, 
        {"sofa" : 12,  "begin" : 82,  "end" : 85 }, 
        {"sofa" : 12,  "begin" : 86,  "end" : 90 }, 
        {"sofa" : 12,  "begin" : 91,  "end" : 100 }, 
        {"sofa" : 12,  "begin" : 102,  "end" : 109 }, 
        {"sofa" : 12,  "begin" : 110,  "end" : 115 }, 
        {"sofa" : 12,  "begin" : 116,  "end" : 118 }, 
        {"sofa" : 12,  "begin" : 119,  "end" : 127 }, 
        {"sofa" : 12,  "begin" : 128,  "end" : 137 }, 
        {"sofa" : 12,  "begin" : 138,  "end" : 140 }, 
        {"sofa" : 12,  "begin" : 141,  "end" : 151 }, 
        {"sofa" : 12,  "begin" : 152,  "end" : 154 }, 
        {"sofa" : 12,  "begin" : 155,  "end" : 162 }, 
        {"sofa" : 12,  "begin" : 163,  "end" : 168 }, 
        {"sofa" : 12,  "begin" : 169,  "end" : 172 }, 
        {"sofa" : 12,  "begin" : 173,  "end" : 182 }, 
        {"sofa" : 12,  "begin" : 183,  "end" : 184 }, 
        {"sofa" : 12,  "begin" : 186,  "end" : 189 }, 
        {"sofa" : 12,  "begin" : 190,  "end" : 198 }, 
        {"sofa" : 12,  "begin" : 199,  "end" : 202 }, 
        {"sofa" : 12,  "begin" : 203,  "end" : 209 }, 
        {"sofa" : 12,  "begin" : 210,  "end" : 211 }, 
        {"sofa" : 12,  "begin" : 212,  "end" : 220 }, 
        {"sofa" : 12,  "begin" : 221,  "end" : 222 }, 
        {"sofa" : 12,  "begin" : 223,  "end" : 236 }, 
        {"sofa" : 12,  "begin" : 237,  "end" : 254 }, 
        {"sofa" : 12,  "begin" : 255,  "end" : 256 }, 
        {"sofa" : 12,  "begin" : 257,  "end" : 268 }, 
        {"sofa" : 12,  "begin" : 269,  "end" : 272 }, 
        {"sofa" : 12,  "begin" : 273,  "end" : 277 }, 
        {"sofa" : 12,  "begin" : 278,  "end" : 281 }, 
        {"sofa" : 12,  "begin" : 282,  "end" : 284 }, 
        {"sofa" : 12,  "begin" : 285,  "end" : 295 }, 
        {"sofa" : 12,  "begin" : 296,  "end" : 298 }, 
        {"sofa" : 12,  "begin" : 299,  "end" : 311 }, 
        {"sofa" : 12,  "begin" : 312,  "end" : 317 }, 
        {"sofa" : 12,  "begin" : 318,  "end" : 330 }, 
        {"sofa" : 12,  "begin" : 331,  "end" : 335 }, 
        {"sofa" : 12,  "begin" : 336,  "end" : 340 }, 
        {"sofa" : 12,  "begin" : 341,  "end" : 345 }, 
        {"sofa" : 12,  "begin" : 346,  "end" : 353 }, 
        {"sofa" : 12,  "begin" : 354,  "end" : 357 }, 
        {"sofa" : 12,  "begin" : 358,  "end" : 362 }, 
        {"sofa" : 12,  "begin" : 363,  "end" : 375 }, 
        {"sofa" : 12,  "begin" : 376,  "end" : 381 }, 
        {"sofa" : 12,  "begin" : 382,  "end" : 385 }, 
        {"sofa" : 12,  "begin" : 386,  "end" : 397 }, 
        {"sofa" : 12,  "begin" : 398,  "end" : 400 }, 
        {"sofa" : 12,  "begin" : 401,  "end" : 404 }, 
        {"sofa" : 12,  "begin" : 405,  "end" : 412 }, 
        {"sofa" : 12,  "begin" : 413,  "end" : 417 }, 
        {"sofa" : 12,  "begin" : 418,  "end" : 419 }, 
        {"sofa" : 12,  "begin" : 421,  "end" : 423 }, 
        {"sofa" : 12,  "begin" : 424,  "end" : 434 }, 
        {"sofa" : 12,  "begin" : 435,  "end" : 438 }, 
        {"sofa" : 12,  "begin" : 439,  "end" : 441 }, 
        {"sofa" : 12,  "begin" : 442,  "end" : 448 }, 
        {"sofa" : 12,  "begin" : 449,  "end" : 454 }, 
        {"sofa" : 12,  "begin" : 455,  "end" : 463 }, 
        {"sofa" : 12,  "begin" : 464,  "end" : 467 }, 
        {"sofa" : 12,  "begin" : 468,  "end" : 476 }, 
        {"sofa" : 12,  "begin" : 477,  "end" : 483 }, 
        {"sofa" : 12,  "begin" : 484,  "end" : 485 }, 
        {"sofa" : 12,  "begin" : 487,  "end" : 489 }, 
        {"sofa" : 12,  "begin" : 490,  "end" : 494 }, 
        {"sofa" : 12,  "begin" : 495,  "end" : 497 }, 
        {"sofa" : 12,  "begin" : 498,  "end" : 502 }, 
        {"sofa" : 12,  "begin" : 503,  "end" : 506 }, 
        {"sofa" : 12,  "begin" : 507,  "end" : 509 }, 
        {"sofa" : 12,  "begin" : 510,  "end" : 516 }, 
        {"sofa" : 12,  "begin" : 517,  "end" : 524 }, 
        {"sofa" : 12,  "begin" : 525,  "end" : 532 }, 
        {"sofa" : 12,  "begin" : 533,  "end" : 535 }, 
        {"sofa" : 12,  "begin" : 536,  "end" : 543 }, 
        {"sofa" : 12,  "begin" : 544,  "end" : 545 }, 
        {"sofa" : 12,  "begin" : 546,  "end" : 549 }, 
        {"sofa" : 12,  "begin" : 550,  "end" : 562 }, 
        {"sofa" : 12,  "begin" : 563,  "end" : 565 }, 
        {"sofa" : 12,  "begin" : 566,  "end" : 573 }, 
        {"sofa" : 12,  "begin" : 574,  "end" : 582 }, 
        {"sofa" : 12,  "begin" : 583,  "end" : 584 } ], 
      "Eventclauses" : [
        {"sofa" : 12,  "end" : 55,  "EventPolarity" : "EVE neutral",  "Prominence" : "Main" }, 
        {"sofa" : 12,  "begin" : 58,  "end" : 100,  "EventPolarity" : "EVE negative",  "Prominence" : "Background" }, 
        {"sofa" : 12,  "begin" : 102,  "end" : 182,  "EventPolarity" : "EVE neutral",  "Prominence" : "Main" } ] } }, 
  "_referenced_fss" : {
    "12" : {"_type" : "Sofa",  "sofaNum" : 1,  "sofaID" : "_InitialView",  "mimeType" : "text",  "sofaString" : "Oostenrijk stapt over op 2G ( gevaccineerd of genezen ) , strengere regels gelden ook voor toeristen\n Vandaag wordt de 2G-regel ingevoerd in Oostenrijk en sommige delen van Duitsland .\n Dat betekent dat horeca , theaters , verschillende sportactiviteiten , evenementen met meer dan 25 aanwezigen en kapperszaken enkel toegankelijk zijn voor voor burgers die zijn gevaccineerd tegen het coronavirus óf die genezen zijn .\n In Oostenrijk zal de nieuwe regel minstens tot Kerstmis gelden .\n De naam 2G komt van de Duitse woorden geimpft en genesen , wat gevaccineerd en genezen betekent .\n " } } }