{"_context" : {
    "_types" : {
      "DocumentMetaData" : {
        "_feature_types" : {"sofa" : "_ref" } }, 
      "Eventclauses" : {
        "_feature_types" : {"sofa" : "_ref",  "Arguments" : "_ref",  "Polarity" : "_ref",  "PolarityTrigger" : "_ref",  "Sameclause" : "_ref" } }, 
      "Sentence" : {
        "_feature_types" : {"sofa" : "_ref" } }, 
      "Sofa" : {
        "_feature_types" : {"sofaArray" : "_ref" } }, 
      "TagsetDescription" : {
        "_feature_types" : {"sofa" : "_ref",  "tags" : "_ref" } }, 
      "Token" : {
        "_feature_types" : {"sofa" : "_ref",  "parent" : "_ref",  "lemma" : "_ref",  "stem" : "_ref",  "pos" : "_ref",  "morph" : "_ref",  "form" : "_ref" } }, 
      "DocumentAnnotation" : {
        "_feature_types" : {"sofa" : "_ref" }, 
        "_subtypes" : ["DocumentMetaData" ] }, 
      "Annotation" : {
        "_feature_types" : {"sofa" : "_ref" }, 
        "_subtypes" : ["DocumentAnnotation",  "Eventclauses",  "Sentence",  "TagsetDescription",  "Token" ] }, 
      "AnnotationBase" : {
        "_feature_types" : {"sofa" : "_ref" }, 
        "_subtypes" : ["Annotation" ] }, 
      "TOP" : {
        "_subtypes" : ["AnnotationBase",  "Sofa" ] } } }, 
  "_views" : {
    "_InitialView" : {
      "DocumentMetaData" : [
        {"sofa" : 12,  "end" : 608,  "language" : "x-unspecified",  "documentTitle" : "1636534817946.txt",  "documentId" : "WoutBoven",  "documentUri" : "file:/export/repository/project/114/document/44428/source/WoutBoven",  "collectionId" : "file:/export/repository/project/114/document/44428/source/",  "documentBaseUri" : "file:/export/repository/project/114/document/44428/source/",  "isLastSegment" : false } ], 
      "TagsetDescription" : [
        {"sofa" : 12,  "layer" : "de.tudarmstadt.ukp.dkpro.core.api.syntax.type.dependency.Dependency",  "name" : "UD Universal Dependencies",  "input" : false }, 
        {"sofa" : 12,  "layer" : "webanno.custom.Entities",  "name" : "Entity - mention level types",  "input" : false }, 
        {"sofa" : 12,  "layer" : "webanno.custom.Eventclauses",  "name" : "Event - tense",  "input" : false }, 
        {"sofa" : 12,  "layer" : "webanno.custom.Eventsarguments",  "name" : "eventdna_argument_entities_(auto)",  "input" : false }, 
        {"sofa" : 12,  "layer" : "webanno.custom.Namedentities",  "name" : "NE types",  "input" : false }, 
        {"sofa" : 12,  "layer" : "webanno.custom.EntitiesLETSpreanno",  "name" : "Named entity - types",  "input" : false }, 
        {"sofa" : 12,  "layer" : "de.tudarmstadt.ukp.dkpro.core.api.transform.type.SofaChangeAnnotation",  "name" : "Operation",  "input" : false }, 
        {"sofa" : 12,  "layer" : "de.tudarmstadt.ukp.dkpro.core.api.lexmorph.type.pos.POS",  "name" : "UD Universal POS tags",  "input" : false }, 
        {"sofa" : 12,  "layer" : "webanno.custom.Polaritytriggers",  "name" : "Polarity",  "input" : false }, 
        {"sofa" : 12,  "layer" : "de.tudarmstadt.ukp.dkpro.core.api.segmentation.type.SurfaceForm",  "name" : "Named Entity tags",  "input" : false } ], 
      "Sentence" : [
        {"sofa" : 12,  "end" : 117 }, 
        {"sofa" : 12,  "begin" : 119,  "end" : 235 }, 
        {"sofa" : 12,  "begin" : 237,  "end" : 334 }, 
        {"sofa" : 12,  "begin" : 336,  "end" : 456 }, 
        {"sofa" : 12,  "begin" : 458,  "end" : 606 } ], 
      "Token" : [
        {"sofa" : 12,  "end" : 8 }, 
        {"sofa" : 12,  "begin" : 9,  "end" : 15 }, 
        {"sofa" : 12,  "begin" : 16,  "end" : 18 }, 
        {"sofa" : 12,  "begin" : 19,  "end" : 26 }, 
        {"sofa" : 12,  "begin" : 27,  "end" : 30 }, 
        {"sofa" : 12,  "begin" : 31,  "end" : 45 }, 
        {"sofa" : 12,  "begin" : 46,  "end" : 47 }, 
        {"sofa" : 12,  "begin" : 48,  "end" : 52 }, 
        {"sofa" : 12,  "begin" : 53,  "end" : 56 }, 
        {"sofa" : 12,  "begin" : 57,  "end" : 63 }, 
        {"sofa" : 12,  "begin" : 64,  "end" : 67 }, 
        {"sofa" : 12,  "begin" : 68,  "end" : 75 }, 
        {"sofa" : 12,  "begin" : 76,  "end" : 77 }, 
        {"sofa" : 12,  "begin" : 78,  "end" : 85 }, 
        {"sofa" : 12,  "begin" : 86,  "end" : 91 }, 
        {"sofa" : 12,  "begin" : 92,  "end" : 94 }, 
        {"sofa" : 12,  "begin" : 95,  "end" : 98 }, 
        {"sofa" : 12,  "begin" : 99,  "end" : 101 }, 
        {"sofa" : 12,  "begin" : 102,  "end" : 108 }, 
        {"sofa" : 12,  "begin" : 109,  "end" : 117 }, 
        {"sofa" : 12,  "begin" : 119,  "end" : 121 }, 
        {"sofa" : 12,  "begin" : 122,  "end" : 131 }, 
        {"sofa" : 12,  "begin" : 132,  "end" : 135 }, 
        {"sofa" : 12,  "begin" : 136,  "end" : 151 }, 
        {"sofa" : 12,  "begin" : 152,  "end" : 158 }, 
        {"sofa" : 12,  "begin" : 159,  "end" : 170 }, 
        {"sofa" : 12,  "begin" : 171,  "end" : 178 }, 
        {"sofa" : 12,  "begin" : 179,  "end" : 182 }, 
        {"sofa" : 12,  "begin" : 183,  "end" : 191 }, 
        {"sofa" : 12,  "begin" : 192,  "end" : 194 }, 
        {"sofa" : 12,  "begin" : 195,  "end" : 202 }, 
        {"sofa" : 12,  "begin" : 203,  "end" : 206 }, 
        {"sofa" : 12,  "begin" : 207,  "end" : 221 }, 
        {"sofa" : 12,  "begin" : 222,  "end" : 225 }, 
        {"sofa" : 12,  "begin" : 226,  "end" : 233 }, 
        {"sofa" : 12,  "begin" : 234,  "end" : 235 }, 
        {"sofa" : 12,  "begin" : 237,  "end" : 240 }, 
        {"sofa" : 12,  "begin" : 241,  "end" : 244 }, 
        {"sofa" : 12,  "begin" : 245,  "end" : 251 }, 
        {"sofa" : 12,  "begin" : 252,  "end" : 255 }, 
        {"sofa" : 12,  "begin" : 256,  "end" : 263 }, 
        {"sofa" : 12,  "begin" : 264,  "end" : 265 }, 
        {"sofa" : 12,  "begin" : 266,  "end" : 273 }, 
        {"sofa" : 12,  "begin" : 274,  "end" : 279 }, 
        {"sofa" : 12,  "begin" : 280,  "end" : 283 }, 
        {"sofa" : 12,  "begin" : 284,  "end" : 290 }, 
        {"sofa" : 12,  "begin" : 291,  "end" : 299 }, 
        {"sofa" : 12,  "begin" : 300,  "end" : 302 }, 
        {"sofa" : 12,  "begin" : 303,  "end" : 310 }, 
        {"sofa" : 12,  "begin" : 311,  "end" : 318 }, 
        {"sofa" : 12,  "begin" : 319,  "end" : 325 }, 
        {"sofa" : 12,  "begin" : 326,  "end" : 332 }, 
        {"sofa" : 12,  "begin" : 333,  "end" : 334 }, 
        {"sofa" : 12,  "begin" : 336,  "end" : 338 }, 
        {"sofa" : 12,  "begin" : 339,  "end" : 343 }, 
        {"sofa" : 12,  "begin" : 344,  "end" : 359 }, 
        {"sofa" : 12,  "begin" : 360,  "end" : 363 }, 
        {"sofa" : 12,  "begin" : 364,  "end" : 372 }, 
        {"sofa" : 12,  "begin" : 373,  "end" : 376 }, 
        {"sofa" : 12,  "begin" : 377,  "end" : 383 }, 
        {"sofa" : 12,  "begin" : 384,  "end" : 386 }, 
        {"sofa" : 12,  "begin" : 387,  "end" : 390 }, 
        {"sofa" : 12,  "begin" : 391,  "end" : 402 }, 
        {"sofa" : 12,  "begin" : 403,  "end" : 405 }, 
        {"sofa" : 12,  "begin" : 406,  "end" : 411 }, 
        {"sofa" : 12,  "begin" : 412,  "end" : 415 }, 
        {"sofa" : 12,  "begin" : 416,  "end" : 419 }, 
        {"sofa" : 12,  "begin" : 420,  "end" : 427 }, 
        {"sofa" : 12,  "begin" : 428,  "end" : 432 }, 
        {"sofa" : 12,  "begin" : 433,  "end" : 436 }, 
        {"sofa" : 12,  "begin" : 437,  "end" : 444 }, 
        {"sofa" : 12,  "begin" : 445,  "end" : 446 }, 
        {"sofa" : 12,  "begin" : 447,  "end" : 454 }, 
        {"sofa" : 12,  "begin" : 455,  "end" : 456 }, 
        {"sofa" : 12,  "begin" : 458,  "end" : 460 }, 
        {"sofa" : 12,  "begin" : 461,  "end" : 470 }, 
        {"sofa" : 12,  "begin" : 471,  "end" : 475 }, 
        {"sofa" : 12,  "begin" : 476,  "end" : 479 }, 
        {"sofa" : 12,  "begin" : 480,  "end" : 486 }, 
        {"sofa" : 12,  "begin" : 487,  "end" : 494 }, 
        {"sofa" : 12,  "begin" : 495,  "end" : 497 }, 
        {"sofa" : 12,  "begin" : 498,  "end" : 502 }, 
        {"sofa" : 12,  "begin" : 503,  "end" : 505 }, 
        {"sofa" : 12,  "begin" : 506,  "end" : 509 }, 
        {"sofa" : 12,  "begin" : 510,  "end" : 514 }, 
        {"sofa" : 12,  "begin" : 515,  "end" : 521 }, 
        {"sofa" : 12,  "begin" : 522,  "end" : 525 }, 
        {"sofa" : 12,  "begin" : 526,  "end" : 528 }, 
        {"sofa" : 12,  "begin" : 529,  "end" : 540 }, 
        {"sofa" : 12,  "begin" : 541,  "end" : 551 }, 
        {"sofa" : 12,  "begin" : 552,  "end" : 554 }, 
        {"sofa" : 12,  "begin" : 555,  "end" : 562 }, 
        {"sofa" : 12,  "begin" : 563,  "end" : 567 }, 
        {"sofa" : 12,  "begin" : 568,  "end" : 576 }, 
        {"sofa" : 12,  "begin" : 577,  "end" : 580 }, 
        {"sofa" : 12,  "begin" : 581,  "end" : 595 }, 
        {"sofa" : 12,  "begin" : 596,  "end" : 598 }, 
        {"sofa" : 12,  "begin" : 599,  "end" : 604 }, 
        {"sofa" : 12,  "begin" : 605,  "end" : 606 } ], 
      "Eventclauses" : [
        {"sofa" : 12,  "end" : 45,  "EventPolarity" : "EVE positive",  "Prominence" : "Main" }, 
        {"sofa" : 12,  "begin" : 48,  "end" : 117,  "EventPolarity" : "EVE positive",  "Prominence" : "Background" }, 
        {"sofa" : 12,  "begin" : 183,  "end" : 233,  "EventPolarity" : "EVE positive",  "Prominence" : "Main" }, 
        {"sofa" : 12,  "begin" : 237,  "end" : 332,  "EventPolarity" : "EVE positive",  "Prominence" : "Background" }, 
        {"sofa" : 12,  "begin" : 336,  "end" : 454,  "EventPolarity" : "EVE positive",  "Prominence" : "Background" }, 
        {"sofa" : 12,  "begin" : 458,  "end" : 604,  "EventPolarity" : "EVE positive",  "Prominence" : "Background" } ] } }, 
  "_referenced_fss" : {
    "12" : {"_type" : "Sofa",  "sofaNum" : 1,  "sofaID" : "_InitialView",  "mimeType" : "text",  "sofaString" : "Iedereen krijgt op termijn een herhalingsprik , voor wie vaccin van Johnson & Johnson kreeg is dat al midden december\n De ministers van Volksgezondheid hebben principieel beslist dat iedereen op termijn een herhalingsprik zal krijgen .\n Wie het vaccin van Johnson & Johnson kreeg zal midden december al opnieuw ingeënt kunnen worden .\n De Hoge Gezondheidsraad gaf gisteren het advies om een boosterprik te geven aan wie ingeënt werd met Johnson & Johnson .\n De ministers zijn dat advies gevolgd en gaan al een stap verder met de principiële beslissing om volgend jaar iedereen een herhalingsprik te geven .\n " } } }