{"_context" : {
    "_types" : {
      "DocumentMetaData" : {
        "_feature_types" : {"sofa" : "_ref" } }, 
      "Eventclauses" : {
        "_feature_types" : {"sofa" : "_ref",  "Arguments" : "_ref",  "Polarity" : "_ref",  "PolarityTrigger" : "_ref",  "Sameclause" : "_ref" } }, 
      "Sentence" : {
        "_feature_types" : {"sofa" : "_ref" } }, 
      "Sofa" : {
        "_feature_types" : {"sofaArray" : "_ref" } }, 
      "TagsetDescription" : {
        "_feature_types" : {"sofa" : "_ref",  "tags" : "_ref" } }, 
      "Token" : {
        "_feature_types" : {"sofa" : "_ref",  "parent" : "_ref",  "lemma" : "_ref",  "stem" : "_ref",  "pos" : "_ref",  "morph" : "_ref",  "form" : "_ref" } }, 
      "DocumentAnnotation" : {
        "_feature_types" : {"sofa" : "_ref" }, 
        "_subtypes" : ["DocumentMetaData" ] }, 
      "Annotation" : {
        "_feature_types" : {"sofa" : "_ref" }, 
        "_subtypes" : ["DocumentAnnotation",  "Eventclauses",  "Sentence",  "TagsetDescription",  "Token" ] }, 
      "AnnotationBase" : {
        "_feature_types" : {"sofa" : "_ref" }, 
        "_subtypes" : ["Annotation" ] }, 
      "TOP" : {
        "_subtypes" : ["AnnotationBase",  "Sofa" ] } } }, 
  "_views" : {
    "_InitialView" : {
      "DocumentMetaData" : [
        {"sofa" : 12,  "end" : 527,  "language" : "x-unspecified",  "documentTitle" : "1636358912497.txt",  "documentId" : "WoutBoven",  "documentUri" : "file:/export/repository/project/114/document/44430/source/WoutBoven",  "collectionId" : "file:/export/repository/project/114/document/44430/source/",  "documentBaseUri" : "file:/export/repository/project/114/document/44430/source/",  "isLastSegment" : false } ], 
      "TagsetDescription" : [
        {"sofa" : 12,  "layer" : "de.tudarmstadt.ukp.dkpro.core.api.syntax.type.dependency.Dependency",  "name" : "UD Universal Dependencies",  "input" : false }, 
        {"sofa" : 12,  "layer" : "webanno.custom.Entities",  "name" : "Entity - mention level types",  "input" : false }, 
        {"sofa" : 12,  "layer" : "webanno.custom.Eventclauses",  "name" : "Event - tense",  "input" : false }, 
        {"sofa" : 12,  "layer" : "webanno.custom.Eventsarguments",  "name" : "eventdna_argument_entities_(auto)",  "input" : false }, 
        {"sofa" : 12,  "layer" : "webanno.custom.Namedentities",  "name" : "NE types",  "input" : false }, 
        {"sofa" : 12,  "layer" : "webanno.custom.EntitiesLETSpreanno",  "name" : "Named entity - types",  "input" : false }, 
        {"sofa" : 12,  "layer" : "de.tudarmstadt.ukp.dkpro.core.api.transform.type.SofaChangeAnnotation",  "name" : "Operation",  "input" : false }, 
        {"sofa" : 12,  "layer" : "de.tudarmstadt.ukp.dkpro.core.api.lexmorph.type.pos.POS",  "name" : "UD Universal POS tags",  "input" : false }, 
        {"sofa" : 12,  "layer" : "webanno.custom.Polaritytriggers",  "name" : "Polarity",  "input" : false }, 
        {"sofa" : 12,  "layer" : "de.tudarmstadt.ukp.dkpro.core.api.segmentation.type.SurfaceForm",  "name" : "Named Entity tags",  "input" : false } ], 
      "Sentence" : [
        {"sofa" : 12,  "end" : 106 }, 
        {"sofa" : 12,  "begin" : 108,  "end" : 245 }, 
        {"sofa" : 12,  "begin" : 247,  "end" : 367 }, 
        {"sofa" : 12,  "begin" : 369,  "end" : 405 }, 
        {"sofa" : 12,  "begin" : 407,  "end" : 525 } ], 
      "Token" : [
        {"sofa" : 12,  "end" : 3 }, 
        {"sofa" : 12,  "begin" : 4,  "end" : 8 }, 
        {"sofa" : 12,  "begin" : 9,  "end" : 11 }, 
        {"sofa" : 12,  "begin" : 12,  "end" : 20 }, 
        {"sofa" : 12,  "begin" : 21,  "end" : 31 }, 
        {"sofa" : 12,  "begin" : 32,  "end" : 33 }, 
        {"sofa" : 12,  "begin" : 34,  "end" : 40 }, 
        {"sofa" : 12,  "begin" : 41,  "end" : 47 }, 
        {"sofa" : 12,  "begin" : 48,  "end" : 56 }, 
        {"sofa" : 12,  "begin" : 57,  "end" : 60 }, 
        {"sofa" : 12,  "begin" : 61,  "end" : 82 }, 
        {"sofa" : 12,  "begin" : 83,  "end" : 85 }, 
        {"sofa" : 12,  "begin" : 86,  "end" : 95 }, 
        {"sofa" : 12,  "begin" : 96,  "end" : 106 }, 
        {"sofa" : 12,  "begin" : 108,  "end" : 110 }, 
        {"sofa" : 12,  "begin" : 111,  "end" : 117 }, 
        {"sofa" : 12,  "begin" : 118,  "end" : 124 }, 
        {"sofa" : 12,  "begin" : 125,  "end" : 133 }, 
        {"sofa" : 12,  "begin" : 134,  "end" : 137 }, 
        {"sofa" : 12,  "begin" : 138,  "end" : 151 }, 
        {"sofa" : 12,  "begin" : 152,  "end" : 155 }, 
        {"sofa" : 12,  "begin" : 156,  "end" : 165 }, 
        {"sofa" : 12,  "begin" : 166,  "end" : 173 }, 
        {"sofa" : 12,  "begin" : 174,  "end" : 181 }, 
        {"sofa" : 12,  "begin" : 182,  "end" : 183 }, 
        {"sofa" : 12,  "begin" : 184,  "end" : 186 }, 
        {"sofa" : 12,  "begin" : 187,  "end" : 196 }, 
        {"sofa" : 12,  "begin" : 197,  "end" : 207 }, 
        {"sofa" : 12,  "begin" : 208,  "end" : 209 }, 
        {"sofa" : 12,  "begin" : 210,  "end" : 214 }, 
        {"sofa" : 12,  "begin" : 215,  "end" : 222 }, 
        {"sofa" : 12,  "begin" : 223,  "end" : 227 }, 
        {"sofa" : 12,  "begin" : 228,  "end" : 231 }, 
        {"sofa" : 12,  "begin" : 232,  "end" : 234 }, 
        {"sofa" : 12,  "begin" : 235,  "end" : 238 }, 
        {"sofa" : 12,  "begin" : 239,  "end" : 243 }, 
        {"sofa" : 12,  "begin" : 244,  "end" : 245 }, 
        {"sofa" : 12,  "begin" : 247,  "end" : 250 }, 
        {"sofa" : 12,  "begin" : 251,  "end" : 260 }, 
        {"sofa" : 12,  "begin" : 261,  "end" : 265 }, 
        {"sofa" : 12,  "begin" : 266,  "end" : 268 }, 
        {"sofa" : 12,  "begin" : 269,  "end" : 271 }, 
        {"sofa" : 12,  "begin" : 272,  "end" : 277 }, 
        {"sofa" : 12,  "begin" : 278,  "end" : 279 }, 
        {"sofa" : 12,  "begin" : 280,  "end" : 289 }, 
        {"sofa" : 12,  "begin" : 290,  "end" : 294 }, 
        {"sofa" : 12,  "begin" : 295,  "end" : 305 }, 
        {"sofa" : 12,  "begin" : 306,  "end" : 309 }, 
        {"sofa" : 12,  "begin" : 310,  "end" : 313 }, 
        {"sofa" : 12,  "begin" : 314,  "end" : 322 }, 
        {"sofa" : 12,  "begin" : 323,  "end" : 333 }, 
        {"sofa" : 12,  "begin" : 334,  "end" : 343 }, 
        {"sofa" : 12,  "begin" : 344,  "end" : 351 }, 
        {"sofa" : 12,  "begin" : 352,  "end" : 354 }, 
        {"sofa" : 12,  "begin" : 355,  "end" : 365 }, 
        {"sofa" : 12,  "begin" : 366,  "end" : 367 }, 
        {"sofa" : 12,  "begin" : 369,  "end" : 371 }, 
        {"sofa" : 12,  "begin" : 372,  "end" : 378 }, 
        {"sofa" : 12,  "begin" : 379,  "end" : 384 }, 
        {"sofa" : 12,  "begin" : 385,  "end" : 388 }, 
        {"sofa" : 12,  "begin" : 389,  "end" : 395 }, 
        {"sofa" : 12,  "begin" : 396,  "end" : 398 }, 
        {"sofa" : 12,  "begin" : 399,  "end" : 403 }, 
        {"sofa" : 12,  "begin" : 404,  "end" : 405 }, 
        {"sofa" : 12,  "begin" : 407,  "end" : 411 }, 
        {"sofa" : 12,  "begin" : 412,  "end" : 414 }, 
        {"sofa" : 12,  "begin" : 415,  "end" : 418 }, 
        {"sofa" : 12,  "begin" : 419,  "end" : 430 }, 
        {"sofa" : 12,  "begin" : 431,  "end" : 434 }, 
        {"sofa" : 12,  "begin" : 435,  "end" : 441 }, 
        {"sofa" : 12,  "begin" : 442,  "end" : 451 }, 
        {"sofa" : 12,  "begin" : 452,  "end" : 455 }, 
        {"sofa" : 12,  "begin" : 456,  "end" : 471 }, 
        {"sofa" : 12,  "begin" : 472,  "end" : 474 }, 
        {"sofa" : 12,  "begin" : 475,  "end" : 477 }, 
        {"sofa" : 12,  "begin" : 478,  "end" : 484 }, 
        {"sofa" : 12,  "begin" : 485,  "end" : 488 }, 
        {"sofa" : 12,  "begin" : 489,  "end" : 491 }, 
        {"sofa" : 12,  "begin" : 492,  "end" : 501 }, 
        {"sofa" : 12,  "begin" : 502,  "end" : 508 }, 
        {"sofa" : 12,  "begin" : 509,  "end" : 516 }, 
        {"sofa" : 12,  "begin" : 517,  "end" : 523 }, 
        {"sofa" : 12,  "begin" : 524,  "end" : 525 } ], 
      "Eventclauses" : [
        {"sofa" : 12,  "begin" : 12,  "end" : 31,  "EventPolarity" : "EVE neutral",  "Prominence" : "Main" }, 
        {"sofa" : 12,  "begin" : 34,  "end" : 106,  "EventPolarity" : "EVE negative",  "Prominence" : "Background" }, 
        {"sofa" : 12,  "begin" : 108,  "end" : 227,  "EventPolarity" : "EVE negative",  "Prominence" : "Background" } ] } }, 
  "_referenced_fss" : {
    "12" : {"_type" : "Sofa",  "sofaNum" : 1,  "sofaID" : "_InitialView",  "mimeType" : "text",  "sofaString" : "Vzw Fara na gevonden babylijkje : Eerste paniek opvangen bij tienerzwangerschappen is bijzonder belangrijk\n De eerste paniek opvangen van tienermeisjes die ongepland zwanger geraken , is bijzonder belangrijk , zegt Kirsten Elen van de vzw Fara .\n Die uitspraak deed ze op Radio 2 Antwerpen naar aanleiding van het gevonden babylijkje afgelopen weekend in Willebroek .\n De moeder bleek een tiener te zijn .\n Fara is een organisatie die mensen begeleidt bij zwangerschappen en de keuzes die er eventueel moeten gemaakt worden .\n " } } }