{"_context" : {
    "_types" : {
      "DocumentMetaData" : {
        "_feature_types" : {"sofa" : "_ref" } }, 
      "Eventclauses" : {
        "_feature_types" : {"sofa" : "_ref",  "Arguments" : "_ref",  "Polarity" : "_ref",  "PolarityTrigger" : "_ref",  "Sameclause" : "_ref" } }, 
      "Sentence" : {
        "_feature_types" : {"sofa" : "_ref" } }, 
      "Sofa" : {
        "_feature_types" : {"sofaArray" : "_ref" } }, 
      "TagsetDescription" : {
        "_feature_types" : {"sofa" : "_ref",  "tags" : "_ref" } }, 
      "Token" : {
        "_feature_types" : {"sofa" : "_ref",  "parent" : "_ref",  "lemma" : "_ref",  "stem" : "_ref",  "pos" : "_ref",  "morph" : "_ref",  "form" : "_ref" } }, 
      "DocumentAnnotation" : {
        "_feature_types" : {"sofa" : "_ref" }, 
        "_subtypes" : ["DocumentMetaData" ] }, 
      "Annotation" : {
        "_feature_types" : {"sofa" : "_ref" }, 
        "_subtypes" : ["DocumentAnnotation",  "Eventclauses",  "Sentence",  "TagsetDescription",  "Token" ] }, 
      "AnnotationBase" : {
        "_feature_types" : {"sofa" : "_ref" }, 
        "_subtypes" : ["Annotation" ] }, 
      "TOP" : {
        "_subtypes" : ["AnnotationBase",  "Sofa" ] } } }, 
  "_views" : {
    "_InitialView" : {
      "DocumentMetaData" : [
        {"sofa" : 12,  "end" : 379,  "language" : "x-unspecified",  "documentTitle" : "1636541456360.txt",  "documentId" : "WoutBoven",  "documentUri" : "file:/export/repository/project/114/document/44427/source/WoutBoven",  "collectionId" : "file:/export/repository/project/114/document/44427/source/",  "documentBaseUri" : "file:/export/repository/project/114/document/44427/source/",  "isLastSegment" : false } ], 
      "TagsetDescription" : [
        {"sofa" : 12,  "layer" : "de.tudarmstadt.ukp.dkpro.core.api.syntax.type.dependency.Dependency",  "name" : "UD Universal Dependencies",  "input" : false }, 
        {"sofa" : 12,  "layer" : "webanno.custom.Entities",  "name" : "Entity - mention level types",  "input" : false }, 
        {"sofa" : 12,  "layer" : "webanno.custom.Eventclauses",  "name" : "Event - tense",  "input" : false }, 
        {"sofa" : 12,  "layer" : "webanno.custom.Eventsarguments",  "name" : "eventdna_argument_entities_(auto)",  "input" : false }, 
        {"sofa" : 12,  "layer" : "webanno.custom.Namedentities",  "name" : "NE types",  "input" : false }, 
        {"sofa" : 12,  "layer" : "webanno.custom.EntitiesLETSpreanno",  "name" : "Named entity - types",  "input" : false }, 
        {"sofa" : 12,  "layer" : "de.tudarmstadt.ukp.dkpro.core.api.transform.type.SofaChangeAnnotation",  "name" : "Operation",  "input" : false }, 
        {"sofa" : 12,  "layer" : "de.tudarmstadt.ukp.dkpro.core.api.lexmorph.type.pos.POS",  "name" : "UD Universal POS tags",  "input" : false }, 
        {"sofa" : 12,  "layer" : "webanno.custom.Polaritytriggers",  "name" : "Polarity",  "input" : false }, 
        {"sofa" : 12,  "layer" : "de.tudarmstadt.ukp.dkpro.core.api.segmentation.type.SurfaceForm",  "name" : "Named Entity tags",  "input" : false } ], 
      "Sentence" : [
        {"sofa" : 12,  "end" : 73 }, 
        {"sofa" : 12,  "begin" : 75,  "end" : 253 }, 
        {"sofa" : 12,  "begin" : 255,  "end" : 377 } ], 
      "Token" : [
        {"sofa" : 12,  "end" : 3 }, 
        {"sofa" : 12,  "begin" : 4,  "end" : 15 }, 
        {"sofa" : 12,  "begin" : 16,  "end" : 20 }, 
        {"sofa" : 12,  "begin" : 21,  "end" : 23 }, 
        {"sofa" : 12,  "begin" : 24,  "end" : 33 }, 
        {"sofa" : 12,  "begin" : 34,  "end" : 35 }, 
        {"sofa" : 12,  "begin" : 36,  "end" : 38 }, 
        {"sofa" : 12,  "begin" : 39,  "end" : 50 }, 
        {"sofa" : 12,  "begin" : 51,  "end" : 58 }, 
        {"sofa" : 12,  "begin" : 59,  "end" : 73 }, 
        {"sofa" : 12,  "begin" : 75,  "end" : 77 }, 
        {"sofa" : 12,  "begin" : 78,  "end" : 87 }, 
        {"sofa" : 12,  "begin" : 88,  "end" : 90 }, 
        {"sofa" : 12,  "begin" : 91,  "end" : 93 }, 
        {"sofa" : 12,  "begin" : 94,  "end" : 98 }, 
        {"sofa" : 12,  "begin" : 99,  "end" : 107 }, 
        {"sofa" : 12,  "begin" : 108,  "end" : 119 }, 
        {"sofa" : 12,  "begin" : 120,  "end" : 125 }, 
        {"sofa" : 12,  "begin" : 126,  "end" : 134 }, 
        {"sofa" : 12,  "begin" : 135,  "end" : 138 }, 
        {"sofa" : 12,  "begin" : 139,  "end" : 149 }, 
        {"sofa" : 12,  "begin" : 150,  "end" : 165 }, 
        {"sofa" : 12,  "begin" : 166,  "end" : 169 }, 
        {"sofa" : 12,  "begin" : 170,  "end" : 173 }, 
        {"sofa" : 12,  "begin" : 174,  "end" : 180 }, 
        {"sofa" : 12,  "begin" : 181,  "end" : 183 }, 
        {"sofa" : 12,  "begin" : 184,  "end" : 194 }, 
        {"sofa" : 12,  "begin" : 195,  "end" : 198 }, 
        {"sofa" : 12,  "begin" : 199,  "end" : 201 }, 
        {"sofa" : 12,  "begin" : 202,  "end" : 211 }, 
        {"sofa" : 12,  "begin" : 212,  "end" : 213 }, 
        {"sofa" : 12,  "begin" : 214,  "end" : 216 }, 
        {"sofa" : 12,  "begin" : 217,  "end" : 228 }, 
        {"sofa" : 12,  "begin" : 229,  "end" : 236 }, 
        {"sofa" : 12,  "begin" : 237,  "end" : 251 }, 
        {"sofa" : 12,  "begin" : 252,  "end" : 253 }, 
        {"sofa" : 12,  "begin" : 255,  "end" : 260 }, 
        {"sofa" : 12,  "begin" : 261,  "end" : 262 }, 
        {"sofa" : 12,  "begin" : 263,  "end" : 268 }, 
        {"sofa" : 12,  "begin" : 269,  "end" : 271 }, 
        {"sofa" : 12,  "begin" : 272,  "end" : 277 }, 
        {"sofa" : 12,  "begin" : 278,  "end" : 281 }, 
        {"sofa" : 12,  "begin" : 282,  "end" : 283 }, 
        {"sofa" : 12,  "begin" : 284,  "end" : 294 }, 
        {"sofa" : 12,  "begin" : 295,  "end" : 296 }, 
        {"sofa" : 12,  "begin" : 297,  "end" : 305 }, 
        {"sofa" : 12,  "begin" : 306,  "end" : 312 }, 
        {"sofa" : 12,  "begin" : 313,  "end" : 315 }, 
        {"sofa" : 12,  "begin" : 316,  "end" : 321 }, 
        {"sofa" : 12,  "begin" : 322,  "end" : 328 }, 
        {"sofa" : 12,  "begin" : 329,  "end" : 332 }, 
        {"sofa" : 12,  "begin" : 333,  "end" : 338 }, 
        {"sofa" : 12,  "begin" : 339,  "end" : 343 }, 
        {"sofa" : 12,  "begin" : 344,  "end" : 347 }, 
        {"sofa" : 12,  "begin" : 348,  "end" : 356 }, 
        {"sofa" : 12,  "begin" : 357,  "end" : 360 }, 
        {"sofa" : 12,  "begin" : 361,  "end" : 375 }, 
        {"sofa" : 12,  "begin" : 376,  "end" : 377 } ], 
      "Eventclauses" : [
        {"sofa" : 12,  "end" : 33,  "EventPolarity" : "EVE positive",  "Prominence" : "Main" }, 
        {"sofa" : 12,  "begin" : 75,  "end" : 211,  "EventPolarity" : "EVE positive",  "Prominence" : "Background" }, 
        {"sofa" : 12,  "begin" : 255,  "end" : 294,  "EventPolarity" : "EVE positive",  "Prominence" : "Main" }, 
        {"sofa" : 12,  "begin" : 297,  "end" : 375,  "EventPolarity" : "EVE positive",  "Prominence" : "Background" } ] } }, 
  "_referenced_fss" : {
    "12" : {"_type" : "Sofa",  "sofaNum" : 1,  "sofaID" : "_InitialView",  "mimeType" : "text",  "sofaString" : "VRT topfavoriet voor de Oorkondes , de allereerste Vlaamse podcastprijzen\n De Standaard en de stad Oostende organiseren begin december een volwaardig podcastfestival met als climax de uitreiking van de Oorkondes , de allereerste Vlaamse podcastprijzen .\n Radio 1 spant de kroon met 4 nominaties , comedian Xander De Rycke krijgt een prijs voor z'n carrière als podcastpionier .\n " } } }