{"_context" : {
    "_types" : {
      "DocumentMetaData" : {
        "_feature_types" : {"sofa" : "_ref" } }, 
      "Eventclauses" : {
        "_feature_types" : {"sofa" : "_ref",  "Arguments" : "_ref",  "Polarity" : "_ref",  "PolarityTrigger" : "_ref",  "Sameclause" : "_ref" } }, 
      "Sentence" : {
        "_feature_types" : {"sofa" : "_ref" } }, 
      "Sofa" : {
        "_feature_types" : {"sofaArray" : "_ref" } }, 
      "TagsetDescription" : {
        "_feature_types" : {"sofa" : "_ref",  "tags" : "_ref" } }, 
      "Token" : {
        "_feature_types" : {"sofa" : "_ref",  "parent" : "_ref",  "lemma" : "_ref",  "stem" : "_ref",  "pos" : "_ref",  "morph" : "_ref",  "form" : "_ref" } }, 
      "DocumentAnnotation" : {
        "_feature_types" : {"sofa" : "_ref" }, 
        "_subtypes" : ["DocumentMetaData" ] }, 
      "Annotation" : {
        "_feature_types" : {"sofa" : "_ref" }, 
        "_subtypes" : ["DocumentAnnotation",  "Eventclauses",  "Sentence",  "TagsetDescription",  "Token" ] }, 
      "AnnotationBase" : {
        "_feature_types" : {"sofa" : "_ref" }, 
        "_subtypes" : ["Annotation" ] }, 
      "TOP" : {
        "_subtypes" : ["AnnotationBase",  "Sofa" ] } } }, 
  "_views" : {
    "_InitialView" : {
      "DocumentMetaData" : [
        {"sofa" : 12,  "end" : 444,  "language" : "x-unspecified",  "documentTitle" : "1637249807362.txt",  "documentId" : "WoutBoven",  "documentUri" : "file:/export/repository/project/114/document/44423/source/WoutBoven",  "collectionId" : "file:/export/repository/project/114/document/44423/source/",  "documentBaseUri" : "file:/export/repository/project/114/document/44423/source/",  "isLastSegment" : false } ], 
      "TagsetDescription" : [
        {"sofa" : 12,  "layer" : "de.tudarmstadt.ukp.dkpro.core.api.syntax.type.dependency.Dependency",  "name" : "UD Universal Dependencies",  "input" : false }, 
        {"sofa" : 12,  "layer" : "webanno.custom.Entities",  "name" : "Entity - mention level types",  "input" : false }, 
        {"sofa" : 12,  "layer" : "webanno.custom.Eventclauses",  "name" : "Event - tense",  "input" : false }, 
        {"sofa" : 12,  "layer" : "webanno.custom.Eventsarguments",  "name" : "eventdna_argument_entities_(auto)",  "input" : false }, 
        {"sofa" : 12,  "layer" : "webanno.custom.Namedentities",  "name" : "NE types",  "input" : false }, 
        {"sofa" : 12,  "layer" : "webanno.custom.EntitiesLETSpreanno",  "name" : "Named entity - types",  "input" : false }, 
        {"sofa" : 12,  "layer" : "de.tudarmstadt.ukp.dkpro.core.api.transform.type.SofaChangeAnnotation",  "name" : "Operation",  "input" : false }, 
        {"sofa" : 12,  "layer" : "de.tudarmstadt.ukp.dkpro.core.api.lexmorph.type.pos.POS",  "name" : "UD Universal POS tags",  "input" : false }, 
        {"sofa" : 12,  "layer" : "webanno.custom.Polaritytriggers",  "name" : "Polarity",  "input" : false }, 
        {"sofa" : 12,  "layer" : "de.tudarmstadt.ukp.dkpro.core.api.segmentation.type.SurfaceForm",  "name" : "Named Entity tags",  "input" : false } ], 
      "Sentence" : [
        {"sofa" : 12,  "end" : 104 }, 
        {"sofa" : 12,  "begin" : 106,  "end" : 215 }, 
        {"sofa" : 12,  "begin" : 217,  "end" : 269 }, 
        {"sofa" : 12,  "begin" : 271,  "end" : 442 } ], 
      "Token" : [
        {"sofa" : 12,  "end" : 10 }, 
        {"sofa" : 12,  "begin" : 11,  "end" : 14 }, 
        {"sofa" : 12,  "begin" : 15,  "end" : 29 }, 
        {"sofa" : 12,  "begin" : 30,  "end" : 43 }, 
        {"sofa" : 12,  "begin" : 44,  "end" : 47 }, 
        {"sofa" : 12,  "begin" : 48,  "end" : 50 }, 
        {"sofa" : 12,  "begin" : 51,  "end" : 57 }, 
        {"sofa" : 12,  "begin" : 58,  "end" : 69 }, 
        {"sofa" : 12,  "begin" : 70,  "end" : 75 }, 
        {"sofa" : 12,  "begin" : 76,  "end" : 82 }, 
        {"sofa" : 12,  "begin" : 83,  "end" : 88 }, 
        {"sofa" : 12,  "begin" : 89,  "end" : 92 }, 
        {"sofa" : 12,  "begin" : 93,  "end" : 104 }, 
        {"sofa" : 12,  "begin" : 106,  "end" : 109 }, 
        {"sofa" : 12,  "begin" : 110,  "end" : 115 }, 
        {"sofa" : 12,  "begin" : 116,  "end" : 130 }, 
        {"sofa" : 12,  "begin" : 131,  "end" : 144 }, 
        {"sofa" : 12,  "begin" : 145,  "end" : 147 }, 
        {"sofa" : 12,  "begin" : 148,  "end" : 151 }, 
        {"sofa" : 12,  "begin" : 152,  "end" : 163 }, 
        {"sofa" : 12,  "begin" : 164,  "end" : 166 }, 
        {"sofa" : 12,  "begin" : 167,  "end" : 172 }, 
        {"sofa" : 12,  "begin" : 173,  "end" : 179 }, 
        {"sofa" : 12,  "begin" : 180,  "end" : 186 }, 
        {"sofa" : 12,  "begin" : 187,  "end" : 189 }, 
        {"sofa" : 12,  "begin" : 190,  "end" : 200 }, 
        {"sofa" : 12,  "begin" : 201,  "end" : 203 }, 
        {"sofa" : 12,  "begin" : 204,  "end" : 213 }, 
        {"sofa" : 12,  "begin" : 214,  "end" : 215 }, 
        {"sofa" : 12,  "begin" : 217,  "end" : 220 }, 
        {"sofa" : 12,  "begin" : 221,  "end" : 225 }, 
        {"sofa" : 12,  "begin" : 226,  "end" : 228 }, 
        {"sofa" : 12,  "begin" : 229,  "end" : 232 }, 
        {"sofa" : 12,  "begin" : 233,  "end" : 234 }, 
        {"sofa" : 12,  "begin" : 235,  "end" : 238 }, 
        {"sofa" : 12,  "begin" : 239,  "end" : 252 }, 
        {"sofa" : 12,  "begin" : 253,  "end" : 256 }, 
        {"sofa" : 12,  "begin" : 257,  "end" : 259 }, 
        {"sofa" : 12,  "begin" : 260,  "end" : 262 }, 
        {"sofa" : 12,  "begin" : 263,  "end" : 267 }, 
        {"sofa" : 12,  "begin" : 268,  "end" : 269 }, 
        {"sofa" : 12,  "begin" : 271,  "end" : 284 }, 
        {"sofa" : 12,  "begin" : 285,  "end" : 293 }, 
        {"sofa" : 12,  "begin" : 294,  "end" : 298 }, 
        {"sofa" : 12,  "begin" : 299,  "end" : 303 }, 
        {"sofa" : 12,  "begin" : 304,  "end" : 306 }, 
        {"sofa" : 12,  "begin" : 307,  "end" : 314 }, 
        {"sofa" : 12,  "begin" : 315,  "end" : 319 }, 
        {"sofa" : 12,  "begin" : 320,  "end" : 322 }, 
        {"sofa" : 12,  "begin" : 323,  "end" : 329 }, 
        {"sofa" : 12,  "begin" : 330,  "end" : 340 }, 
        {"sofa" : 12,  "begin" : 341,  "end" : 343 }, 
        {"sofa" : 12,  "begin" : 344,  "end" : 350 }, 
        {"sofa" : 12,  "begin" : 351,  "end" : 353 }, 
        {"sofa" : 12,  "begin" : 354,  "end" : 362 }, 
        {"sofa" : 12,  "begin" : 363,  "end" : 372 }, 
        {"sofa" : 12,  "begin" : 373,  "end" : 374 }, 
        {"sofa" : 12,  "begin" : 375,  "end" : 377 }, 
        {"sofa" : 12,  "begin" : 378,  "end" : 386 }, 
        {"sofa" : 12,  "begin" : 387,  "end" : 390 }, 
        {"sofa" : 12,  "begin" : 391,  "end" : 393 }, 
        {"sofa" : 12,  "begin" : 394,  "end" : 400 }, 
        {"sofa" : 12,  "begin" : 401,  "end" : 405 }, 
        {"sofa" : 12,  "begin" : 406,  "end" : 407 }, 
        {"sofa" : 12,  "begin" : 408,  "end" : 412 }, 
        {"sofa" : 12,  "begin" : 413,  "end" : 416 }, 
        {"sofa" : 12,  "begin" : 417,  "end" : 419 }, 
        {"sofa" : 12,  "begin" : 420,  "end" : 427 }, 
        {"sofa" : 12,  "begin" : 428,  "end" : 432 }, 
        {"sofa" : 12,  "begin" : 433,  "end" : 435 }, 
        {"sofa" : 12,  "begin" : 436,  "end" : 440 }, 
        {"sofa" : 12,  "begin" : 441,  "end" : 442 } ], 
      "Eventclauses" : [
        {"sofa" : 12,  "end" : 104,  "EventPolarity" : "EVE negative",  "Prominence" : "Main" }, 
        {"sofa" : 12,  "begin" : 106,  "end" : 213,  "EventPolarity" : "EVE negative",  "Prominence" : "Main" }, 
        {"sofa" : 12,  "begin" : 344,  "end" : 440,  "EventPolarity" : "EVE neutral",  "Prominence" : "Background" } ] } }, 
  "_referenced_fss" : {
    "12" : {"_type" : "Sofa",  "sofaNum" : 1,  "sofaID" : "_InitialView",  "mimeType" : "text",  "sofaString" : "Publicatie van genderneutraal voornaamwoord iel in Franse woordenboek Petit Robert leidt tot opschudding\n Een nieuw genderneutraal voornaamwoord in het woordenboek Le Petit Robert verhit de gemoederen in Frankrijk .\n Het gaat om iel , een samentrekking van il en elle .\n Verschillende politici zijn niet te spreken over de nieuwe toevoeging en vragen de Académie française , de waakhond van de Franse taal , zich uit te spreken over de zaak .\n " } } }