{"_context" : {
    "_types" : {
      "DocumentMetaData" : {
        "_feature_types" : {"sofa" : "_ref" } }, 
      "Eventclauses" : {
        "_feature_types" : {"sofa" : "_ref",  "Arguments" : "_ref",  "Polarity" : "_ref",  "PolarityTrigger" : "_ref",  "Sameclause" : "_ref" } }, 
      "Sentence" : {
        "_feature_types" : {"sofa" : "_ref" } }, 
      "Sofa" : {
        "_feature_types" : {"sofaArray" : "_ref" } }, 
      "TagsetDescription" : {
        "_feature_types" : {"sofa" : "_ref",  "tags" : "_ref" } }, 
      "Token" : {
        "_feature_types" : {"sofa" : "_ref",  "parent" : "_ref",  "lemma" : "_ref",  "stem" : "_ref",  "pos" : "_ref",  "morph" : "_ref",  "form" : "_ref" } }, 
      "DocumentAnnotation" : {
        "_feature_types" : {"sofa" : "_ref" }, 
        "_subtypes" : ["DocumentMetaData" ] }, 
      "Annotation" : {
        "_feature_types" : {"sofa" : "_ref" }, 
        "_subtypes" : ["DocumentAnnotation",  "Eventclauses",  "Sentence",  "TagsetDescription",  "Token" ] }, 
      "AnnotationBase" : {
        "_feature_types" : {"sofa" : "_ref" }, 
        "_subtypes" : ["Annotation" ] }, 
      "TOP" : {
        "_subtypes" : ["AnnotationBase",  "Sofa" ] } } }, 
  "_views" : {
    "_InitialView" : {
      "DocumentMetaData" : [
        {"sofa" : 12,  "end" : 543,  "language" : "x-unspecified",  "documentTitle" : "1637586433937.txt",  "documentId" : "WoutBoven",  "documentUri" : "file:/export/repository/project/114/document/44419/source/WoutBoven",  "collectionId" : "file:/export/repository/project/114/document/44419/source/",  "documentBaseUri" : "file:/export/repository/project/114/document/44419/source/",  "isLastSegment" : false } ], 
      "TagsetDescription" : [
        {"sofa" : 12,  "layer" : "de.tudarmstadt.ukp.dkpro.core.api.syntax.type.dependency.Dependency",  "name" : "UD Universal Dependencies",  "input" : false }, 
        {"sofa" : 12,  "layer" : "webanno.custom.Entities",  "name" : "Entity - mention level types",  "input" : false }, 
        {"sofa" : 12,  "layer" : "webanno.custom.Eventclauses",  "name" : "Event - tense",  "input" : false }, 
        {"sofa" : 12,  "layer" : "webanno.custom.Eventsarguments",  "name" : "eventdna_argument_entities_(auto)",  "input" : false }, 
        {"sofa" : 12,  "layer" : "webanno.custom.Namedentities",  "name" : "NE types",  "input" : false }, 
        {"sofa" : 12,  "layer" : "webanno.custom.EntitiesLETSpreanno",  "name" : "Named entity - types",  "input" : false }, 
        {"sofa" : 12,  "layer" : "de.tudarmstadt.ukp.dkpro.core.api.transform.type.SofaChangeAnnotation",  "name" : "Operation",  "input" : false }, 
        {"sofa" : 12,  "layer" : "de.tudarmstadt.ukp.dkpro.core.api.lexmorph.type.pos.POS",  "name" : "UD Universal POS tags",  "input" : false }, 
        {"sofa" : 12,  "layer" : "webanno.custom.Polaritytriggers",  "name" : "Polarity",  "input" : false }, 
        {"sofa" : 12,  "layer" : "de.tudarmstadt.ukp.dkpro.core.api.segmentation.type.SurfaceForm",  "name" : "Named Entity tags",  "input" : false } ], 
      "Sentence" : [
        {"sofa" : 12,  "end" : 71 }, 
        {"sofa" : 12,  "begin" : 73,  "end" : 149 }, 
        {"sofa" : 12,  "begin" : 151,  "end" : 331 }, 
        {"sofa" : 12,  "begin" : 333,  "end" : 397 }, 
        {"sofa" : 12,  "begin" : 399,  "end" : 451 }, 
        {"sofa" : 12,  "begin" : 453,  "end" : 541 } ], 
      "Token" : [
        {"sofa" : 12,  "end" : 3 }, 
        {"sofa" : 12,  "begin" : 4,  "end" : 10 }, 
        {"sofa" : 12,  "begin" : 11,  "end" : 18 }, 
        {"sofa" : 12,  "begin" : 19,  "end" : 24 }, 
        {"sofa" : 12,  "begin" : 25,  "end" : 42 }, 
        {"sofa" : 12,  "begin" : 43,  "end" : 47 }, 
        {"sofa" : 12,  "begin" : 48,  "end" : 57 }, 
        {"sofa" : 12,  "begin" : 58,  "end" : 71 }, 
        {"sofa" : 12,  "begin" : 73,  "end" : 77 }, 
        {"sofa" : 12,  "begin" : 78,  "end" : 84 }, 
        {"sofa" : 12,  "begin" : 85,  "end" : 90 }, 
        {"sofa" : 12,  "begin" : 91,  "end" : 94 }, 
        {"sofa" : 12,  "begin" : 95,  "end" : 101 }, 
        {"sofa" : 12,  "begin" : 102,  "end" : 106 }, 
        {"sofa" : 12,  "begin" : 107,  "end" : 109 }, 
        {"sofa" : 12,  "begin" : 110,  "end" : 115 }, 
        {"sofa" : 12,  "begin" : 116,  "end" : 127 }, 
        {"sofa" : 12,  "begin" : 128,  "end" : 130 }, 
        {"sofa" : 12,  "begin" : 131,  "end" : 134 }, 
        {"sofa" : 12,  "begin" : 135,  "end" : 147 }, 
        {"sofa" : 12,  "begin" : 148,  "end" : 149 }, 
        {"sofa" : 12,  "begin" : 151,  "end" : 155 }, 
        {"sofa" : 12,  "begin" : 156,  "end" : 162 }, 
        {"sofa" : 12,  "begin" : 163,  "end" : 165 }, 
        {"sofa" : 12,  "begin" : 166,  "end" : 183 }, 
        {"sofa" : 12,  "begin" : 184,  "end" : 185 }, 
        {"sofa" : 12,  "begin" : 186,  "end" : 190 }, 
        {"sofa" : 12,  "begin" : 191,  "end" : 194 }, 
        {"sofa" : 12,  "begin" : 195,  "end" : 197 }, 
        {"sofa" : 12,  "begin" : 198,  "end" : 207 }, 
        {"sofa" : 12,  "begin" : 208,  "end" : 210 }, 
        {"sofa" : 12,  "begin" : 211,  "end" : 213 }, 
        {"sofa" : 12,  "begin" : 214,  "end" : 218 }, 
        {"sofa" : 12,  "begin" : 219,  "end" : 224 }, 
        {"sofa" : 12,  "begin" : 225,  "end" : 226 }, 
        {"sofa" : 12,  "begin" : 227,  "end" : 230 }, 
        {"sofa" : 12,  "begin" : 231,  "end" : 248 }, 
        {"sofa" : 12,  "begin" : 249,  "end" : 250 }, 
        {"sofa" : 12,  "begin" : 251,  "end" : 254 }, 
        {"sofa" : 12,  "begin" : 255,  "end" : 260 }, 
        {"sofa" : 12,  "begin" : 261,  "end" : 270 }, 
        {"sofa" : 12,  "begin" : 271,  "end" : 274 }, 
        {"sofa" : 12,  "begin" : 275,  "end" : 285 }, 
        {"sofa" : 12,  "begin" : 286,  "end" : 288 }, 
        {"sofa" : 12,  "begin" : 289,  "end" : 291 }, 
        {"sofa" : 12,  "begin" : 292,  "end" : 310 }, 
        {"sofa" : 12,  "begin" : 311,  "end" : 315 }, 
        {"sofa" : 12,  "begin" : 316,  "end" : 319 }, 
        {"sofa" : 12,  "begin" : 320,  "end" : 324 }, 
        {"sofa" : 12,  "begin" : 325,  "end" : 329 }, 
        {"sofa" : 12,  "begin" : 330,  "end" : 331 }, 
        {"sofa" : 12,  "begin" : 333,  "end" : 339 }, 
        {"sofa" : 12,  "begin" : 340,  "end" : 343 }, 
        {"sofa" : 12,  "begin" : 344,  "end" : 346 }, 
        {"sofa" : 12,  "begin" : 347,  "end" : 357 }, 
        {"sofa" : 12,  "begin" : 358,  "end" : 361 }, 
        {"sofa" : 12,  "begin" : 362,  "end" : 365 }, 
        {"sofa" : 12,  "begin" : 366,  "end" : 374 }, 
        {"sofa" : 12,  "begin" : 375,  "end" : 377 }, 
        {"sofa" : 12,  "begin" : 378,  "end" : 381 }, 
        {"sofa" : 12,  "begin" : 382,  "end" : 388 }, 
        {"sofa" : 12,  "begin" : 389,  "end" : 395 }, 
        {"sofa" : 12,  "begin" : 396,  "end" : 397 }, 
        {"sofa" : 12,  "begin" : 399,  "end" : 402 }, 
        {"sofa" : 12,  "begin" : 403,  "end" : 407 }, 
        {"sofa" : 12,  "begin" : 408,  "end" : 420 }, 
        {"sofa" : 12,  "begin" : 421,  "end" : 428 }, 
        {"sofa" : 12,  "begin" : 429,  "end" : 437 }, 
        {"sofa" : 12,  "begin" : 438,  "end" : 439 }, 
        {"sofa" : 12,  "begin" : 440,  "end" : 447 }, 
        {"sofa" : 12,  "begin" : 448,  "end" : 449 }, 
        {"sofa" : 12,  "begin" : 450,  "end" : 451 }, 
        {"sofa" : 12,  "begin" : 453,  "end" : 456 }, 
        {"sofa" : 12,  "begin" : 457,  "end" : 461 }, 
        {"sofa" : 12,  "begin" : 462,  "end" : 464 }, 
        {"sofa" : 12,  "begin" : 465,  "end" : 468 }, 
        {"sofa" : 12,  "begin" : 469,  "end" : 477 }, 
        {"sofa" : 12,  "begin" : 478,  "end" : 492 }, 
        {"sofa" : 12,  "begin" : 493,  "end" : 495 }, 
        {"sofa" : 12,  "begin" : 496,  "end" : 501 }, 
        {"sofa" : 12,  "begin" : 502,  "end" : 510 }, 
        {"sofa" : 12,  "begin" : 511,  "end" : 515 }, 
        {"sofa" : 12,  "begin" : 516,  "end" : 525 }, 
        {"sofa" : 12,  "begin" : 526,  "end" : 528 }, 
        {"sofa" : 12,  "begin" : 529,  "end" : 540 }, 
        {"sofa" : 12,  "begin" : 540,  "end" : 541 } ], 
      "Eventclauses" : [
        {"sofa" : 12,  "begin" : 4,  "end" : 42,  "EventPolarity" : "EVE negative",  "Prominence" : "Main" }, 
        {"sofa" : 12,  "begin" : 78,  "end" : 147,  "EventPolarity" : "EVE negative",  "Prominence" : "Main" }, 
        {"sofa" : 12,  "begin" : 151,  "end" : 329,  "EventPolarity" : "EVE negative",  "Prominence" : "Background" }, 
        {"sofa" : 12,  "begin" : 333,  "end" : 395,  "EventPolarity" : "EVE positive",  "Prominence" : "Background" }, 
        {"sofa" : 12,  "begin" : 453,  "end" : 540,  "EventPolarity" : "EVE positive",  "Prominence" : "Background" } ] } }, 
  "_referenced_fss" : {
    "12" : {"_type" : "Sofa",  "sofaNum" : 1,  "sofaID" : "_InitialView",  "mimeType" : "text",  "sofaString" : "Ook Leuven schrapt grote winterevenementen door stijgende coronacijfers\n Stad Leuven trekt een streep door de grote evenementen in het winteraanbod .\n Niet alleen de Eindejaarscorrida , maar ook de Countdown op de Oude Markt , het Foodtruckfestival , het Groot Begijnhof bij kaarslicht en de nieuwjaarsreceptie gaan dus niet door .\n Leuven wil de kerstsfeer wel nog behouden op een andere manier .\n Dat zegt burgemeester Mohamed Ridouani ( Vooruit ) .\n Dat doen we met kleinere voorstellingen en extra aandacht voor inkleding en verlichting.\n " } } }