{"_context" : {
    "_types" : {
      "DocumentMetaData" : {
        "_feature_types" : {"sofa" : "_ref" } }, 
      "Eventclauses" : {
        "_feature_types" : {"sofa" : "_ref",  "Arguments" : "_ref",  "Polarity" : "_ref",  "PolarityTrigger" : "_ref",  "Sameclause" : "_ref" } }, 
      "Sentence" : {
        "_feature_types" : {"sofa" : "_ref" } }, 
      "Sofa" : {
        "_feature_types" : {"sofaArray" : "_ref" } }, 
      "TagsetDescription" : {
        "_feature_types" : {"sofa" : "_ref",  "tags" : "_ref" } }, 
      "Token" : {
        "_feature_types" : {"sofa" : "_ref",  "parent" : "_ref",  "lemma" : "_ref",  "stem" : "_ref",  "pos" : "_ref",  "morph" : "_ref",  "form" : "_ref" } }, 
      "DocumentAnnotation" : {
        "_feature_types" : {"sofa" : "_ref" }, 
        "_subtypes" : ["DocumentMetaData" ] }, 
      "Annotation" : {
        "_feature_types" : {"sofa" : "_ref" }, 
        "_subtypes" : ["DocumentAnnotation",  "Eventclauses",  "Sentence",  "TagsetDescription",  "Token" ] }, 
      "AnnotationBase" : {
        "_feature_types" : {"sofa" : "_ref" }, 
        "_subtypes" : ["Annotation" ] }, 
      "TOP" : {
        "_subtypes" : ["AnnotationBase",  "Sofa" ] } } }, 
  "_views" : {
    "_InitialView" : {
      "DocumentMetaData" : [
        {"sofa" : 12,  "end" : 578,  "language" : "x-unspecified",  "documentTitle" : "24b99a2.txt",  "documentId" : "WoutBoven",  "documentUri" : "file:/export/repository/project/114/document/44461/source/WoutBoven",  "collectionId" : "file:/export/repository/project/114/document/44461/source/",  "documentBaseUri" : "file:/export/repository/project/114/document/44461/source/",  "isLastSegment" : false } ], 
      "TagsetDescription" : [
        {"sofa" : 12,  "layer" : "de.tudarmstadt.ukp.dkpro.core.api.syntax.type.dependency.Dependency",  "name" : "UD Universal Dependencies",  "input" : false }, 
        {"sofa" : 12,  "layer" : "webanno.custom.Entities",  "name" : "Entity - mention level types",  "input" : false }, 
        {"sofa" : 12,  "layer" : "webanno.custom.Eventclauses",  "name" : "Event - tense",  "input" : false }, 
        {"sofa" : 12,  "layer" : "webanno.custom.Eventsarguments",  "name" : "eventdna_argument_entities_(auto)",  "input" : false }, 
        {"sofa" : 12,  "layer" : "webanno.custom.Namedentities",  "name" : "NE types",  "input" : false }, 
        {"sofa" : 12,  "layer" : "webanno.custom.EntitiesLETSpreanno",  "name" : "Named entity - types",  "input" : false }, 
        {"sofa" : 12,  "layer" : "de.tudarmstadt.ukp.dkpro.core.api.transform.type.SofaChangeAnnotation",  "name" : "Operation",  "input" : false }, 
        {"sofa" : 12,  "layer" : "de.tudarmstadt.ukp.dkpro.core.api.lexmorph.type.pos.POS",  "name" : "UD Universal POS tags",  "input" : false }, 
        {"sofa" : 12,  "layer" : "webanno.custom.Polaritytriggers",  "name" : "Polarity",  "input" : false }, 
        {"sofa" : 12,  "layer" : "de.tudarmstadt.ukp.dkpro.core.api.segmentation.type.SurfaceForm",  "name" : "Named Entity tags",  "input" : false } ], 
      "Sentence" : [
        {"sofa" : 12,  "end" : 90 }, 
        {"sofa" : 12,  "begin" : 92,  "end" : 244 }, 
        {"sofa" : 12,  "begin" : 246,  "end" : 400 }, 
        {"sofa" : 12,  "begin" : 402,  "end" : 576 } ], 
      "Token" : [
        {"sofa" : 12,  "end" : 6 }, 
        {"sofa" : 12,  "begin" : 7,  "end" : 9 }, 
        {"sofa" : 12,  "begin" : 10,  "end" : 15 }, 
        {"sofa" : 12,  "begin" : 16,  "end" : 29 }, 
        {"sofa" : 12,  "begin" : 30,  "end" : 33 }, 
        {"sofa" : 12,  "begin" : 34,  "end" : 37 }, 
        {"sofa" : 12,  "begin" : 38,  "end" : 47 }, 
        {"sofa" : 12,  "begin" : 48,  "end" : 51 }, 
        {"sofa" : 12,  "begin" : 52,  "end" : 60 }, 
        {"sofa" : 12,  "begin" : 61,  "end" : 68 }, 
        {"sofa" : 12,  "begin" : 69,  "end" : 72 }, 
        {"sofa" : 12,  "begin" : 73,  "end" : 75 }, 
        {"sofa" : 12,  "begin" : 76,  "end" : 90 }, 
        {"sofa" : 12,  "begin" : 92,  "end" : 94 }, 
        {"sofa" : 12,  "begin" : 95,  "end" : 98 }, 
        {"sofa" : 12,  "begin" : 99,  "end" : 104 }, 
        {"sofa" : 12,  "begin" : 105,  "end" : 108 }, 
        {"sofa" : 12,  "begin" : 109,  "end" : 112 }, 
        {"sofa" : 12,  "begin" : 113,  "end" : 123 }, 
        {"sofa" : 12,  "begin" : 124,  "end" : 130 }, 
        {"sofa" : 12,  "begin" : 131,  "end" : 135 }, 
        {"sofa" : 12,  "begin" : 136,  "end" : 144 }, 
        {"sofa" : 12,  "begin" : 145,  "end" : 148 }, 
        {"sofa" : 12,  "begin" : 149,  "end" : 151 }, 
        {"sofa" : 12,  "begin" : 152,  "end" : 163 }, 
        {"sofa" : 12,  "begin" : 164,  "end" : 171 }, 
        {"sofa" : 12,  "begin" : 172,  "end" : 175 }, 
        {"sofa" : 12,  "begin" : 176,  "end" : 185 }, 
        {"sofa" : 12,  "begin" : 186,  "end" : 189 }, 
        {"sofa" : 12,  "begin" : 190,  "end" : 194 }, 
        {"sofa" : 12,  "begin" : 195,  "end" : 199 }, 
        {"sofa" : 12,  "begin" : 200,  "end" : 204 }, 
        {"sofa" : 12,  "begin" : 205,  "end" : 208 }, 
        {"sofa" : 12,  "begin" : 209,  "end" : 217 }, 
        {"sofa" : 12,  "begin" : 218,  "end" : 223 }, 
        {"sofa" : 12,  "begin" : 224,  "end" : 227 }, 
        {"sofa" : 12,  "begin" : 228,  "end" : 231 }, 
        {"sofa" : 12,  "begin" : 232,  "end" : 242 }, 
        {"sofa" : 12,  "begin" : 243,  "end" : 244 }, 
        {"sofa" : 12,  "begin" : 246,  "end" : 249 }, 
        {"sofa" : 12,  "begin" : 250,  "end" : 252 }, 
        {"sofa" : 12,  "begin" : 253,  "end" : 258 }, 
        {"sofa" : 12,  "begin" : 259,  "end" : 265 }, 
        {"sofa" : 12,  "begin" : 266,  "end" : 268 }, 
        {"sofa" : 12,  "begin" : 269,  "end" : 276 }, 
        {"sofa" : 12,  "begin" : 277,  "end" : 280 }, 
        {"sofa" : 12,  "begin" : 281,  "end" : 286 }, 
        {"sofa" : 12,  "begin" : 287,  "end" : 292 }, 
        {"sofa" : 12,  "begin" : 293,  "end" : 299 }, 
        {"sofa" : 12,  "begin" : 300,  "end" : 304 }, 
        {"sofa" : 12,  "begin" : 305,  "end" : 308 }, 
        {"sofa" : 12,  "begin" : 309,  "end" : 314 }, 
        {"sofa" : 12,  "begin" : 315,  "end" : 322 }, 
        {"sofa" : 12,  "begin" : 323,  "end" : 325 }, 
        {"sofa" : 12,  "begin" : 326,  "end" : 330 }, 
        {"sofa" : 12,  "begin" : 331,  "end" : 333 }, 
        {"sofa" : 12,  "begin" : 334,  "end" : 336 }, 
        {"sofa" : 12,  "begin" : 337,  "end" : 343 }, 
        {"sofa" : 12,  "begin" : 344,  "end" : 347 }, 
        {"sofa" : 12,  "begin" : 348,  "end" : 350 }, 
        {"sofa" : 12,  "begin" : 351,  "end" : 360 }, 
        {"sofa" : 12,  "begin" : 361,  "end" : 363 }, 
        {"sofa" : 12,  "begin" : 364,  "end" : 367 }, 
        {"sofa" : 12,  "begin" : 368,  "end" : 375 }, 
        {"sofa" : 12,  "begin" : 376,  "end" : 379 }, 
        {"sofa" : 12,  "begin" : 380,  "end" : 383 }, 
        {"sofa" : 12,  "begin" : 384,  "end" : 392 }, 
        {"sofa" : 12,  "begin" : 393,  "end" : 398 }, 
        {"sofa" : 12,  "begin" : 399,  "end" : 400 }, 
        {"sofa" : 12,  "begin" : 402,  "end" : 405 }, 
        {"sofa" : 12,  "begin" : 406,  "end" : 412 }, 
        {"sofa" : 12,  "begin" : 413,  "end" : 415 }, 
        {"sofa" : 12,  "begin" : 416,  "end" : 421 }, 
        {"sofa" : 12,  "begin" : 422,  "end" : 435 }, 
        {"sofa" : 12,  "begin" : 436,  "end" : 439 }, 
        {"sofa" : 12,  "begin" : 440,  "end" : 443 }, 
        {"sofa" : 12,  "begin" : 444,  "end" : 452 }, 
        {"sofa" : 12,  "begin" : 453,  "end" : 461 }, 
        {"sofa" : 12,  "begin" : 462,  "end" : 465 }, 
        {"sofa" : 12,  "begin" : 466,  "end" : 469 }, 
        {"sofa" : 12,  "begin" : 470,  "end" : 479 }, 
        {"sofa" : 12,  "begin" : 480,  "end" : 483 }, 
        {"sofa" : 12,  "begin" : 484,  "end" : 492 }, 
        {"sofa" : 12,  "begin" : 493,  "end" : 497 }, 
        {"sofa" : 12,  "begin" : 498,  "end" : 501 }, 
        {"sofa" : 12,  "begin" : 502,  "end" : 509 }, 
        {"sofa" : 12,  "begin" : 510,  "end" : 513 }, 
        {"sofa" : 12,  "begin" : 514,  "end" : 516 }, 
        {"sofa" : 12,  "begin" : 517,  "end" : 520 }, 
        {"sofa" : 12,  "begin" : 521,  "end" : 522 }, 
        {"sofa" : 12,  "begin" : 523,  "end" : 527 }, 
        {"sofa" : 12,  "begin" : 528,  "end" : 531 }, 
        {"sofa" : 12,  "begin" : 532,  "end" : 537 }, 
        {"sofa" : 12,  "begin" : 538,  "end" : 540 }, 
        {"sofa" : 12,  "begin" : 541,  "end" : 545 }, 
        {"sofa" : 12,  "begin" : 546,  "end" : 553 }, 
        {"sofa" : 12,  "begin" : 554,  "end" : 555 }, 
        {"sofa" : 12,  "begin" : 556,  "end" : 561 }, 
        {"sofa" : 12,  "begin" : 562,  "end" : 565 }, 
        {"sofa" : 12,  "begin" : 566,  "end" : 574 }, 
        {"sofa" : 12,  "begin" : 575,  "end" : 576 } ], 
      "Eventclauses" : [
        {"sofa" : 12,  "end" : 90,  "EventPolarity" : "EVE positive",  "Prominence" : "Main" }, 
        {"sofa" : 12,  "begin" : 92,  "end" : 242,  "EventPolarity" : "EVE positive",  "Prominence" : "Background" }, 
        {"sofa" : 12,  "begin" : 246,  "end" : 299,  "EventPolarity" : "EVE positive",  "Prominence" : "Background" }, 
        {"sofa" : 12,  "begin" : 305,  "end" : 398,  "EventPolarity" : "EVE positive",  "Prominence" : "Background" }, 
        {"sofa" : 12,  "begin" : 402,  "end" : 520,  "EventPolarity" : "EVE positive",  "Prominence" : "Main" } ] } }, 
  "_referenced_fss" : {
    "12" : {"_type" : "Sofa",  "sofaNum" : 1,  "sofaID" : "_InitialView",  "mimeType" : "text",  "sofaString" : "Tweede en derde kleuterklasje van VBS H.Familie uit Ettelgem winnaar van de brooddoosactie\n In het begin van dit schooljaar kregen alle kinderen van de Oudenburgse scholen een brooddoos mee naar huis voor een hapklare start van het schooljaar .\n Met de actie konden de klassen een leuke prijs winnen door een leuke filmpje of foto in te zenden met de brooddoos en een gezonde hap als centraal thema .\n Het tweede en derde kleuterklasje van juf Gerlinde Declerck van VBS H.Familie uit Ettelgem viel als winnaar uit de bus : Heel erg trots op mijn kindjes , aldus juf Gerlinde .\n " } } }