{"_context" : {
    "_types" : {
      "DocumentMetaData" : {
        "_feature_types" : {"sofa" : "_ref" } }, 
      "Eventclauses" : {
        "_feature_types" : {"sofa" : "_ref",  "Arguments" : "_ref",  "Polarity" : "_ref",  "PolarityTrigger" : "_ref",  "Sameclause" : "_ref" } }, 
      "Sentence" : {
        "_feature_types" : {"sofa" : "_ref" } }, 
      "Sofa" : {
        "_feature_types" : {"sofaArray" : "_ref" } }, 
      "TagsetDescription" : {
        "_feature_types" : {"sofa" : "_ref",  "tags" : "_ref" } }, 
      "Token" : {
        "_feature_types" : {"sofa" : "_ref",  "parent" : "_ref",  "lemma" : "_ref",  "stem" : "_ref",  "pos" : "_ref",  "morph" : "_ref",  "form" : "_ref" } }, 
      "DocumentAnnotation" : {
        "_feature_types" : {"sofa" : "_ref" }, 
        "_subtypes" : ["DocumentMetaData" ] }, 
      "Annotation" : {
        "_feature_types" : {"sofa" : "_ref" }, 
        "_subtypes" : ["DocumentAnnotation",  "Eventclauses",  "Sentence",  "TagsetDescription",  "Token" ] }, 
      "AnnotationBase" : {
        "_feature_types" : {"sofa" : "_ref" }, 
        "_subtypes" : ["Annotation" ] }, 
      "TOP" : {
        "_subtypes" : ["AnnotationBase",  "Sofa" ] } } }, 
  "_views" : {
    "_InitialView" : {
      "DocumentMetaData" : [
        {"sofa" : 12,  "end" : 448,  "language" : "x-unspecified",  "documentTitle" : "2570493.txt",  "documentId" : "WoutBoven",  "documentUri" : "file:/export/repository/project/114/document/44433/source/WoutBoven",  "collectionId" : "file:/export/repository/project/114/document/44433/source/",  "documentBaseUri" : "file:/export/repository/project/114/document/44433/source/",  "isLastSegment" : false } ], 
      "TagsetDescription" : [
        {"sofa" : 12,  "layer" : "de.tudarmstadt.ukp.dkpro.core.api.syntax.type.dependency.Dependency",  "name" : "UD Universal Dependencies",  "input" : false }, 
        {"sofa" : 12,  "layer" : "webanno.custom.Entities",  "name" : "Entity - mention level types",  "input" : false }, 
        {"sofa" : 12,  "layer" : "webanno.custom.Eventclauses",  "name" : "Event - tense",  "input" : false }, 
        {"sofa" : 12,  "layer" : "webanno.custom.Eventsarguments",  "name" : "eventdna_argument_entities_(auto)",  "input" : false }, 
        {"sofa" : 12,  "layer" : "webanno.custom.Namedentities",  "name" : "NE types",  "input" : false }, 
        {"sofa" : 12,  "layer" : "webanno.custom.EntitiesLETSpreanno",  "name" : "Named entity - types",  "input" : false }, 
        {"sofa" : 12,  "layer" : "de.tudarmstadt.ukp.dkpro.core.api.transform.type.SofaChangeAnnotation",  "name" : "Operation",  "input" : false }, 
        {"sofa" : 12,  "layer" : "de.tudarmstadt.ukp.dkpro.core.api.lexmorph.type.pos.POS",  "name" : "UD Universal POS tags",  "input" : false }, 
        {"sofa" : 12,  "layer" : "webanno.custom.Polaritytriggers",  "name" : "Polarity",  "input" : false }, 
        {"sofa" : 12,  "layer" : "de.tudarmstadt.ukp.dkpro.core.api.segmentation.type.SurfaceForm",  "name" : "Named Entity tags",  "input" : false } ], 
      "Sentence" : [
        {"sofa" : 12,  "end" : 70 }, 
        {"sofa" : 12,  "begin" : 72,  "end" : 216 }, 
        {"sofa" : 12,  "begin" : 218,  "end" : 309 }, 
        {"sofa" : 12,  "begin" : 311,  "end" : 446 } ], 
      "Token" : [
        {"sofa" : 12,  "end" : 8 }, 
        {"sofa" : 12,  "begin" : 9,  "end" : 14 }, 
        {"sofa" : 12,  "begin" : 15,  "end" : 22 }, 
        {"sofa" : 12,  "begin" : 23,  "end" : 27 }, 
        {"sofa" : 12,  "begin" : 28,  "end" : 38 }, 
        {"sofa" : 12,  "begin" : 39,  "end" : 49 }, 
        {"sofa" : 12,  "begin" : 50,  "end" : 54 }, 
        {"sofa" : 12,  "begin" : 55,  "end" : 70 }, 
        {"sofa" : 12,  "begin" : 72,  "end" : 75 }, 
        {"sofa" : 12,  "begin" : 76,  "end" : 84 }, 
        {"sofa" : 12,  "begin" : 85,  "end" : 96 }, 
        {"sofa" : 12,  "begin" : 97,  "end" : 99 }, 
        {"sofa" : 12,  "begin" : 100,  "end" : 103 }, 
        {"sofa" : 12,  "begin" : 104,  "end" : 116 }, 
        {"sofa" : 12,  "begin" : 117,  "end" : 119 }, 
        {"sofa" : 12,  "begin" : 120,  "end" : 123 }, 
        {"sofa" : 12,  "begin" : 124,  "end" : 128 }, 
        {"sofa" : 12,  "begin" : 129,  "end" : 132 }, 
        {"sofa" : 12,  "begin" : 133,  "end" : 146 }, 
        {"sofa" : 12,  "begin" : 147,  "end" : 151 }, 
        {"sofa" : 12,  "begin" : 152,  "end" : 160 }, 
        {"sofa" : 12,  "begin" : 161,  "end" : 165 }, 
        {"sofa" : 12,  "begin" : 166,  "end" : 169 }, 
        {"sofa" : 12,  "begin" : 170,  "end" : 178 }, 
        {"sofa" : 12,  "begin" : 179,  "end" : 183 }, 
        {"sofa" : 12,  "begin" : 184,  "end" : 186 }, 
        {"sofa" : 12,  "begin" : 187,  "end" : 203 }, 
        {"sofa" : 12,  "begin" : 204,  "end" : 206 }, 
        {"sofa" : 12,  "begin" : 207,  "end" : 209 }, 
        {"sofa" : 12,  "begin" : 210,  "end" : 214 }, 
        {"sofa" : 12,  "begin" : 215,  "end" : 216 }, 
        {"sofa" : 12,  "begin" : 218,  "end" : 223 }, 
        {"sofa" : 12,  "begin" : 224,  "end" : 225 }, 
        {"sofa" : 12,  "begin" : 226,  "end" : 233 }, 
        {"sofa" : 12,  "begin" : 234,  "end" : 240 }, 
        {"sofa" : 12,  "begin" : 241,  "end" : 244 }, 
        {"sofa" : 12,  "begin" : 245,  "end" : 258 }, 
        {"sofa" : 12,  "begin" : 259,  "end" : 263 }, 
        {"sofa" : 12,  "begin" : 264,  "end" : 271 }, 
        {"sofa" : 12,  "begin" : 272,  "end" : 274 }, 
        {"sofa" : 12,  "begin" : 275,  "end" : 279 }, 
        {"sofa" : 12,  "begin" : 280,  "end" : 282 }, 
        {"sofa" : 12,  "begin" : 283,  "end" : 287 }, 
        {"sofa" : 12,  "begin" : 288,  "end" : 290 }, 
        {"sofa" : 12,  "begin" : 291,  "end" : 296 }, 
        {"sofa" : 12,  "begin" : 297,  "end" : 307 }, 
        {"sofa" : 12,  "begin" : 308,  "end" : 309 }, 
        {"sofa" : 12,  "begin" : 311,  "end" : 314 }, 
        {"sofa" : 12,  "begin" : 315,  "end" : 318 }, 
        {"sofa" : 12,  "begin" : 319,  "end" : 325 }, 
        {"sofa" : 12,  "begin" : 326,  "end" : 329 }, 
        {"sofa" : 12,  "begin" : 330,  "end" : 337 }, 
        {"sofa" : 12,  "begin" : 338,  "end" : 343 }, 
        {"sofa" : 12,  "begin" : 344,  "end" : 353 }, 
        {"sofa" : 12,  "begin" : 354,  "end" : 356 }, 
        {"sofa" : 12,  "begin" : 357,  "end" : 363 }, 
        {"sofa" : 12,  "begin" : 364,  "end" : 367 }, 
        {"sofa" : 12,  "begin" : 368,  "end" : 374 }, 
        {"sofa" : 12,  "begin" : 375,  "end" : 378 }, 
        {"sofa" : 12,  "begin" : 379,  "end" : 388 }, 
        {"sofa" : 12,  "begin" : 389,  "end" : 411 }, 
        {"sofa" : 12,  "begin" : 412,  "end" : 413 }, 
        {"sofa" : 12,  "begin" : 414,  "end" : 416 }, 
        {"sofa" : 12,  "begin" : 417,  "end" : 422 }, 
        {"sofa" : 12,  "begin" : 423,  "end" : 432 }, 
        {"sofa" : 12,  "begin" : 433,  "end" : 439 }, 
        {"sofa" : 12,  "begin" : 440,  "end" : 444 }, 
        {"sofa" : 12,  "begin" : 445,  "end" : 446 } ], 
      "Eventclauses" : [
        {"sofa" : 12,  "end" : 22,  "EventPolarity" : "EVE positive",  "Prominence" : "Main" }, 
        {"sofa" : 12,  "begin" : 28,  "end" : 70,  "EventPolarity" : "EVE neutral",  "Prominence" : "Background" }, 
        {"sofa" : 12,  "begin" : 72,  "end" : 160,  "EventPolarity" : "EVE positive",  "Prominence" : "Main" }, 
        {"sofa" : 12,  "begin" : 166,  "end" : 214,  "EventPolarity" : "EVE neutral",  "Prominence" : "Background" }, 
        {"sofa" : 12,  "begin" : 218,  "end" : 279,  "EventPolarity" : "EVE neutral",  "Prominence" : "Background" }, 
        {"sofa" : 12,  "begin" : 283,  "end" : 307,  "EventPolarity" : "EVE positive",  "Prominence" : "Main" }, 
        {"sofa" : 12,  "begin" : 311,  "end" : 353,  "EventPolarity" : "EVE negative",  "Prominence" : "Background" }, 
        {"sofa" : 12,  "begin" : 357,  "end" : 411,  "EventPolarity" : "EVE neutral",  "Prominence" : "Background" }, 
        {"sofa" : 12,  "begin" : 417,  "end" : 444,  "EventPolarity" : "EVE negative",  "Prominence" : "Background" } ] } }, 
  "_referenced_fss" : {
    "12" : {"_type" : "Sofa",  "sofaNum" : 1,  "sofaID" : "_InitialView",  "mimeType" : "text",  "sofaString" : "Regering heeft akkoord over verplichte vaccinatie voor zorgmedewerkers\n Het federale kernkabinet is het vrijdagavond na een hele dag onderhandelen eens geworden over een regeling voor de vaccinatieplicht in de zorg .\n Vanaf 1 januari krijgt het zorgpersoneel drie maanden de tijd om zich te laten vaccineren .\n Wie dat daarna nog weigert wordt ontslagen en krijgt dan meteen een volledige werkloosheidsuitkering , of wordt geschorst zonder loon .\n " } } }