{"_context" : {
    "_types" : {
      "DocumentMetaData" : {
        "_feature_types" : {"sofa" : "_ref" } }, 
      "Eventclauses" : {
        "_feature_types" : {"sofa" : "_ref",  "Arguments" : "_ref",  "Polarity" : "_ref",  "PolarityTrigger" : "_ref",  "Sameclause" : "_ref" } }, 
      "Sentence" : {
        "_feature_types" : {"sofa" : "_ref" } }, 
      "Sofa" : {
        "_feature_types" : {"sofaArray" : "_ref" } }, 
      "TagsetDescription" : {
        "_feature_types" : {"sofa" : "_ref",  "tags" : "_ref" } }, 
      "Token" : {
        "_feature_types" : {"sofa" : "_ref",  "parent" : "_ref",  "lemma" : "_ref",  "stem" : "_ref",  "pos" : "_ref",  "morph" : "_ref",  "form" : "_ref" } }, 
      "DocumentAnnotation" : {
        "_feature_types" : {"sofa" : "_ref" }, 
        "_subtypes" : ["DocumentMetaData" ] }, 
      "Annotation" : {
        "_feature_types" : {"sofa" : "_ref" }, 
        "_subtypes" : ["DocumentAnnotation",  "Eventclauses",  "Sentence",  "TagsetDescription",  "Token" ] }, 
      "AnnotationBase" : {
        "_feature_types" : {"sofa" : "_ref" }, 
        "_subtypes" : ["Annotation" ] }, 
      "TOP" : {
        "_subtypes" : ["AnnotationBase",  "Sofa" ] } } }, 
  "_views" : {
    "_InitialView" : {
      "DocumentMetaData" : [
        {"sofa" : 12,  "end" : 452,  "language" : "x-unspecified",  "documentTitle" : "2c089e2.txt",  "documentId" : "WoutBoven",  "documentUri" : "file:/export/repository/project/114/document/44476/source/WoutBoven",  "collectionId" : "file:/export/repository/project/114/document/44476/source/",  "documentBaseUri" : "file:/export/repository/project/114/document/44476/source/",  "isLastSegment" : false } ], 
      "TagsetDescription" : [
        {"sofa" : 12,  "layer" : "de.tudarmstadt.ukp.dkpro.core.api.syntax.type.dependency.Dependency",  "name" : "UD Universal Dependencies",  "input" : false }, 
        {"sofa" : 12,  "layer" : "webanno.custom.Entities",  "name" : "Entity - mention level types",  "input" : false }, 
        {"sofa" : 12,  "layer" : "webanno.custom.Eventclauses",  "name" : "Event - tense",  "input" : false }, 
        {"sofa" : 12,  "layer" : "webanno.custom.Eventsarguments",  "name" : "eventdna_argument_entities_(auto)",  "input" : false }, 
        {"sofa" : 12,  "layer" : "webanno.custom.Namedentities",  "name" : "NE types",  "input" : false }, 
        {"sofa" : 12,  "layer" : "webanno.custom.EntitiesLETSpreanno",  "name" : "Named entity - types",  "input" : false }, 
        {"sofa" : 12,  "layer" : "de.tudarmstadt.ukp.dkpro.core.api.transform.type.SofaChangeAnnotation",  "name" : "Operation",  "input" : false }, 
        {"sofa" : 12,  "layer" : "de.tudarmstadt.ukp.dkpro.core.api.lexmorph.type.pos.POS",  "name" : "UD Universal POS tags",  "input" : false }, 
        {"sofa" : 12,  "layer" : "webanno.custom.Polaritytriggers",  "name" : "Polarity",  "input" : false }, 
        {"sofa" : 12,  "layer" : "de.tudarmstadt.ukp.dkpro.core.api.segmentation.type.SurfaceForm",  "name" : "Named Entity tags",  "input" : false } ], 
      "Sentence" : [
        {"sofa" : 12,  "end" : 75 }, 
        {"sofa" : 12,  "begin" : 77,  "end" : 289 }, 
        {"sofa" : 12,  "begin" : 291,  "end" : 450 } ], 
      "Token" : [
        {"sofa" : 12,  "end" : 11 }, 
        {"sofa" : 12,  "begin" : 12,  "end" : 21 }, 
        {"sofa" : 12,  "begin" : 22,  "end" : 28 }, 
        {"sofa" : 12,  "begin" : 29,  "end" : 35 }, 
        {"sofa" : 12,  "begin" : 36,  "end" : 38 }, 
        {"sofa" : 12,  "begin" : 39,  "end" : 43 }, 
        {"sofa" : 12,  "begin" : 44,  "end" : 47 }, 
        {"sofa" : 12,  "begin" : 48,  "end" : 50 }, 
        {"sofa" : 12,  "begin" : 51,  "end" : 58 }, 
        {"sofa" : 12,  "begin" : 59,  "end" : 62 }, 
        {"sofa" : 12,  "begin" : 63,  "end" : 75 }, 
        {"sofa" : 12,  "begin" : 77,  "end" : 80 }, 
        {"sofa" : 12,  "begin" : 81,  "end" : 92 }, 
        {"sofa" : 12,  "begin" : 93,  "end" : 101 }, 
        {"sofa" : 12,  "begin" : 102,  "end" : 112 }, 
        {"sofa" : 12,  "begin" : 113,  "end" : 114 }, 
        {"sofa" : 12,  "begin" : 115,  "end" : 117 }, 
        {"sofa" : 12,  "begin" : 118,  "end" : 128 }, 
        {"sofa" : 12,  "begin" : 129,  "end" : 138 }, 
        {"sofa" : 12,  "begin" : 139,  "end" : 141 }, 
        {"sofa" : 12,  "begin" : 142,  "end" : 144 }, 
        {"sofa" : 12,  "begin" : 145,  "end" : 155 }, 
        {"sofa" : 12,  "begin" : 156,  "end" : 172 }, 
        {"sofa" : 12,  "begin" : 173,  "end" : 177 }, 
        {"sofa" : 12,  "begin" : 178,  "end" : 184 }, 
        {"sofa" : 12,  "begin" : 185,  "end" : 187 }, 
        {"sofa" : 12,  "begin" : 188,  "end" : 197 }, 
        {"sofa" : 12,  "begin" : 198,  "end" : 205 }, 
        {"sofa" : 12,  "begin" : 206,  "end" : 212 }, 
        {"sofa" : 12,  "begin" : 213,  "end" : 219 }, 
        {"sofa" : 12,  "begin" : 220,  "end" : 222 }, 
        {"sofa" : 12,  "begin" : 223,  "end" : 227 }, 
        {"sofa" : 12,  "begin" : 228,  "end" : 231 }, 
        {"sofa" : 12,  "begin" : 232,  "end" : 234 }, 
        {"sofa" : 12,  "begin" : 235,  "end" : 242 }, 
        {"sofa" : 12,  "begin" : 243,  "end" : 247 }, 
        {"sofa" : 12,  "begin" : 248,  "end" : 251 }, 
        {"sofa" : 12,  "begin" : 252,  "end" : 264 }, 
        {"sofa" : 12,  "begin" : 265,  "end" : 267 }, 
        {"sofa" : 12,  "begin" : 268,  "end" : 271 }, 
        {"sofa" : 12,  "begin" : 272,  "end" : 287 }, 
        {"sofa" : 12,  "begin" : 288,  "end" : 289 }, 
        {"sofa" : 12,  "begin" : 291,  "end" : 293 }, 
        {"sofa" : 12,  "begin" : 294,  "end" : 305 }, 
        {"sofa" : 12,  "begin" : 306,  "end" : 314 }, 
        {"sofa" : 12,  "begin" : 315,  "end" : 321 }, 
        {"sofa" : 12,  "begin" : 322,  "end" : 325 }, 
        {"sofa" : 12,  "begin" : 326,  "end" : 336 }, 
        {"sofa" : 12,  "begin" : 337,  "end" : 347 }, 
        {"sofa" : 12,  "begin" : 348,  "end" : 350 }, 
        {"sofa" : 12,  "begin" : 351,  "end" : 361 }, 
        {"sofa" : 12,  "begin" : 362,  "end" : 369 }, 
        {"sofa" : 12,  "begin" : 370,  "end" : 371 }, 
        {"sofa" : 12,  "begin" : 372,  "end" : 380 }, 
        {"sofa" : 12,  "begin" : 381,  "end" : 393 }, 
        {"sofa" : 12,  "begin" : 394,  "end" : 395 }, 
        {"sofa" : 12,  "begin" : 396,  "end" : 399 }, 
        {"sofa" : 12,  "begin" : 400,  "end" : 405 }, 
        {"sofa" : 12,  "begin" : 406,  "end" : 410 }, 
        {"sofa" : 12,  "begin" : 411,  "end" : 418 }, 
        {"sofa" : 12,  "begin" : 419,  "end" : 421 }, 
        {"sofa" : 12,  "begin" : 422,  "end" : 430 }, 
        {"sofa" : 12,  "begin" : 431,  "end" : 433 }, 
        {"sofa" : 12,  "begin" : 434,  "end" : 440 }, 
        {"sofa" : 12,  "begin" : 441,  "end" : 448 }, 
        {"sofa" : 12,  "begin" : 449,  "end" : 450 } ], 
      "Eventclauses" : [
        {"sofa" : 12,  "end" : 75,  "EventPolarity" : "EVE positive",  "Prominence" : "Main" }, 
        {"sofa" : 12,  "begin" : 77,  "end" : 264,  "EventPolarity" : "EVE positive",  "Prominence" : "Main" }, 
        {"sofa" : 12,  "begin" : 291,  "end" : 448,  "EventPolarity" : "EVE positive",  "Prominence" : "Main" } ] } }, 
  "_referenced_fss" : {
    "12" : {"_type" : "Sofa",  "sofaNum" : 1,  "sofaID" : "_InitialView",  "mimeType" : "text",  "sofaString" : "Nederlandse speurders leggen beslag op meer dan 25 miljoen aan cryptovaluta\n Het Nederlandse Openbaar Ministerie , de Landelijke Recherche en de financiële opsporingsdienst FIOD hebben de afgelopen maanden beslag gelegd op meer dan 25 miljoen euro aan cryptovaluta in een witwasonderzoek .\n De Nederlandse diensten hebben van tientallen verdachten de zogenaamde wallets , digitale portemonnees , van onder meer bitcoin en ethereum in beslag genomen .\n " } } }