{"_context" : {
    "_types" : {
      "DocumentMetaData" : {
        "_feature_types" : {"sofa" : "_ref" } }, 
      "Eventclauses" : {
        "_feature_types" : {"sofa" : "_ref",  "Arguments" : "_ref",  "Polarity" : "_ref",  "PolarityTrigger" : "_ref",  "Sameclause" : "_ref" } }, 
      "Sentence" : {
        "_feature_types" : {"sofa" : "_ref" } }, 
      "Sofa" : {
        "_feature_types" : {"sofaArray" : "_ref" } }, 
      "TagsetDescription" : {
        "_feature_types" : {"sofa" : "_ref",  "tags" : "_ref" } }, 
      "Token" : {
        "_feature_types" : {"sofa" : "_ref",  "parent" : "_ref",  "lemma" : "_ref",  "stem" : "_ref",  "pos" : "_ref",  "morph" : "_ref",  "form" : "_ref" } }, 
      "DocumentAnnotation" : {
        "_feature_types" : {"sofa" : "_ref" }, 
        "_subtypes" : ["DocumentMetaData" ] }, 
      "Annotation" : {
        "_feature_types" : {"sofa" : "_ref" }, 
        "_subtypes" : ["DocumentAnnotation",  "Eventclauses",  "Sentence",  "TagsetDescription",  "Token" ] }, 
      "AnnotationBase" : {
        "_feature_types" : {"sofa" : "_ref" }, 
        "_subtypes" : ["Annotation" ] }, 
      "TOP" : {
        "_subtypes" : ["AnnotationBase",  "Sofa" ] } } }, 
  "_views" : {
    "_InitialView" : {
      "DocumentMetaData" : [
        {"sofa" : 12,  "end" : 479,  "language" : "x-unspecified",  "documentTitle" : "2c35af6.txt",  "documentId" : "WoutBoven",  "documentUri" : "file:/export/repository/project/114/document/44477/source/WoutBoven",  "collectionId" : "file:/export/repository/project/114/document/44477/source/",  "documentBaseUri" : "file:/export/repository/project/114/document/44477/source/",  "isLastSegment" : false } ], 
      "TagsetDescription" : [
        {"sofa" : 12,  "layer" : "de.tudarmstadt.ukp.dkpro.core.api.syntax.type.dependency.Dependency",  "name" : "UD Universal Dependencies",  "input" : false }, 
        {"sofa" : 12,  "layer" : "webanno.custom.Entities",  "name" : "Entity - mention level types",  "input" : false }, 
        {"sofa" : 12,  "layer" : "webanno.custom.Eventclauses",  "name" : "Event - tense",  "input" : false }, 
        {"sofa" : 12,  "layer" : "webanno.custom.Eventsarguments",  "name" : "eventdna_argument_entities_(auto)",  "input" : false }, 
        {"sofa" : 12,  "layer" : "webanno.custom.Namedentities",  "name" : "NE types",  "input" : false }, 
        {"sofa" : 12,  "layer" : "webanno.custom.EntitiesLETSpreanno",  "name" : "Named entity - types",  "input" : false }, 
        {"sofa" : 12,  "layer" : "de.tudarmstadt.ukp.dkpro.core.api.transform.type.SofaChangeAnnotation",  "name" : "Operation",  "input" : false }, 
        {"sofa" : 12,  "layer" : "de.tudarmstadt.ukp.dkpro.core.api.lexmorph.type.pos.POS",  "name" : "UD Universal POS tags",  "input" : false }, 
        {"sofa" : 12,  "layer" : "webanno.custom.Polaritytriggers",  "name" : "Polarity",  "input" : false }, 
        {"sofa" : 12,  "layer" : "de.tudarmstadt.ukp.dkpro.core.api.segmentation.type.SurfaceForm",  "name" : "Named Entity tags",  "input" : false } ], 
      "Sentence" : [
        {"sofa" : 12,  "end" : 118 }, 
        {"sofa" : 12,  "begin" : 120,  "end" : 160 }, 
        {"sofa" : 12,  "begin" : 162,  "end" : 330 }, 
        {"sofa" : 12,  "begin" : 332,  "end" : 408 }, 
        {"sofa" : 12,  "begin" : 410,  "end" : 477 } ], 
      "Token" : [
        {"sofa" : 12,  "end" : 2 }, 
        {"sofa" : 12,  "begin" : 3,  "end" : 13 }, 
        {"sofa" : 12,  "begin" : 14,  "end" : 21 }, 
        {"sofa" : 12,  "begin" : 22,  "end" : 23 }, 
        {"sofa" : 12,  "begin" : 24,  "end" : 34 }, 
        {"sofa" : 12,  "begin" : 35,  "end" : 38 }, 
        {"sofa" : 12,  "begin" : 39,  "end" : 46 }, 
        {"sofa" : 12,  "begin" : 47,  "end" : 48 }, 
        {"sofa" : 12,  "begin" : 49,  "end" : 63 }, 
        {"sofa" : 12,  "begin" : 64,  "end" : 65 }, 
        {"sofa" : 12,  "begin" : 66,  "end" : 77 }, 
        {"sofa" : 12,  "begin" : 78,  "end" : 79 }, 
        {"sofa" : 12,  "begin" : 80,  "end" : 95 }, 
        {"sofa" : 12,  "begin" : 96,  "end" : 97 }, 
        {"sofa" : 12,  "begin" : 98,  "end" : 100 }, 
        {"sofa" : 12,  "begin" : 101,  "end" : 110 }, 
        {"sofa" : 12,  "begin" : 111,  "end" : 118 }, 
        {"sofa" : 12,  "begin" : 120,  "end" : 122 }, 
        {"sofa" : 12,  "begin" : 123,  "end" : 131 }, 
        {"sofa" : 12,  "begin" : 132,  "end" : 141 }, 
        {"sofa" : 12,  "begin" : 142,  "end" : 147 }, 
        {"sofa" : 12,  "begin" : 148,  "end" : 150 }, 
        {"sofa" : 12,  "begin" : 151,  "end" : 158 }, 
        {"sofa" : 12,  "begin" : 159,  "end" : 160 }, 
        {"sofa" : 12,  "begin" : 162,  "end" : 164 }, 
        {"sofa" : 12,  "begin" : 165,  "end" : 168 }, 
        {"sofa" : 12,  "begin" : 169,  "end" : 173 }, 
        {"sofa" : 12,  "begin" : 174,  "end" : 184 }, 
        {"sofa" : 12,  "begin" : 185,  "end" : 191 }, 
        {"sofa" : 12,  "begin" : 192,  "end" : 195 }, 
        {"sofa" : 12,  "begin" : 196,  "end" : 199 }, 
        {"sofa" : 12,  "begin" : 200,  "end" : 209 }, 
        {"sofa" : 12,  "begin" : 210,  "end" : 214 }, 
        {"sofa" : 12,  "begin" : 215,  "end" : 218 }, 
        {"sofa" : 12,  "begin" : 219,  "end" : 225 }, 
        {"sofa" : 12,  "begin" : 226,  "end" : 235 }, 
        {"sofa" : 12,  "begin" : 236,  "end" : 237 }, 
        {"sofa" : 12,  "begin" : 238,  "end" : 241 }, 
        {"sofa" : 12,  "begin" : 242,  "end" : 249 }, 
        {"sofa" : 12,  "begin" : 250,  "end" : 254 }, 
        {"sofa" : 12,  "begin" : 255,  "end" : 270 }, 
        {"sofa" : 12,  "begin" : 271,  "end" : 281 }, 
        {"sofa" : 12,  "begin" : 282,  "end" : 285 }, 
        {"sofa" : 12,  "begin" : 286,  "end" : 289 }, 
        {"sofa" : 12,  "begin" : 290,  "end" : 294 }, 
        {"sofa" : 12,  "begin" : 295,  "end" : 297 }, 
        {"sofa" : 12,  "begin" : 298,  "end" : 301 }, 
        {"sofa" : 12,  "begin" : 302,  "end" : 309 }, 
        {"sofa" : 12,  "begin" : 310,  "end" : 312 }, 
        {"sofa" : 12,  "begin" : 313,  "end" : 315 }, 
        {"sofa" : 12,  "begin" : 316,  "end" : 321 }, 
        {"sofa" : 12,  "begin" : 322,  "end" : 328 }, 
        {"sofa" : 12,  "begin" : 329,  "end" : 330 }, 
        {"sofa" : 12,  "begin" : 332,  "end" : 336 }, 
        {"sofa" : 12,  "begin" : 337,  "end" : 339 }, 
        {"sofa" : 12,  "begin" : 340,  "end" : 345 }, 
        {"sofa" : 12,  "begin" : 346,  "end" : 352 }, 
        {"sofa" : 12,  "begin" : 353,  "end" : 357 }, 
        {"sofa" : 12,  "begin" : 358,  "end" : 362 }, 
        {"sofa" : 12,  "begin" : 363,  "end" : 364 }, 
        {"sofa" : 12,  "begin" : 365,  "end" : 367 }, 
        {"sofa" : 12,  "begin" : 368,  "end" : 374 }, 
        {"sofa" : 12,  "begin" : 375,  "end" : 378 }, 
        {"sofa" : 12,  "begin" : 379,  "end" : 383 }, 
        {"sofa" : 12,  "begin" : 384,  "end" : 385 }, 
        {"sofa" : 12,  "begin" : 386,  "end" : 395 }, 
        {"sofa" : 12,  "begin" : 396,  "end" : 406 }, 
        {"sofa" : 12,  "begin" : 407,  "end" : 408 }, 
        {"sofa" : 12,  "begin" : 410,  "end" : 412 }, 
        {"sofa" : 12,  "begin" : 413,  "end" : 423 }, 
        {"sofa" : 12,  "begin" : 424,  "end" : 429 }, 
        {"sofa" : 12,  "begin" : 430,  "end" : 435 }, 
        {"sofa" : 12,  "begin" : 436,  "end" : 438 }, 
        {"sofa" : 12,  "begin" : 439,  "end" : 441 }, 
        {"sofa" : 12,  "begin" : 442,  "end" : 448 }, 
        {"sofa" : 12,  "begin" : 449,  "end" : 452 }, 
        {"sofa" : 12,  "begin" : 453,  "end" : 455 }, 
        {"sofa" : 12,  "begin" : 456,  "end" : 462 }, 
        {"sofa" : 12,  "begin" : 463,  "end" : 475 }, 
        {"sofa" : 12,  "begin" : 476,  "end" : 477 } ], 
      "Eventclauses" : [
        {"sofa" : 12,  "end" : 46,  "EventPolarity" : "EVE positive",  "Prominence" : "Main" }, 
        {"sofa" : 12,  "begin" : 162,  "end" : 235,  "EventPolarity" : "EVE positive",  "Prominence" : "Background" }, 
        {"sofa" : 12,  "begin" : 238,  "end" : 328,  "EventPolarity" : "EVE positive",  "Prominence" : "Main" }, 
        {"sofa" : 12,  "begin" : 332,  "end" : 406,  "EventPolarity" : "EVE neutral",  "Prominence" : "Main" }, 
        {"sofa" : 12,  "begin" : 410,  "end" : 475,  "EventPolarity" : "EVE neutral",  "Prominence" : "Background" } ] } }, 
  "_referenced_fss" : {
    "12" : {"_type" : "Sofa",  "sofaNum" : 1,  "sofaID" : "_InitialView",  "mimeType" : "text",  "sofaString" : "Na coronajaar krijgen 4 Gentenaars een Handsje : Veldstraatbaas , Pierkesbaas , Boekentorenbaas , en geweldige actrice\n De Gentsche Sosseteit staat te popelen .\n Na een saai coronajaar kunnen ook zij eindelijk weer hun trofee uitreiken : een Handsje voor verdienstelijke Gentenaars die hun stad of hun dialect op de kaart zetten .\n Voor de 38ste editie zijn vier - in plaats van drie - laureaten uitgekozen .\n De uitreiking vindt plaat in de tempel van de Gentse volkscultuur .\n " } } }