{"_context" : {
    "_types" : {
      "DocumentMetaData" : {
        "_feature_types" : {"sofa" : "_ref" } }, 
      "Eventclauses" : {
        "_feature_types" : {"sofa" : "_ref",  "Arguments" : "_ref",  "Polarity" : "_ref",  "PolarityTrigger" : "_ref",  "Sameclause" : "_ref" } }, 
      "Sentence" : {
        "_feature_types" : {"sofa" : "_ref" } }, 
      "Sofa" : {
        "_feature_types" : {"sofaArray" : "_ref" } }, 
      "TagsetDescription" : {
        "_feature_types" : {"sofa" : "_ref",  "tags" : "_ref" } }, 
      "Token" : {
        "_feature_types" : {"sofa" : "_ref",  "parent" : "_ref",  "lemma" : "_ref",  "stem" : "_ref",  "pos" : "_ref",  "morph" : "_ref",  "form" : "_ref" } }, 
      "DocumentAnnotation" : {
        "_feature_types" : {"sofa" : "_ref" }, 
        "_subtypes" : ["DocumentMetaData" ] }, 
      "Annotation" : {
        "_feature_types" : {"sofa" : "_ref" }, 
        "_subtypes" : ["DocumentAnnotation",  "Eventclauses",  "Sentence",  "TagsetDescription",  "Token" ] }, 
      "AnnotationBase" : {
        "_feature_types" : {"sofa" : "_ref" }, 
        "_subtypes" : ["Annotation" ] }, 
      "TOP" : {
        "_subtypes" : ["AnnotationBase",  "Sofa" ] } } }, 
  "_views" : {
    "_InitialView" : {
      "DocumentMetaData" : [
        {"sofa" : 12,  "end" : 415,  "language" : "x-unspecified",  "documentTitle" : "2ccf227.txt",  "documentId" : "WoutBoven",  "documentUri" : "file:/export/repository/project/114/document/44475/source/WoutBoven",  "collectionId" : "file:/export/repository/project/114/document/44475/source/",  "documentBaseUri" : "file:/export/repository/project/114/document/44475/source/",  "isLastSegment" : false } ], 
      "TagsetDescription" : [
        {"sofa" : 12,  "layer" : "de.tudarmstadt.ukp.dkpro.core.api.syntax.type.dependency.Dependency",  "name" : "UD Universal Dependencies",  "input" : false }, 
        {"sofa" : 12,  "layer" : "webanno.custom.Entities",  "name" : "Entity - mention level types",  "input" : false }, 
        {"sofa" : 12,  "layer" : "webanno.custom.Eventclauses",  "name" : "Event - tense",  "input" : false }, 
        {"sofa" : 12,  "layer" : "webanno.custom.Eventsarguments",  "name" : "eventdna_argument_entities_(auto)",  "input" : false }, 
        {"sofa" : 12,  "layer" : "webanno.custom.Namedentities",  "name" : "NE types",  "input" : false }, 
        {"sofa" : 12,  "layer" : "webanno.custom.EntitiesLETSpreanno",  "name" : "Named entity - types",  "input" : false }, 
        {"sofa" : 12,  "layer" : "de.tudarmstadt.ukp.dkpro.core.api.transform.type.SofaChangeAnnotation",  "name" : "Operation",  "input" : false }, 
        {"sofa" : 12,  "layer" : "de.tudarmstadt.ukp.dkpro.core.api.lexmorph.type.pos.POS",  "name" : "UD Universal POS tags",  "input" : false }, 
        {"sofa" : 12,  "layer" : "webanno.custom.Polaritytriggers",  "name" : "Polarity",  "input" : false }, 
        {"sofa" : 12,  "layer" : "de.tudarmstadt.ukp.dkpro.core.api.segmentation.type.SurfaceForm",  "name" : "Named Entity tags",  "input" : false } ], 
      "Sentence" : [
        {"sofa" : 12,  "end" : 134 }, 
        {"sofa" : 12,  "begin" : 136,  "end" : 188 }, 
        {"sofa" : 12,  "begin" : 190,  "end" : 317 }, 
        {"sofa" : 12,  "begin" : 319,  "end" : 413 } ], 
      "Token" : [
        {"sofa" : 12,  "end" : 6 }, 
        {"sofa" : 12,  "begin" : 7,  "end" : 14 }, 
        {"sofa" : 12,  "begin" : 15,  "end" : 18 }, 
        {"sofa" : 12,  "begin" : 19,  "end" : 28 }, 
        {"sofa" : 12,  "begin" : 29,  "end" : 35 }, 
        {"sofa" : 12,  "begin" : 36,  "end" : 45 }, 
        {"sofa" : 12,  "begin" : 46,  "end" : 47 }, 
        {"sofa" : 12,  "begin" : 48,  "end" : 56 }, 
        {"sofa" : 12,  "begin" : 57,  "end" : 64 }, 
        {"sofa" : 12,  "begin" : 65,  "end" : 69 }, 
        {"sofa" : 12,  "begin" : 70,  "end" : 74 }, 
        {"sofa" : 12,  "begin" : 75,  "end" : 77 }, 
        {"sofa" : 12,  "begin" : 78,  "end" : 79 }, 
        {"sofa" : 12,  "begin" : 80,  "end" : 84 }, 
        {"sofa" : 12,  "begin" : 85,  "end" : 88 }, 
        {"sofa" : 12,  "begin" : 89,  "end" : 93 }, 
        {"sofa" : 12,  "begin" : 94,  "end" : 101 }, 
        {"sofa" : 12,  "begin" : 102,  "end" : 104 }, 
        {"sofa" : 12,  "begin" : 105,  "end" : 109 }, 
        {"sofa" : 12,  "begin" : 110,  "end" : 112 }, 
        {"sofa" : 12,  "begin" : 113,  "end" : 118 }, 
        {"sofa" : 12,  "begin" : 119,  "end" : 124 }, 
        {"sofa" : 12,  "begin" : 125,  "end" : 127 }, 
        {"sofa" : 12,  "begin" : 128,  "end" : 134 }, 
        {"sofa" : 12,  "begin" : 136,  "end" : 142 }, 
        {"sofa" : 12,  "begin" : 143,  "end" : 151 }, 
        {"sofa" : 12,  "begin" : 152,  "end" : 155 }, 
        {"sofa" : 12,  "begin" : 156,  "end" : 159 }, 
        {"sofa" : 12,  "begin" : 160,  "end" : 164 }, 
        {"sofa" : 12,  "begin" : 165,  "end" : 174 }, 
        {"sofa" : 12,  "begin" : 175,  "end" : 186 }, 
        {"sofa" : 12,  "begin" : 187,  "end" : 188 }, 
        {"sofa" : 12,  "begin" : 190,  "end" : 197 }, 
        {"sofa" : 12,  "begin" : 198,  "end" : 208 }, 
        {"sofa" : 12,  "begin" : 209,  "end" : 212 }, 
        {"sofa" : 12,  "begin" : 213,  "end" : 221 }, 
        {"sofa" : 12,  "begin" : 222,  "end" : 231 }, 
        {"sofa" : 12,  "begin" : 232,  "end" : 233 }, 
        {"sofa" : 12,  "begin" : 234,  "end" : 236 }, 
        {"sofa" : 12,  "begin" : 237,  "end" : 239 }, 
        {"sofa" : 12,  "begin" : 240,  "end" : 249 }, 
        {"sofa" : 12,  "begin" : 250,  "end" : 256 }, 
        {"sofa" : 12,  "begin" : 257,  "end" : 260 }, 
        {"sofa" : 12,  "begin" : 261,  "end" : 267 }, 
        {"sofa" : 12,  "begin" : 268,  "end" : 275 }, 
        {"sofa" : 12,  "begin" : 276,  "end" : 277 }, 
        {"sofa" : 12,  "begin" : 278,  "end" : 286 }, 
        {"sofa" : 12,  "begin" : 287,  "end" : 293 }, 
        {"sofa" : 12,  "begin" : 294,  "end" : 296 }, 
        {"sofa" : 12,  "begin" : 297,  "end" : 299 }, 
        {"sofa" : 12,  "begin" : 299,  "end" : 300 }, 
        {"sofa" : 12,  "begin" : 300,  "end" : 306 }, 
        {"sofa" : 12,  "begin" : 307,  "end" : 315 }, 
        {"sofa" : 12,  "begin" : 316,  "end" : 317 }, 
        {"sofa" : 12,  "begin" : 319,  "end" : 322 }, 
        {"sofa" : 12,  "begin" : 323,  "end" : 327 }, 
        {"sofa" : 12,  "begin" : 328,  "end" : 331 }, 
        {"sofa" : 12,  "begin" : 332,  "end" : 336 }, 
        {"sofa" : 12,  "begin" : 337,  "end" : 340 }, 
        {"sofa" : 12,  "begin" : 341,  "end" : 344 }, 
        {"sofa" : 12,  "begin" : 345,  "end" : 353 }, 
        {"sofa" : 12,  "begin" : 354,  "end" : 361 }, 
        {"sofa" : 12,  "begin" : 362,  "end" : 365 }, 
        {"sofa" : 12,  "begin" : 366,  "end" : 370 }, 
        {"sofa" : 12,  "begin" : 371,  "end" : 378 }, 
        {"sofa" : 12,  "begin" : 379,  "end" : 380 }, 
        {"sofa" : 12,  "begin" : 381,  "end" : 385 }, 
        {"sofa" : 12,  "begin" : 386,  "end" : 396 }, 
        {"sofa" : 12,  "begin" : 397,  "end" : 403 }, 
        {"sofa" : 12,  "begin" : 404,  "end" : 411 }, 
        {"sofa" : 12,  "begin" : 412,  "end" : 413 } ], 
      "Eventclauses" : [
        {"sofa" : 12,  "end" : 45,  "EventPolarity" : "EVE negative",  "Prominence" : "Main" }, 
        {"sofa" : 12,  "begin" : 48,  "end" : 77,  "EventPolarity" : "EVE negative",  "Prominence" : "Background" }, 
        {"sofa" : 12,  "begin" : 85,  "end" : 134,  "EventPolarity" : "EVE positive",  "Prominence" : "Background" }, 
        {"sofa" : 12,  "begin" : 136,  "end" : 186,  "EventPolarity" : "EVE negative",  "Prominence" : "Background" }, 
        {"sofa" : 12,  "begin" : 190,  "end" : 293,  "EventPolarity" : "EVE negative",  "Prominence" : "Main" }, 
        {"sofa" : 12,  "begin" : 319,  "end" : 378,  "EventPolarity" : "EVE neutral",  "Prominence" : "Background" } ] } }, 
  "_referenced_fss" : {
    "12" : {"_type" : "Sofa",  "sofaNum" : 1,  "sofaID" : "_InitialView",  "mimeType" : "text",  "sofaString" : "Meneer Jacques van Edelweiss Wakken overleden : Wasserij brandde twee keer af , maar hij vond telkens de moed om alles herop te bouwen\n Wakken verliest een van haar bekendste ondernemers .\n Jacques Vandeputte van wasserij Edelweiss , in de volksmond gekend als meneer Jacques , overleed zondag op 92 - jarige leeftijd .\n Hij kwam nog elke dag een bezoekje brengen aan zijn bedrijf , zegt schoonzoon Pierre Grillet .\n " } } }
