{"_context" : {
    "_types" : {
      "DocumentMetaData" : {
        "_feature_types" : {"sofa" : "_ref" } }, 
      "Eventclauses" : {
        "_feature_types" : {"sofa" : "_ref",  "Arguments" : "_ref",  "Polarity" : "_ref",  "PolarityTrigger" : "_ref",  "Sameclause" : "_ref" } }, 
      "Sentence" : {
        "_feature_types" : {"sofa" : "_ref" } }, 
      "Sofa" : {
        "_feature_types" : {"sofaArray" : "_ref" } }, 
      "TagsetDescription" : {
        "_feature_types" : {"sofa" : "_ref",  "tags" : "_ref" } }, 
      "Token" : {
        "_feature_types" : {"sofa" : "_ref",  "parent" : "_ref",  "lemma" : "_ref",  "stem" : "_ref",  "pos" : "_ref",  "morph" : "_ref",  "form" : "_ref" } }, 
      "DocumentAnnotation" : {
        "_feature_types" : {"sofa" : "_ref" }, 
        "_subtypes" : ["DocumentMetaData" ] }, 
      "Annotation" : {
        "_feature_types" : {"sofa" : "_ref" }, 
        "_subtypes" : ["DocumentAnnotation",  "Eventclauses",  "Sentence",  "TagsetDescription",  "Token" ] }, 
      "AnnotationBase" : {
        "_feature_types" : {"sofa" : "_ref" }, 
        "_subtypes" : ["Annotation" ] }, 
      "TOP" : {
        "_subtypes" : ["AnnotationBase",  "Sofa" ] } } }, 
  "_views" : {
    "_InitialView" : {
      "DocumentMetaData" : [
        {"sofa" : 12,  "end" : 559,  "language" : "x-unspecified",  "documentTitle" : "2f0be90.txt",  "documentId" : "WoutBoven",  "documentUri" : "file:/export/repository/project/114/document/44474/source/WoutBoven",  "collectionId" : "file:/export/repository/project/114/document/44474/source/",  "documentBaseUri" : "file:/export/repository/project/114/document/44474/source/",  "isLastSegment" : false } ], 
      "TagsetDescription" : [
        {"sofa" : 12,  "layer" : "de.tudarmstadt.ukp.dkpro.core.api.syntax.type.dependency.Dependency",  "name" : "UD Universal Dependencies",  "input" : false }, 
        {"sofa" : 12,  "layer" : "webanno.custom.Entities",  "name" : "Entity - mention level types",  "input" : false }, 
        {"sofa" : 12,  "layer" : "webanno.custom.Eventclauses",  "name" : "Event - tense",  "input" : false }, 
        {"sofa" : 12,  "layer" : "webanno.custom.Eventsarguments",  "name" : "eventdna_argument_entities_(auto)",  "input" : false }, 
        {"sofa" : 12,  "layer" : "webanno.custom.Namedentities",  "name" : "NE types",  "input" : false }, 
        {"sofa" : 12,  "layer" : "webanno.custom.EntitiesLETSpreanno",  "name" : "Named entity - types",  "input" : false }, 
        {"sofa" : 12,  "layer" : "de.tudarmstadt.ukp.dkpro.core.api.transform.type.SofaChangeAnnotation",  "name" : "Operation",  "input" : false }, 
        {"sofa" : 12,  "layer" : "de.tudarmstadt.ukp.dkpro.core.api.lexmorph.type.pos.POS",  "name" : "UD Universal POS tags",  "input" : false }, 
        {"sofa" : 12,  "layer" : "webanno.custom.Polaritytriggers",  "name" : "Polarity",  "input" : false }, 
        {"sofa" : 12,  "layer" : "de.tudarmstadt.ukp.dkpro.core.api.segmentation.type.SurfaceForm",  "name" : "Named Entity tags",  "input" : false } ], 
      "Sentence" : [
        {"sofa" : 12,  "end" : 96 }, 
        {"sofa" : 12,  "begin" : 98,  "end" : 212 }, 
        {"sofa" : 12,  "begin" : 214,  "end" : 264 }, 
        {"sofa" : 12,  "begin" : 266,  "end" : 276 }, 
        {"sofa" : 12,  "begin" : 278,  "end" : 367 }, 
        {"sofa" : 12,  "begin" : 369,  "end" : 452 }, 
        {"sofa" : 12,  "begin" : 454,  "end" : 519 }, 
        {"sofa" : 12,  "begin" : 521,  "end" : 557 } ], 
      "Token" : [
        {"sofa" : 12,  "end" : 4 }, 
        {"sofa" : 12,  "begin" : 5,  "end" : 7 }, 
        {"sofa" : 12,  "begin" : 8,  "end" : 13 }, 
        {"sofa" : 12,  "begin" : 14,  "end" : 22 }, 
        {"sofa" : 12,  "begin" : 23,  "end" : 32 }, 
        {"sofa" : 12,  "begin" : 33,  "end" : 36 }, 
        {"sofa" : 12,  "begin" : 37,  "end" : 41 }, 
        {"sofa" : 12,  "begin" : 42,  "end" : 44 }, 
        {"sofa" : 12,  "begin" : 45,  "end" : 58 }, 
        {"sofa" : 12,  "begin" : 59,  "end" : 63 }, 
        {"sofa" : 12,  "begin" : 64,  "end" : 69 }, 
        {"sofa" : 12,  "begin" : 70,  "end" : 71 }, 
        {"sofa" : 12,  "begin" : 72,  "end" : 75 }, 
        {"sofa" : 12,  "begin" : 76,  "end" : 79 }, 
        {"sofa" : 12,  "begin" : 80,  "end" : 81 }, 
        {"sofa" : 12,  "begin" : 81,  "end" : 83 }, 
        {"sofa" : 12,  "begin" : 84,  "end" : 91 }, 
        {"sofa" : 12,  "begin" : 92,  "end" : 96 }, 
        {"sofa" : 12,  "begin" : 98,  "end" : 101 }, 
        {"sofa" : 12,  "begin" : 102,  "end" : 105 }, 
        {"sofa" : 12,  "begin" : 106,  "end" : 110 }, 
        {"sofa" : 12,  "begin" : 111,  "end" : 115 }, 
        {"sofa" : 12,  "begin" : 116,  "end" : 126 }, 
        {"sofa" : 12,  "begin" : 127,  "end" : 128 }, 
        {"sofa" : 12,  "begin" : 129,  "end" : 133 }, 
        {"sofa" : 12,  "begin" : 134,  "end" : 137 }, 
        {"sofa" : 12,  "begin" : 138,  "end" : 141 }, 
        {"sofa" : 12,  "begin" : 142,  "end" : 151 }, 
        {"sofa" : 12,  "begin" : 152,  "end" : 156 }, 
        {"sofa" : 12,  "begin" : 157,  "end" : 161 }, 
        {"sofa" : 12,  "begin" : 162,  "end" : 165 }, 
        {"sofa" : 12,  "begin" : 166,  "end" : 172 }, 
        {"sofa" : 12,  "begin" : 173,  "end" : 177 }, 
        {"sofa" : 12,  "begin" : 178,  "end" : 185 }, 
        {"sofa" : 12,  "begin" : 186,  "end" : 197 }, 
        {"sofa" : 12,  "begin" : 198,  "end" : 210 }, 
        {"sofa" : 12,  "begin" : 211,  "end" : 212 }, 
        {"sofa" : 12,  "begin" : 214,  "end" : 216 }, 
        {"sofa" : 12,  "begin" : 217,  "end" : 220 }, 
        {"sofa" : 12,  "begin" : 221,  "end" : 224 }, 
        {"sofa" : 12,  "begin" : 225,  "end" : 229 }, 
        {"sofa" : 12,  "begin" : 230,  "end" : 234 }, 
        {"sofa" : 12,  "begin" : 235,  "end" : 237 }, 
        {"sofa" : 12,  "begin" : 238,  "end" : 249 }, 
        {"sofa" : 12,  "begin" : 250,  "end" : 255 }, 
        {"sofa" : 12,  "begin" : 256,  "end" : 258 }, 
        {"sofa" : 12,  "begin" : 259,  "end" : 262 }, 
        {"sofa" : 12,  "begin" : 263,  "end" : 264 }, 
        {"sofa" : 12,  "begin" : 266,  "end" : 270 }, 
        {"sofa" : 12,  "begin" : 271,  "end" : 274 }, 
        {"sofa" : 12,  "begin" : 275,  "end" : 276 }, 
        {"sofa" : 12,  "begin" : 278,  "end" : 282 }, 
        {"sofa" : 12,  "begin" : 283,  "end" : 286 }, 
        {"sofa" : 12,  "begin" : 287,  "end" : 289 }, 
        {"sofa" : 12,  "begin" : 290,  "end" : 294 }, 
        {"sofa" : 12,  "begin" : 295,  "end" : 299 }, 
        {"sofa" : 12,  "begin" : 300,  "end" : 306 }, 
        {"sofa" : 12,  "begin" : 307,  "end" : 314 }, 
        {"sofa" : 12,  "begin" : 315,  "end" : 316 }, 
        {"sofa" : 12,  "begin" : 317,  "end" : 322 }, 
        {"sofa" : 12,  "begin" : 323,  "end" : 332 }, 
        {"sofa" : 12,  "begin" : 333,  "end" : 338 }, 
        {"sofa" : 12,  "begin" : 339,  "end" : 349 }, 
        {"sofa" : 12,  "begin" : 350,  "end" : 353 }, 
        {"sofa" : 12,  "begin" : 354,  "end" : 359 }, 
        {"sofa" : 12,  "begin" : 360,  "end" : 365 }, 
        {"sofa" : 12,  "begin" : 366,  "end" : 367 }, 
        {"sofa" : 12,  "begin" : 369,  "end" : 374 }, 
        {"sofa" : 12,  "begin" : 375,  "end" : 387 }, 
        {"sofa" : 12,  "begin" : 388,  "end" : 393 }, 
        {"sofa" : 12,  "begin" : 394,  "end" : 396 }, 
        {"sofa" : 12,  "begin" : 397,  "end" : 411 }, 
        {"sofa" : 12,  "begin" : 412,  "end" : 415 }, 
        {"sofa" : 12,  "begin" : 416,  "end" : 421 }, 
        {"sofa" : 12,  "begin" : 422,  "end" : 428 }, 
        {"sofa" : 12,  "begin" : 429,  "end" : 432 }, 
        {"sofa" : 12,  "begin" : 433,  "end" : 434 }, 
        {"sofa" : 12,  "begin" : 434,  "end" : 437 }, 
        {"sofa" : 12,  "begin" : 437,  "end" : 438 }, 
        {"sofa" : 12,  "begin" : 439,  "end" : 443 }, 
        {"sofa" : 12,  "begin" : 444,  "end" : 450 }, 
        {"sofa" : 12,  "begin" : 451,  "end" : 452 }, 
        {"sofa" : 12,  "begin" : 454,  "end" : 457 }, 
        {"sofa" : 12,  "begin" : 458,  "end" : 464 }, 
        {"sofa" : 12,  "begin" : 465,  "end" : 468 }, 
        {"sofa" : 12,  "begin" : 469,  "end" : 472 }, 
        {"sofa" : 12,  "begin" : 473,  "end" : 477 }, 
        {"sofa" : 12,  "begin" : 478,  "end" : 479 }, 
        {"sofa" : 12,  "begin" : 480,  "end" : 484 }, 
        {"sofa" : 12,  "begin" : 485,  "end" : 488 }, 
        {"sofa" : 12,  "begin" : 489,  "end" : 495 }, 
        {"sofa" : 12,  "begin" : 496,  "end" : 498 }, 
        {"sofa" : 12,  "begin" : 499,  "end" : 508 }, 
        {"sofa" : 12,  "begin" : 509,  "end" : 517 }, 
        {"sofa" : 12,  "begin" : 518,  "end" : 519 }, 
        {"sofa" : 12,  "begin" : 521,  "end" : 526 }, 
        {"sofa" : 12,  "begin" : 527,  "end" : 533 }, 
        {"sofa" : 12,  "begin" : 534,  "end" : 537 }, 
        {"sofa" : 12,  "begin" : 538,  "end" : 544 }, 
        {"sofa" : 12,  "begin" : 545,  "end" : 547 }, 
        {"sofa" : 12,  "begin" : 548,  "end" : 555 }, 
        {"sofa" : 12,  "begin" : 556,  "end" : 557 } ], 
      "Eventclauses" : [
        {"sofa" : 12,  "end" : 41,  "EventPolarity" : "EVE positive",  "Prominence" : "Background" }, 
        {"sofa" : 12,  "begin" : 98,  "end" : 126,  "EventPolarity" : "EVE positive",  "Prominence" : "Background" }, 
        {"sofa" : 12,  "begin" : 138,  "end" : 210,  "EventPolarity" : "EVE negative",  "Prominence" : "Background" }, 
        {"sofa" : 12,  "begin" : 214,  "end" : 262,  "EventPolarity" : "EVE positive",  "Prominence" : "Background" }, 
        {"sofa" : 12,  "begin" : 369,  "end" : 450,  "EventPolarity" : "EVE negative",  "Prominence" : "Background" }, 
        {"sofa" : 12,  "begin" : 454,  "end" : 517,  "EventPolarity" : "EVE positive",  "Prominence" : "Background" }, 
        {"sofa" : 12,  "begin" : 521,  "end" : 555,  "EventPolarity" : "EVE positive",  "Prominence" : "Background" } ] } }, 
  "_referenced_fss" : {
    "12" : {"_type" : "Sofa",  "sofaNum" : 1,  "sofaID" : "_InitialView",  "mimeType" : "text",  "sofaString" : "Gert en James schieten kandidaat ter hulp en uitzonderlijk veel humor : dit was 'De Slimste Mens\n Hij had zich goed voorbereid , maar hij was eigenlijk niet echt een partij voor Slimste Mens - geweld Merol - Lubach .\n Al had hij toch even de overwinning haast op zak .\n Niet dus .\n Niks aan te doen voor Dorian Liveyns , sinds afgelopen zomer echtgenoot van James Cooke .\n Zelfs aandoenlijke steun en aanmoedigingen van Cooke konden hem - net - niet redden .\n Wat volgde was een lief I Love You vanuit de coulissen geroepen .\n Arjen Lubach was alweer de winnaar .\n " } } }
