{"_context" : {
    "_types" : {
      "DocumentMetaData" : {
        "_feature_types" : {"sofa" : "_ref" } }, 
      "Eventclauses" : {
        "_feature_types" : {"sofa" : "_ref",  "Arguments" : "_ref",  "Polarity" : "_ref",  "PolarityTrigger" : "_ref",  "Sameclause" : "_ref" } }, 
      "Sentence" : {
        "_feature_types" : {"sofa" : "_ref" } }, 
      "Sofa" : {
        "_feature_types" : {"sofaArray" : "_ref" } }, 
      "TagsetDescription" : {
        "_feature_types" : {"sofa" : "_ref",  "tags" : "_ref" } }, 
      "Token" : {
        "_feature_types" : {"sofa" : "_ref",  "parent" : "_ref",  "lemma" : "_ref",  "stem" : "_ref",  "pos" : "_ref",  "morph" : "_ref",  "form" : "_ref" } }, 
      "DocumentAnnotation" : {
        "_feature_types" : {"sofa" : "_ref" }, 
        "_subtypes" : ["DocumentMetaData" ] }, 
      "Annotation" : {
        "_feature_types" : {"sofa" : "_ref" }, 
        "_subtypes" : ["DocumentAnnotation",  "Eventclauses",  "Sentence",  "TagsetDescription",  "Token" ] }, 
      "AnnotationBase" : {
        "_feature_types" : {"sofa" : "_ref" }, 
        "_subtypes" : ["Annotation" ] }, 
      "TOP" : {
        "_subtypes" : ["AnnotationBase",  "Sofa" ] } } }, 
  "_views" : {
    "_InitialView" : {
      "DocumentMetaData" : [
        {"sofa" : 12,  "end" : 333,  "language" : "x-unspecified",  "documentTitle" : "38beb406.txt",  "documentId" : "WoutBoven",  "documentUri" : "file:/export/repository/project/114/document/44458/source/WoutBoven",  "collectionId" : "file:/export/repository/project/114/document/44458/source/",  "documentBaseUri" : "file:/export/repository/project/114/document/44458/source/",  "isLastSegment" : false } ], 
      "TagsetDescription" : [
        {"sofa" : 12,  "layer" : "de.tudarmstadt.ukp.dkpro.core.api.syntax.type.dependency.Dependency",  "name" : "UD Universal Dependencies",  "input" : false }, 
        {"sofa" : 12,  "layer" : "webanno.custom.Entities",  "name" : "Entity - mention level types",  "input" : false }, 
        {"sofa" : 12,  "layer" : "webanno.custom.Eventclauses",  "name" : "Event - tense",  "input" : false }, 
        {"sofa" : 12,  "layer" : "webanno.custom.Eventsarguments",  "name" : "eventdna_argument_entities_(auto)",  "input" : false }, 
        {"sofa" : 12,  "layer" : "webanno.custom.Namedentities",  "name" : "NE types",  "input" : false }, 
        {"sofa" : 12,  "layer" : "webanno.custom.EntitiesLETSpreanno",  "name" : "Named entity - types",  "input" : false }, 
        {"sofa" : 12,  "layer" : "de.tudarmstadt.ukp.dkpro.core.api.transform.type.SofaChangeAnnotation",  "name" : "Operation",  "input" : false }, 
        {"sofa" : 12,  "layer" : "de.tudarmstadt.ukp.dkpro.core.api.lexmorph.type.pos.POS",  "name" : "UD Universal POS tags",  "input" : false }, 
        {"sofa" : 12,  "layer" : "webanno.custom.Polaritytriggers",  "name" : "Polarity",  "input" : false }, 
        {"sofa" : 12,  "layer" : "de.tudarmstadt.ukp.dkpro.core.api.segmentation.type.SurfaceForm",  "name" : "Named Entity tags",  "input" : false } ], 
      "Sentence" : [
        {"sofa" : 12,  "end" : 116 }, 
        {"sofa" : 12,  "begin" : 118,  "end" : 331 } ], 
      "Token" : [
        {"sofa" : 12,  "end" : 13 }, 
        {"sofa" : 12,  "begin" : 14,  "end" : 17 }, 
        {"sofa" : 12,  "begin" : 18,  "end" : 29 }, 
        {"sofa" : 12,  "begin" : 30,  "end" : 41 }, 
        {"sofa" : 12,  "begin" : 42,  "end" : 45 }, 
        {"sofa" : 12,  "begin" : 46,  "end" : 49 }, 
        {"sofa" : 12,  "begin" : 50,  "end" : 54 }, 
        {"sofa" : 12,  "begin" : 55,  "end" : 56 }, 
        {"sofa" : 12,  "begin" : 57,  "end" : 61 }, 
        {"sofa" : 12,  "begin" : 62,  "end" : 67 }, 
        {"sofa" : 12,  "begin" : 68,  "end" : 75 }, 
        {"sofa" : 12,  "begin" : 76,  "end" : 79 }, 
        {"sofa" : 12,  "begin" : 80,  "end" : 82 }, 
        {"sofa" : 12,  "begin" : 83,  "end" : 87 }, 
        {"sofa" : 12,  "begin" : 88,  "end" : 100 }, 
        {"sofa" : 12,  "begin" : 101,  "end" : 103 }, 
        {"sofa" : 12,  "begin" : 104,  "end" : 116 }, 
        {"sofa" : 12,  "begin" : 118,  "end" : 123 }, 
        {"sofa" : 12,  "begin" : 124,  "end" : 128 }, 
        {"sofa" : 12,  "begin" : 129,  "end" : 132 }, 
        {"sofa" : 12,  "begin" : 133,  "end" : 143 }, 
        {"sofa" : 12,  "begin" : 144,  "end" : 146 }, 
        {"sofa" : 12,  "begin" : 147,  "end" : 150 }, 
        {"sofa" : 12,  "begin" : 151,  "end" : 157 }, 
        {"sofa" : 12,  "begin" : 158,  "end" : 162 }, 
        {"sofa" : 12,  "begin" : 163,  "end" : 166 }, 
        {"sofa" : 12,  "begin" : 167,  "end" : 178 }, 
        {"sofa" : 12,  "begin" : 179,  "end" : 190 }, 
        {"sofa" : 12,  "begin" : 191,  "end" : 194 }, 
        {"sofa" : 12,  "begin" : 195,  "end" : 198 }, 
        {"sofa" : 12,  "begin" : 199,  "end" : 203 }, 
        {"sofa" : 12,  "begin" : 204,  "end" : 207 }, 
        {"sofa" : 12,  "begin" : 208,  "end" : 210 }, 
        {"sofa" : 12,  "begin" : 211,  "end" : 224 }, 
        {"sofa" : 12,  "begin" : 225,  "end" : 227 }, 
        {"sofa" : 12,  "begin" : 228,  "end" : 240 }, 
        {"sofa" : 12,  "begin" : 241,  "end" : 249 }, 
        {"sofa" : 12,  "begin" : 250,  "end" : 258 }, 
        {"sofa" : 12,  "begin" : 259,  "end" : 263 }, 
        {"sofa" : 12,  "begin" : 264,  "end" : 267 }, 
        {"sofa" : 12,  "begin" : 268,  "end" : 275 }, 
        {"sofa" : 12,  "begin" : 276,  "end" : 278 }, 
        {"sofa" : 12,  "begin" : 279,  "end" : 287 }, 
        {"sofa" : 12,  "begin" : 288,  "end" : 292 }, 
        {"sofa" : 12,  "begin" : 293,  "end" : 295 }, 
        {"sofa" : 12,  "begin" : 296,  "end" : 300 }, 
        {"sofa" : 12,  "begin" : 301,  "end" : 313 }, 
        {"sofa" : 12,  "begin" : 314,  "end" : 316 }, 
        {"sofa" : 12,  "begin" : 317,  "end" : 319 }, 
        {"sofa" : 12,  "begin" : 320,  "end" : 324 }, 
        {"sofa" : 12,  "begin" : 325,  "end" : 329 }, 
        {"sofa" : 12,  "begin" : 330,  "end" : 331 } ], 
      "Eventclauses" : [
        {"sofa" : 12,  "end" : 54,  "EventPolarity" : "EVE negative",  "Prominence" : "Main" }, 
        {"sofa" : 12,  "begin" : 57,  "end" : 116,  "EventPolarity" : "EVE positive",  "Prominence" : "Background" }, 
        {"sofa" : 12,  "begin" : 124,  "end" : 203,  "EventPolarity" : "EVE positive",  "Prominence" : "Main" }, 
        {"sofa" : 12,  "begin" : 241,  "end" : 329,  "EventPolarity" : "EVE positive",  "Prominence" : "Background" } ] } }, 
  "_referenced_fss" : {
    "12" : {"_type" : "Sofa",  "sofaNum" : 1,  "sofaID" : "_InitialView",  "mimeType" : "text",  "sofaString" : "Overrompeling aan goedkoopste tankstation van het land : Avia geeft korting aan al haar tankstations in Sint-Niklaas\n Omdat heel wat chauffeurs de weg vonden naar het goedkoopste tankstation van het land aan de Vlyminckshoek in Sint-Niklaas verlaagt uitbater Avia dit weekend de tarieven voor al haar tankstations in de Wase stad .\n " } } }