{"_context" : {
    "_types" : {
      "DocumentMetaData" : {
        "_feature_types" : {"sofa" : "_ref" } }, 
      "Eventclauses" : {
        "_feature_types" : {"sofa" : "_ref",  "Arguments" : "_ref",  "Polarity" : "_ref",  "PolarityTrigger" : "_ref",  "Sameclause" : "_ref" } }, 
      "Sentence" : {
        "_feature_types" : {"sofa" : "_ref" } }, 
      "Sofa" : {
        "_feature_types" : {"sofaArray" : "_ref" } }, 
      "TagsetDescription" : {
        "_feature_types" : {"sofa" : "_ref",  "tags" : "_ref" } }, 
      "Token" : {
        "_feature_types" : {"sofa" : "_ref",  "parent" : "_ref",  "lemma" : "_ref",  "stem" : "_ref",  "pos" : "_ref",  "morph" : "_ref",  "form" : "_ref" } }, 
      "DocumentAnnotation" : {
        "_feature_types" : {"sofa" : "_ref" }, 
        "_subtypes" : ["DocumentMetaData" ] }, 
      "Annotation" : {
        "_feature_types" : {"sofa" : "_ref" }, 
        "_subtypes" : ["DocumentAnnotation",  "Eventclauses",  "Sentence",  "TagsetDescription",  "Token" ] }, 
      "AnnotationBase" : {
        "_feature_types" : {"sofa" : "_ref" }, 
        "_subtypes" : ["Annotation" ] }, 
      "TOP" : {
        "_subtypes" : ["AnnotationBase",  "Sofa" ] } } }, 
  "_views" : {
    "_InitialView" : {
      "DocumentMetaData" : [
        {"sofa" : 12,  "end" : 301,  "language" : "x-unspecified",  "documentTitle" : "476fbfe.txt",  "documentId" : "WoutBoven",  "documentUri" : "file:/export/repository/project/114/document/44446/source/WoutBoven",  "collectionId" : "file:/export/repository/project/114/document/44446/source/",  "documentBaseUri" : "file:/export/repository/project/114/document/44446/source/",  "isLastSegment" : false } ], 
      "TagsetDescription" : [
        {"sofa" : 12,  "layer" : "de.tudarmstadt.ukp.dkpro.core.api.syntax.type.dependency.Dependency",  "name" : "UD Universal Dependencies",  "input" : false }, 
        {"sofa" : 12,  "layer" : "webanno.custom.Entities",  "name" : "Entity - mention level types",  "input" : false }, 
        {"sofa" : 12,  "layer" : "webanno.custom.Eventclauses",  "name" : "Event - tense",  "input" : false }, 
        {"sofa" : 12,  "layer" : "webanno.custom.Eventsarguments",  "name" : "eventdna_argument_entities_(auto)",  "input" : false }, 
        {"sofa" : 12,  "layer" : "webanno.custom.Namedentities",  "name" : "NE types",  "input" : false }, 
        {"sofa" : 12,  "layer" : "webanno.custom.EntitiesLETSpreanno",  "name" : "Named entity - types",  "input" : false }, 
        {"sofa" : 12,  "layer" : "de.tudarmstadt.ukp.dkpro.core.api.transform.type.SofaChangeAnnotation",  "name" : "Operation",  "input" : false }, 
        {"sofa" : 12,  "layer" : "de.tudarmstadt.ukp.dkpro.core.api.lexmorph.type.pos.POS",  "name" : "UD Universal POS tags",  "input" : false }, 
        {"sofa" : 12,  "layer" : "webanno.custom.Polaritytriggers",  "name" : "Polarity",  "input" : false }, 
        {"sofa" : 12,  "layer" : "de.tudarmstadt.ukp.dkpro.core.api.segmentation.type.SurfaceForm",  "name" : "Named Entity tags",  "input" : false } ], 
      "Sentence" : [
        {"sofa" : 12,  "end" : 80 }, 
        {"sofa" : 12,  "begin" : 82,  "end" : 183 }, 
        {"sofa" : 12,  "begin" : 185,  "end" : 299 } ], 
      "Token" : [
        {"sofa" : 12,  "end" : 4 }, 
        {"sofa" : 12,  "begin" : 5,  "end" : 7 }, 
        {"sofa" : 12,  "begin" : 8,  "end" : 14 }, 
        {"sofa" : 12,  "begin" : 15,  "end" : 29 }, 
        {"sofa" : 12,  "begin" : 30,  "end" : 35 }, 
        {"sofa" : 12,  "begin" : 36,  "end" : 40 }, 
        {"sofa" : 12,  "begin" : 41,  "end" : 44 }, 
        {"sofa" : 12,  "begin" : 45,  "end" : 46 }, 
        {"sofa" : 12,  "begin" : 47,  "end" : 53 }, 
        {"sofa" : 12,  "begin" : 54,  "end" : 69 }, 
        {"sofa" : 12,  "begin" : 70,  "end" : 80 }, 
        {"sofa" : 12,  "begin" : 82,  "end" : 84 }, 
        {"sofa" : 12,  "begin" : 85,  "end" : 89 }, 
        {"sofa" : 12,  "begin" : 90,  "end" : 92 }, 
        {"sofa" : 12,  "begin" : 93,  "end" : 96 }, 
        {"sofa" : 12,  "begin" : 97,  "end" : 103 }, 
        {"sofa" : 12,  "begin" : 104,  "end" : 118 }, 
        {"sofa" : 12,  "begin" : 119,  "end" : 124 }, 
        {"sofa" : 12,  "begin" : 125,  "end" : 136 }, 
        {"sofa" : 12,  "begin" : 137,  "end" : 141 }, 
        {"sofa" : 12,  "begin" : 142,  "end" : 144 }, 
        {"sofa" : 12,  "begin" : 145,  "end" : 149 }, 
        {"sofa" : 12,  "begin" : 150,  "end" : 152 }, 
        {"sofa" : 12,  "begin" : 153,  "end" : 162 }, 
        {"sofa" : 12,  "begin" : 163,  "end" : 181 }, 
        {"sofa" : 12,  "begin" : 182,  "end" : 183 }, 
        {"sofa" : 12,  "begin" : 185,  "end" : 190 }, 
        {"sofa" : 12,  "begin" : 191,  "end" : 193 }, 
        {"sofa" : 12,  "begin" : 194,  "end" : 204 }, 
        {"sofa" : 12,  "begin" : 205,  "end" : 211 }, 
        {"sofa" : 12,  "begin" : 212,  "end" : 215 }, 
        {"sofa" : 12,  "begin" : 216,  "end" : 218 }, 
        {"sofa" : 12,  "begin" : 219,  "end" : 221 }, 
        {"sofa" : 12,  "begin" : 222,  "end" : 228 }, 
        {"sofa" : 12,  "begin" : 229,  "end" : 239 }, 
        {"sofa" : 12,  "begin" : 240,  "end" : 242 }, 
        {"sofa" : 12,  "begin" : 243,  "end" : 246 }, 
        {"sofa" : 12,  "begin" : 247,  "end" : 253 }, 
        {"sofa" : 12,  "begin" : 254,  "end" : 269 }, 
        {"sofa" : 12,  "begin" : 270,  "end" : 272 }, 
        {"sofa" : 12,  "begin" : 273,  "end" : 276 }, 
        {"sofa" : 12,  "begin" : 277,  "end" : 281 }, 
        {"sofa" : 12,  "begin" : 282,  "end" : 286 }, 
        {"sofa" : 12,  "begin" : 287,  "end" : 297 }, 
        {"sofa" : 12,  "begin" : 298,  "end" : 299 } ], 
      "Eventclauses" : [
        {"sofa" : 12,  "end" : 44,  "EventPolarity" : "EVE negative",  "Prominence" : "Main" }, 
        {"sofa" : 12,  "begin" : 47,  "end" : 80,  "EventPolarity" : "EVE negative",  "Prominence" : "Main" }, 
        {"sofa" : 12,  "begin" : 82,  "end" : 144,  "EventPolarity" : "EVE negative",  "Prominence" : "Main" }, 
        {"sofa" : 12,  "begin" : 153,  "end" : 181,  "EventPolarity" : "EVE negative",  "Prominence" : "Background" }, 
        {"sofa" : 12,  "begin" : 185,  "end" : 297,  "EventPolarity" : "EVE negative",  "Prominence" : "Main" } ] } }, 
  "_referenced_fss" : {
    "12" : {"_type" : "Sofa",  "sofaNum" : 1,  "sofaID" : "_InitialView",  "mimeType" : "text",  "sofaString" : "Druk op Heilig Hartziekenhuis neemt weer toe : aantal coronapatiënten verdubbeld\n De druk op het Heilig Hartziekenhuis loopt stapsgewijs weer op door de stijgende besmettingscijfers .\n Zowel op intensieve zorgen als op de gewone afdelingen is het aantal coronapatiënten op een week tijd verdubbeld .\n " } } }