{"_context" : {
    "_types" : {
      "DocumentMetaData" : {
        "_feature_types" : {"sofa" : "_ref" } }, 
      "Eventclauses" : {
        "_feature_types" : {"sofa" : "_ref",  "Arguments" : "_ref",  "Polarity" : "_ref",  "PolarityTrigger" : "_ref",  "Sameclause" : "_ref" } }, 
      "Sentence" : {
        "_feature_types" : {"sofa" : "_ref" } }, 
      "Sofa" : {
        "_feature_types" : {"sofaArray" : "_ref" } }, 
      "TagsetDescription" : {
        "_feature_types" : {"sofa" : "_ref",  "tags" : "_ref" } }, 
      "Token" : {
        "_feature_types" : {"sofa" : "_ref",  "parent" : "_ref",  "lemma" : "_ref",  "stem" : "_ref",  "pos" : "_ref",  "morph" : "_ref",  "form" : "_ref" } }, 
      "DocumentAnnotation" : {
        "_feature_types" : {"sofa" : "_ref" }, 
        "_subtypes" : ["DocumentMetaData" ] }, 
      "Annotation" : {
        "_feature_types" : {"sofa" : "_ref" }, 
        "_subtypes" : ["DocumentAnnotation",  "Eventclauses",  "Sentence",  "TagsetDescription",  "Token" ] }, 
      "AnnotationBase" : {
        "_feature_types" : {"sofa" : "_ref" }, 
        "_subtypes" : ["Annotation" ] }, 
      "TOP" : {
        "_subtypes" : ["AnnotationBase",  "Sofa" ] } } }, 
  "_views" : {
    "_InitialView" : {
      "DocumentMetaData" : [
        {"sofa" : 12,  "end" : 387,  "language" : "x-unspecified",  "documentTitle" : "48ae8ee.txt",  "documentId" : "WoutBoven",  "documentUri" : "file:/export/repository/project/114/document/44457/source/WoutBoven",  "collectionId" : "file:/export/repository/project/114/document/44457/source/",  "documentBaseUri" : "file:/export/repository/project/114/document/44457/source/",  "isLastSegment" : false } ], 
      "TagsetDescription" : [
        {"sofa" : 12,  "layer" : "de.tudarmstadt.ukp.dkpro.core.api.syntax.type.dependency.Dependency",  "name" : "UD Universal Dependencies",  "input" : false }, 
        {"sofa" : 12,  "layer" : "webanno.custom.Entities",  "name" : "Entity - mention level types",  "input" : false }, 
        {"sofa" : 12,  "layer" : "webanno.custom.Eventclauses",  "name" : "Event - tense",  "input" : false }, 
        {"sofa" : 12,  "layer" : "webanno.custom.Eventsarguments",  "name" : "eventdna_argument_entities_(auto)",  "input" : false }, 
        {"sofa" : 12,  "layer" : "webanno.custom.Namedentities",  "name" : "NE types",  "input" : false }, 
        {"sofa" : 12,  "layer" : "webanno.custom.EntitiesLETSpreanno",  "name" : "Named entity - types",  "input" : false }, 
        {"sofa" : 12,  "layer" : "de.tudarmstadt.ukp.dkpro.core.api.transform.type.SofaChangeAnnotation",  "name" : "Operation",  "input" : false }, 
        {"sofa" : 12,  "layer" : "de.tudarmstadt.ukp.dkpro.core.api.lexmorph.type.pos.POS",  "name" : "UD Universal POS tags",  "input" : false }, 
        {"sofa" : 12,  "layer" : "webanno.custom.Polaritytriggers",  "name" : "Polarity",  "input" : false }, 
        {"sofa" : 12,  "layer" : "de.tudarmstadt.ukp.dkpro.core.api.segmentation.type.SurfaceForm",  "name" : "Named Entity tags",  "input" : false } ], 
      "Sentence" : [
        {"sofa" : 12,  "end" : 87 }, 
        {"sofa" : 12,  "begin" : 89,  "end" : 164 }, 
        {"sofa" : 12,  "begin" : 166,  "end" : 254 }, 
        {"sofa" : 12,  "begin" : 256,  "end" : 385 } ], 
      "Token" : [
        {"sofa" : 12,  "end" : 2 }, 
        {"sofa" : 12,  "begin" : 3,  "end" : 7 }, 
        {"sofa" : 12,  "begin" : 8,  "end" : 12 }, 
        {"sofa" : 12,  "begin" : 13,  "end" : 19 }, 
        {"sofa" : 12,  "begin" : 20,  "end" : 35 }, 
        {"sofa" : 12,  "begin" : 36,  "end" : 43 }, 
        {"sofa" : 12,  "begin" : 44,  "end" : 45 }, 
        {"sofa" : 12,  "begin" : 46,  "end" : 48 }, 
        {"sofa" : 12,  "begin" : 49,  "end" : 55 }, 
        {"sofa" : 12,  "begin" : 56,  "end" : 64 }, 
        {"sofa" : 12,  "begin" : 65,  "end" : 69 }, 
        {"sofa" : 12,  "begin" : 70,  "end" : 76 }, 
        {"sofa" : 12,  "begin" : 77,  "end" : 87 }, 
        {"sofa" : 12,  "begin" : 89,  "end" : 91 }, 
        {"sofa" : 12,  "begin" : 92,  "end" : 94 }, 
        {"sofa" : 12,  "begin" : 95,  "end" : 99 }, 
        {"sofa" : 12,  "begin" : 100,  "end" : 102 }, 
        {"sofa" : 12,  "begin" : 103,  "end" : 109 }, 
        {"sofa" : 12,  "begin" : 110,  "end" : 116 }, 
        {"sofa" : 12,  "begin" : 117,  "end" : 119 }, 
        {"sofa" : 12,  "begin" : 120,  "end" : 124 }, 
        {"sofa" : 12,  "begin" : 125,  "end" : 129 }, 
        {"sofa" : 12,  "begin" : 130,  "end" : 132 }, 
        {"sofa" : 12,  "begin" : 133,  "end" : 142 }, 
        {"sofa" : 12,  "begin" : 143,  "end" : 146 }, 
        {"sofa" : 12,  "begin" : 147,  "end" : 162 }, 
        {"sofa" : 12,  "begin" : 163,  "end" : 164 }, 
        {"sofa" : 12,  "begin" : 166,  "end" : 175 }, 
        {"sofa" : 12,  "begin" : 176,  "end" : 182 }, 
        {"sofa" : 12,  "begin" : 183,  "end" : 185 }, 
        {"sofa" : 12,  "begin" : 186,  "end" : 188 }, 
        {"sofa" : 12,  "begin" : 189,  "end" : 198 }, 
        {"sofa" : 12,  "begin" : 199,  "end" : 201 }, 
        {"sofa" : 12,  "begin" : 202,  "end" : 204 }, 
        {"sofa" : 12,  "begin" : 205,  "end" : 211 }, 
        {"sofa" : 12,  "begin" : 212,  "end" : 226 }, 
        {"sofa" : 12,  "begin" : 227,  "end" : 229 }, 
        {"sofa" : 12,  "begin" : 230,  "end" : 231 }, 
        {"sofa" : 12,  "begin" : 232,  "end" : 234 }, 
        {"sofa" : 12,  "begin" : 235,  "end" : 245 }, 
        {"sofa" : 12,  "begin" : 246,  "end" : 252 }, 
        {"sofa" : 12,  "begin" : 253,  "end" : 254 }, 
        {"sofa" : 12,  "begin" : 256,  "end" : 259 }, 
        {"sofa" : 12,  "begin" : 260,  "end" : 271 }, 
        {"sofa" : 12,  "begin" : 272,  "end" : 274 }, 
        {"sofa" : 12,  "begin" : 275,  "end" : 284 }, 
        {"sofa" : 12,  "begin" : 285,  "end" : 288 }, 
        {"sofa" : 12,  "begin" : 289,  "end" : 297 }, 
        {"sofa" : 12,  "begin" : 298,  "end" : 302 }, 
        {"sofa" : 12,  "begin" : 303,  "end" : 308 }, 
        {"sofa" : 12,  "begin" : 309,  "end" : 315 }, 
        {"sofa" : 12,  "begin" : 316,  "end" : 325 }, 
        {"sofa" : 12,  "begin" : 326,  "end" : 327 }, 
        {"sofa" : 12,  "begin" : 328,  "end" : 333 }, 
        {"sofa" : 12,  "begin" : 334,  "end" : 342 }, 
        {"sofa" : 12,  "begin" : 343,  "end" : 352 }, 
        {"sofa" : 12,  "begin" : 353,  "end" : 359 }, 
        {"sofa" : 12,  "begin" : 360,  "end" : 369 }, 
        {"sofa" : 12,  "begin" : 370,  "end" : 378 }, 
        {"sofa" : 12,  "begin" : 379,  "end" : 383 }, 
        {"sofa" : 12,  "begin" : 384,  "end" : 385 } ], 
      "Eventclauses" : [
        {"sofa" : 12,  "end" : 43,  "EventPolarity" : "EVE negative",  "Prominence" : "Background" }, 
        {"sofa" : 12,  "begin" : 46,  "end" : 87,  "EventPolarity" : "EVE negative",  "Prominence" : "Main" }, 
        {"sofa" : 12,  "begin" : 89,  "end" : 124,  "EventPolarity" : "EVE negative",  "Prominence" : "Background" }, 
        {"sofa" : 12,  "begin" : 133,  "end" : 162,  "EventPolarity" : "EVE negative",  "Prominence" : "Background" }, 
        {"sofa" : 12,  "begin" : 166,  "end" : 252,  "EventPolarity" : "EVE negative",  "Prominence" : "Background" }, 
        {"sofa" : 12,  "begin" : 256,  "end" : 325,  "EventPolarity" : "EVE negative",  "Prominence" : "Background" } ] } }, 
  "_referenced_fss" : {
    "12" : {"_type" : "Sofa",  "sofaNum" : 1,  "sofaID" : "_InitialView",  "mimeType" : "text",  "sofaString" : "AZ West ziet aantal coronapatiënten stijgen : We zullen bepaalde zorg moeten uitstellen\n In AZ West in Veurne stijgt de druk door de toestroom van coronapatiënten .\n Momenteel liggen er 12 patiënten op de gewone Covid-afdeling en 3 op Intensieve Zorgen .\n Een boosterprik in september had wellicht veel kwaad kunnen vermijden , stelt algemeen directeur Lieven Vermeulen kritisch vast .\n " } } }