{"_context" : {
    "_types" : {
      "DocumentMetaData" : {
        "_feature_types" : {"sofa" : "_ref" } }, 
      "Eventclauses" : {
        "_feature_types" : {"sofa" : "_ref",  "Arguments" : "_ref",  "Polarity" : "_ref",  "PolarityTrigger" : "_ref",  "Sameclause" : "_ref" } }, 
      "Sentence" : {
        "_feature_types" : {"sofa" : "_ref" } }, 
      "Sofa" : {
        "_feature_types" : {"sofaArray" : "_ref" } }, 
      "TagsetDescription" : {
        "_feature_types" : {"sofa" : "_ref",  "tags" : "_ref" } }, 
      "Token" : {
        "_feature_types" : {"sofa" : "_ref",  "parent" : "_ref",  "lemma" : "_ref",  "stem" : "_ref",  "pos" : "_ref",  "morph" : "_ref",  "form" : "_ref" } }, 
      "DocumentAnnotation" : {
        "_feature_types" : {"sofa" : "_ref" }, 
        "_subtypes" : ["DocumentMetaData" ] }, 
      "Annotation" : {
        "_feature_types" : {"sofa" : "_ref" }, 
        "_subtypes" : ["DocumentAnnotation",  "Eventclauses",  "Sentence",  "TagsetDescription",  "Token" ] }, 
      "AnnotationBase" : {
        "_feature_types" : {"sofa" : "_ref" }, 
        "_subtypes" : ["Annotation" ] }, 
      "TOP" : {
        "_subtypes" : ["AnnotationBase",  "Sofa" ] } } }, 
  "_views" : {
    "_InitialView" : {
      "DocumentMetaData" : [
        {"sofa" : 12,  "end" : 299,  "language" : "x-unspecified",  "documentTitle" : "4c80ab2.txt",  "documentId" : "WoutBoven",  "documentUri" : "file:/export/repository/project/114/document/44469/source/WoutBoven",  "collectionId" : "file:/export/repository/project/114/document/44469/source/",  "documentBaseUri" : "file:/export/repository/project/114/document/44469/source/",  "isLastSegment" : false } ], 
      "TagsetDescription" : [
        {"sofa" : 12,  "layer" : "de.tudarmstadt.ukp.dkpro.core.api.syntax.type.dependency.Dependency",  "name" : "UD Universal Dependencies",  "input" : false }, 
        {"sofa" : 12,  "layer" : "webanno.custom.Entities",  "name" : "Entity - mention level types",  "input" : false }, 
        {"sofa" : 12,  "layer" : "webanno.custom.Eventclauses",  "name" : "Event - tense",  "input" : false }, 
        {"sofa" : 12,  "layer" : "webanno.custom.Eventsarguments",  "name" : "eventdna_argument_entities_(auto)",  "input" : false }, 
        {"sofa" : 12,  "layer" : "webanno.custom.Namedentities",  "name" : "NE types",  "input" : false }, 
        {"sofa" : 12,  "layer" : "webanno.custom.EntitiesLETSpreanno",  "name" : "Named entity - types",  "input" : false }, 
        {"sofa" : 12,  "layer" : "de.tudarmstadt.ukp.dkpro.core.api.transform.type.SofaChangeAnnotation",  "name" : "Operation",  "input" : false }, 
        {"sofa" : 12,  "layer" : "de.tudarmstadt.ukp.dkpro.core.api.lexmorph.type.pos.POS",  "name" : "UD Universal POS tags",  "input" : false }, 
        {"sofa" : 12,  "layer" : "webanno.custom.Polaritytriggers",  "name" : "Polarity",  "input" : false }, 
        {"sofa" : 12,  "layer" : "de.tudarmstadt.ukp.dkpro.core.api.segmentation.type.SurfaceForm",  "name" : "Named Entity tags",  "input" : false } ], 
      "Sentence" : [
        {"sofa" : 12,  "end" : 53 }, 
        {"sofa" : 12,  "begin" : 55,  "end" : 297 } ], 
      "Token" : [
        {"sofa" : 12,  "end" : 10 }, 
        {"sofa" : 12,  "begin" : 11,  "end" : 22 }, 
        {"sofa" : 12,  "begin" : 23,  "end" : 31 }, 
        {"sofa" : 12,  "begin" : 32,  "end" : 41 }, 
        {"sofa" : 12,  "begin" : 42,  "end" : 53 }, 
        {"sofa" : 12,  "begin" : 55,  "end" : 57 }, 
        {"sofa" : 12,  "begin" : 58,  "end" : 61 }, 
        {"sofa" : 12,  "begin" : 62,  "end" : 67 }, 
        {"sofa" : 12,  "begin" : 68,  "end" : 71 }, 
        {"sofa" : 12,  "begin" : 72,  "end" : 74 }, 
        {"sofa" : 12,  "begin" : 75,  "end" : 85 }, 
        {"sofa" : 12,  "begin" : 85,  "end" : 86 }, 
        {"sofa" : 12,  "begin" : 87,  "end" : 89 }, 
        {"sofa" : 12,  "begin" : 90,  "end" : 103 }, 
        {"sofa" : 12,  "begin" : 104,  "end" : 113 }, 
        {"sofa" : 12,  "begin" : 114,  "end" : 115 }, 
        {"sofa" : 12,  "begin" : 116,  "end" : 130 }, 
        {"sofa" : 12,  "begin" : 131,  "end" : 133 }, 
        {"sofa" : 12,  "begin" : 134,  "end" : 144 }, 
        {"sofa" : 12,  "begin" : 145,  "end" : 152 }, 
        {"sofa" : 12,  "begin" : 153,  "end" : 156 }, 
        {"sofa" : 12,  "begin" : 157,  "end" : 160 }, 
        {"sofa" : 12,  "begin" : 161,  "end" : 170 }, 
        {"sofa" : 12,  "begin" : 171,  "end" : 174 }, 
        {"sofa" : 12,  "begin" : 175,  "end" : 186 }, 
        {"sofa" : 12,  "begin" : 187,  "end" : 188 }, 
        {"sofa" : 12,  "begin" : 189,  "end" : 203 }, 
        {"sofa" : 12,  "begin" : 204,  "end" : 205 }, 
        {"sofa" : 12,  "begin" : 206,  "end" : 215 }, 
        {"sofa" : 12,  "begin" : 216,  "end" : 225 }, 
        {"sofa" : 12,  "begin" : 226,  "end" : 237 }, 
        {"sofa" : 12,  "begin" : 238,  "end" : 244 }, 
        {"sofa" : 12,  "begin" : 245,  "end" : 249 }, 
        {"sofa" : 12,  "begin" : 250,  "end" : 253 }, 
        {"sofa" : 12,  "begin" : 254,  "end" : 263 }, 
        {"sofa" : 12,  "begin" : 264,  "end" : 267 }, 
        {"sofa" : 12,  "begin" : 268,  "end" : 274 }, 
        {"sofa" : 12,  "begin" : 275,  "end" : 278 }, 
        {"sofa" : 12,  "begin" : 279,  "end" : 281 }, 
        {"sofa" : 12,  "begin" : 282,  "end" : 295 }, 
        {"sofa" : 12,  "begin" : 296,  "end" : 297 } ], 
      "Eventclauses" : [
        {"sofa" : 12,  "end" : 53,  "EventPolarity" : "EVE negative",  "Prominence" : "Main" }, 
        {"sofa" : 12,  "begin" : 55,  "end" : 103,  "EventPolarity" : "EVE neutral",  "Prominence" : "Background" }, 
        {"sofa" : 12,  "begin" : 153,  "end" : 244,  "EventPolarity" : "EVE negative",  "Prominence" : "Main" }, 
        {"sofa" : 12,  "begin" : 245,  "end" : 295,  "EventPolarity" : "EVE neutral",  "Prominence" : "Background" } ] } }, 
  "_referenced_fss" : {
    "12" : {"_type" : "Sofa",  "sofaNum" : 1,  "sofaID" : "_InitialView",  "mimeType" : "text",  "sofaString" : "Kruisspunt Driesstraat Wezepoel tijdelijk onderbroken\n In het kader van de riolerings- en wegeniswerken Bosstraat , Wezepoelstraat en aanpalende straten zal het kruispunt aan Driesstraat - Wezepoelstraat - Eekstraat tijdelijk onderbroken worden voor het uitvoeren van werken aan de nutsleidingen .\n " } } }