{"_context" : {
    "_types" : {
      "DocumentMetaData" : {
        "_feature_types" : {"sofa" : "_ref" } }, 
      "Eventclauses" : {
        "_feature_types" : {"sofa" : "_ref",  "Arguments" : "_ref",  "Polarity" : "_ref",  "PolarityTrigger" : "_ref",  "Sameclause" : "_ref" } }, 
      "Sentence" : {
        "_feature_types" : {"sofa" : "_ref" } }, 
      "Sofa" : {
        "_feature_types" : {"sofaArray" : "_ref" } }, 
      "TagsetDescription" : {
        "_feature_types" : {"sofa" : "_ref",  "tags" : "_ref" } }, 
      "Token" : {
        "_feature_types" : {"sofa" : "_ref",  "parent" : "_ref",  "lemma" : "_ref",  "stem" : "_ref",  "pos" : "_ref",  "morph" : "_ref",  "form" : "_ref" } }, 
      "DocumentAnnotation" : {
        "_feature_types" : {"sofa" : "_ref" }, 
        "_subtypes" : ["DocumentMetaData" ] }, 
      "Annotation" : {
        "_feature_types" : {"sofa" : "_ref" }, 
        "_subtypes" : ["DocumentAnnotation",  "Eventclauses",  "Sentence",  "TagsetDescription",  "Token" ] }, 
      "AnnotationBase" : {
        "_feature_types" : {"sofa" : "_ref" }, 
        "_subtypes" : ["Annotation" ] }, 
      "TOP" : {
        "_subtypes" : ["AnnotationBase",  "Sofa" ] } } }, 
  "_views" : {
    "_InitialView" : {
      "DocumentMetaData" : [
        {"sofa" : 12,  "end" : 341,  "language" : "x-unspecified",  "documentTitle" : "63cd95c.txt",  "documentId" : "WoutBoven",  "documentUri" : "file:/export/repository/project/114/document/44456/source/WoutBoven",  "collectionId" : "file:/export/repository/project/114/document/44456/source/",  "documentBaseUri" : "file:/export/repository/project/114/document/44456/source/",  "isLastSegment" : false } ], 
      "TagsetDescription" : [
        {"sofa" : 12,  "layer" : "de.tudarmstadt.ukp.dkpro.core.api.syntax.type.dependency.Dependency",  "name" : "UD Universal Dependencies",  "input" : false }, 
        {"sofa" : 12,  "layer" : "webanno.custom.Entities",  "name" : "Entity - mention level types",  "input" : false }, 
        {"sofa" : 12,  "layer" : "webanno.custom.Eventclauses",  "name" : "Event - tense",  "input" : false }, 
        {"sofa" : 12,  "layer" : "webanno.custom.Eventsarguments",  "name" : "eventdna_argument_entities_(auto)",  "input" : false }, 
        {"sofa" : 12,  "layer" : "webanno.custom.Namedentities",  "name" : "NE types",  "input" : false }, 
        {"sofa" : 12,  "layer" : "webanno.custom.EntitiesLETSpreanno",  "name" : "Named entity - types",  "input" : false }, 
        {"sofa" : 12,  "layer" : "de.tudarmstadt.ukp.dkpro.core.api.transform.type.SofaChangeAnnotation",  "name" : "Operation",  "input" : false }, 
        {"sofa" : 12,  "layer" : "de.tudarmstadt.ukp.dkpro.core.api.lexmorph.type.pos.POS",  "name" : "UD Universal POS tags",  "input" : false }, 
        {"sofa" : 12,  "layer" : "webanno.custom.Polaritytriggers",  "name" : "Polarity",  "input" : false }, 
        {"sofa" : 12,  "layer" : "de.tudarmstadt.ukp.dkpro.core.api.segmentation.type.SurfaceForm",  "name" : "Named Entity tags",  "input" : false } ], 
      "Sentence" : [
        {"sofa" : 12,  "end" : 65 }, 
        {"sofa" : 12,  "begin" : 67,  "end" : 173 }, 
        {"sofa" : 12,  "begin" : 175,  "end" : 223 }, 
        {"sofa" : 12,  "begin" : 225,  "end" : 339 } ], 
      "Token" : [
        {"sofa" : 12,  "end" : 12 }, 
        {"sofa" : 12,  "begin" : 13,  "end" : 19 }, 
        {"sofa" : 12,  "begin" : 20,  "end" : 24 }, 
        {"sofa" : 12,  "begin" : 25,  "end" : 34 }, 
        {"sofa" : 12,  "begin" : 35,  "end" : 48 }, 
        {"sofa" : 12,  "begin" : 49,  "end" : 51 }, 
        {"sofa" : 12,  "begin" : 52,  "end" : 57 }, 
        {"sofa" : 12,  "begin" : 58,  "end" : 65 }, 
        {"sofa" : 12,  "begin" : 67,  "end" : 70 }, 
        {"sofa" : 12,  "begin" : 71,  "end" : 74 }, 
        {"sofa" : 12,  "begin" : 75,  "end" : 82 }, 
        {"sofa" : 12,  "begin" : 83,  "end" : 85 }, 
        {"sofa" : 12,  "begin" : 86,  "end" : 88 }, 
        {"sofa" : 12,  "begin" : 89,  "end" : 104 }, 
        {"sofa" : 12,  "begin" : 105,  "end" : 107 }, 
        {"sofa" : 12,  "begin" : 108,  "end" : 120 }, 
        {"sofa" : 12,  "begin" : 121,  "end" : 127 }, 
        {"sofa" : 12,  "begin" : 128,  "end" : 136 }, 
        {"sofa" : 12,  "begin" : 137,  "end" : 142 }, 
        {"sofa" : 12,  "begin" : 143,  "end" : 149 }, 
        {"sofa" : 12,  "begin" : 150,  "end" : 154 }, 
        {"sofa" : 12,  "begin" : 155,  "end" : 159 }, 
        {"sofa" : 12,  "begin" : 160,  "end" : 171 }, 
        {"sofa" : 12,  "begin" : 172,  "end" : 173 }, 
        {"sofa" : 12,  "begin" : 175,  "end" : 178 }, 
        {"sofa" : 12,  "begin" : 179,  "end" : 183 }, 
        {"sofa" : 12,  "begin" : 184,  "end" : 187 }, 
        {"sofa" : 12,  "begin" : 188,  "end" : 190 }, 
        {"sofa" : 12,  "begin" : 191,  "end" : 196 }, 
        {"sofa" : 12,  "begin" : 197,  "end" : 207 }, 
        {"sofa" : 12,  "begin" : 208,  "end" : 212 }, 
        {"sofa" : 12,  "begin" : 213,  "end" : 216 }, 
        {"sofa" : 12,  "begin" : 217,  "end" : 221 }, 
        {"sofa" : 12,  "begin" : 222,  "end" : 223 }, 
        {"sofa" : 12,  "begin" : 225,  "end" : 227 }, 
        {"sofa" : 12,  "begin" : 228,  "end" : 240 }, 
        {"sofa" : 12,  "begin" : 241,  "end" : 247 }, 
        {"sofa" : 12,  "begin" : 248,  "end" : 250 }, 
        {"sofa" : 12,  "begin" : 251,  "end" : 254 }, 
        {"sofa" : 12,  "begin" : 255,  "end" : 257 }, 
        {"sofa" : 12,  "begin" : 258,  "end" : 269 }, 
        {"sofa" : 12,  "begin" : 270,  "end" : 276 }, 
        {"sofa" : 12,  "begin" : 277,  "end" : 281 }, 
        {"sofa" : 12,  "begin" : 282,  "end" : 290 }, 
        {"sofa" : 12,  "begin" : 291,  "end" : 299 }, 
        {"sofa" : 12,  "begin" : 300,  "end" : 302 }, 
        {"sofa" : 12,  "begin" : 303,  "end" : 308 }, 
        {"sofa" : 12,  "begin" : 309,  "end" : 317 }, 
        {"sofa" : 12,  "begin" : 318,  "end" : 320 }, 
        {"sofa" : 12,  "begin" : 321,  "end" : 330 }, 
        {"sofa" : 12,  "begin" : 331,  "end" : 337 }, 
        {"sofa" : 12,  "begin" : 338,  "end" : 339 } ], 
      "Eventclauses" : [
        {"sofa" : 12,  "end" : 48,  "EventPolarity" : "EVE positive",  "Prominence" : "Main" }, 
        {"sofa" : 12,  "begin" : 49,  "end" : 65,  "EventPolarity" : "EVE negative",  "Prominence" : "Background" }, 
        {"sofa" : 12,  "begin" : 67,  "end" : 171,  "EventPolarity" : "EVE negative",  "Prominence" : "Background" }, 
        {"sofa" : 12,  "begin" : 175,  "end" : 221,  "EventPolarity" : "EVE negative",  "Prominence" : "Background" }, 
        {"sofa" : 12,  "begin" : 225,  "end" : 250,  "EventPolarity" : "EVE neutral",  "Prominence" : "Background" }, 
        {"sofa" : 12,  "begin" : 255,  "end" : 337,  "EventPolarity" : "EVE positive",  "Prominence" : "Main" } ] } }, 
  "_referenced_fss" : {
    "12" : {"_type" : "Sofa",  "sofaNum" : 1,  "sofaID" : "_InitialView",  "mimeType" : "text",  "sofaString" : "Fietsersbond ijvert voor veiligere fietsomgeving na zwaar ongeval\n Bij een ongeval in de Windmolenstraat in Sint-Truiden raakte huisarts Frank eerder deze week zwaargewond .\n Hij werd met de fiets aangereden door een auto .\n De Fietsersbond vraagt nu dat de gevaarlijke punten voor fietsers dringend in kaart gebracht en aangepast worden .\n " } } }