{"_context" : {
    "_types" : {
      "DocumentMetaData" : {
        "_feature_types" : {"sofa" : "_ref" } }, 
      "Eventclauses" : {
        "_feature_types" : {"sofa" : "_ref",  "Arguments" : "_ref",  "Polarity" : "_ref",  "PolarityTrigger" : "_ref",  "Sameclause" : "_ref" } }, 
      "Sentence" : {
        "_feature_types" : {"sofa" : "_ref" } }, 
      "Sofa" : {
        "_feature_types" : {"sofaArray" : "_ref" } }, 
      "TagsetDescription" : {
        "_feature_types" : {"sofa" : "_ref",  "tags" : "_ref" } }, 
      "Token" : {
        "_feature_types" : {"sofa" : "_ref",  "parent" : "_ref",  "lemma" : "_ref",  "stem" : "_ref",  "pos" : "_ref",  "morph" : "_ref",  "form" : "_ref" } }, 
      "DocumentAnnotation" : {
        "_feature_types" : {"sofa" : "_ref" }, 
        "_subtypes" : ["DocumentMetaData" ] }, 
      "Annotation" : {
        "_feature_types" : {"sofa" : "_ref" }, 
        "_subtypes" : ["DocumentAnnotation",  "Eventclauses",  "Sentence",  "TagsetDescription",  "Token" ] }, 
      "AnnotationBase" : {
        "_feature_types" : {"sofa" : "_ref" }, 
        "_subtypes" : ["Annotation" ] }, 
      "TOP" : {
        "_subtypes" : ["AnnotationBase",  "Sofa" ] } } }, 
  "_views" : {
    "_InitialView" : {
      "DocumentMetaData" : [
        {"sofa" : 12,  "end" : 351,  "language" : "x-unspecified",  "documentTitle" : "659e787.txt",  "documentId" : "WoutBoven",  "documentUri" : "file:/export/repository/project/114/document/44441/source/WoutBoven",  "collectionId" : "file:/export/repository/project/114/document/44441/source/",  "documentBaseUri" : "file:/export/repository/project/114/document/44441/source/",  "isLastSegment" : false } ], 
      "TagsetDescription" : [
        {"sofa" : 12,  "layer" : "de.tudarmstadt.ukp.dkpro.core.api.syntax.type.dependency.Dependency",  "name" : "UD Universal Dependencies",  "input" : false }, 
        {"sofa" : 12,  "layer" : "webanno.custom.Entities",  "name" : "Entity - mention level types",  "input" : false }, 
        {"sofa" : 12,  "layer" : "webanno.custom.Eventclauses",  "name" : "Event - tense",  "input" : false }, 
        {"sofa" : 12,  "layer" : "webanno.custom.Eventsarguments",  "name" : "eventdna_argument_entities_(auto)",  "input" : false }, 
        {"sofa" : 12,  "layer" : "webanno.custom.Namedentities",  "name" : "NE types",  "input" : false }, 
        {"sofa" : 12,  "layer" : "webanno.custom.EntitiesLETSpreanno",  "name" : "Named entity - types",  "input" : false }, 
        {"sofa" : 12,  "layer" : "de.tudarmstadt.ukp.dkpro.core.api.transform.type.SofaChangeAnnotation",  "name" : "Operation",  "input" : false }, 
        {"sofa" : 12,  "layer" : "de.tudarmstadt.ukp.dkpro.core.api.lexmorph.type.pos.POS",  "name" : "UD Universal POS tags",  "input" : false }, 
        {"sofa" : 12,  "layer" : "webanno.custom.Polaritytriggers",  "name" : "Polarity",  "input" : false }, 
        {"sofa" : 12,  "layer" : "de.tudarmstadt.ukp.dkpro.core.api.segmentation.type.SurfaceForm",  "name" : "Named Entity tags",  "input" : false } ], 
      "Sentence" : [
        {"sofa" : 12,  "end" : 107 }, 
        {"sofa" : 12,  "begin" : 109,  "end" : 166 }, 
        {"sofa" : 12,  "begin" : 168,  "end" : 226 }, 
        {"sofa" : 12,  "begin" : 228,  "end" : 349 } ], 
      "Token" : [
        {"sofa" : 12,  "end" : 4 }, 
        {"sofa" : 12,  "begin" : 5,  "end" : 9 }, 
        {"sofa" : 12,  "begin" : 10,  "end" : 12 }, 
        {"sofa" : 12,  "begin" : 13,  "end" : 14 }, 
        {"sofa" : 12,  "begin" : 14,  "end" : 21 }, 
        {"sofa" : 12,  "begin" : 21,  "end" : 22 }, 
        {"sofa" : 12,  "begin" : 23,  "end" : 24 }, 
        {"sofa" : 12,  "begin" : 25,  "end" : 34 }, 
        {"sofa" : 12,  "begin" : 35,  "end" : 41 }, 
        {"sofa" : 12,  "begin" : 42,  "end" : 46 }, 
        {"sofa" : 12,  "begin" : 47,  "end" : 49 }, 
        {"sofa" : 12,  "begin" : 50,  "end" : 58 }, 
        {"sofa" : 12,  "begin" : 59,  "end" : 63 }, 
        {"sofa" : 12,  "begin" : 64,  "end" : 68 }, 
        {"sofa" : 12,  "begin" : 69,  "end" : 70 }, 
        {"sofa" : 12,  "begin" : 71,  "end" : 74 }, 
        {"sofa" : 12,  "begin" : 75,  "end" : 78 }, 
        {"sofa" : 12,  "begin" : 79,  "end" : 80 }, 
        {"sofa" : 12,  "begin" : 81,  "end" : 84 }, 
        {"sofa" : 12,  "begin" : 85,  "end" : 87 }, 
        {"sofa" : 12,  "begin" : 88,  "end" : 92 }, 
        {"sofa" : 12,  "begin" : 93,  "end" : 97 }, 
        {"sofa" : 12,  "begin" : 98,  "end" : 105 }, 
        {"sofa" : 12,  "begin" : 106,  "end" : 107 }, 
        {"sofa" : 12,  "begin" : 109,  "end" : 111 }, 
        {"sofa" : 12,  "begin" : 112,  "end" : 117 }, 
        {"sofa" : 12,  "begin" : 118,  "end" : 122 }, 
        {"sofa" : 12,  "begin" : 123,  "end" : 127 }, 
        {"sofa" : 12,  "begin" : 128,  "end" : 131 }, 
        {"sofa" : 12,  "begin" : 132,  "end" : 134 }, 
        {"sofa" : 12,  "begin" : 135,  "end" : 143 }, 
        {"sofa" : 12,  "begin" : 144,  "end" : 146 }, 
        {"sofa" : 12,  "begin" : 147,  "end" : 154 }, 
        {"sofa" : 12,  "begin" : 155,  "end" : 159 }, 
        {"sofa" : 12,  "begin" : 160,  "end" : 164 }, 
        {"sofa" : 12,  "begin" : 165,  "end" : 166 }, 
        {"sofa" : 12,  "begin" : 168,  "end" : 170 }, 
        {"sofa" : 12,  "begin" : 171,  "end" : 178 }, 
        {"sofa" : 12,  "begin" : 179,  "end" : 184 }, 
        {"sofa" : 12,  "begin" : 185,  "end" : 189 }, 
        {"sofa" : 12,  "begin" : 190,  "end" : 191 }, 
        {"sofa" : 12,  "begin" : 192,  "end" : 196 }, 
        {"sofa" : 12,  "begin" : 197,  "end" : 204 }, 
        {"sofa" : 12,  "begin" : 205,  "end" : 206 }, 
        {"sofa" : 12,  "begin" : 207,  "end" : 213 }, 
        {"sofa" : 12,  "begin" : 214,  "end" : 218 }, 
        {"sofa" : 12,  "begin" : 219,  "end" : 224 }, 
        {"sofa" : 12,  "begin" : 225,  "end" : 226 }, 
        {"sofa" : 12,  "begin" : 228,  "end" : 232 }, 
        {"sofa" : 12,  "begin" : 233,  "end" : 234 }, 
        {"sofa" : 12,  "begin" : 235,  "end" : 242 }, 
        {"sofa" : 12,  "begin" : 243,  "end" : 248 }, 
        {"sofa" : 12,  "begin" : 249,  "end" : 250 }, 
        {"sofa" : 12,  "begin" : 251,  "end" : 258 }, 
        {"sofa" : 12,  "begin" : 259,  "end" : 262 }, 
        {"sofa" : 12,  "begin" : 263,  "end" : 271 }, 
        {"sofa" : 12,  "begin" : 272,  "end" : 273 }, 
        {"sofa" : 12,  "begin" : 274,  "end" : 280 }, 
        {"sofa" : 12,  "begin" : 281,  "end" : 289 }, 
        {"sofa" : 12,  "begin" : 290,  "end" : 291 }, 
        {"sofa" : 12,  "begin" : 292,  "end" : 297 }, 
        {"sofa" : 12,  "begin" : 298,  "end" : 300 }, 
        {"sofa" : 12,  "begin" : 301,  "end" : 304 }, 
        {"sofa" : 12,  "begin" : 305,  "end" : 309 }, 
        {"sofa" : 12,  "begin" : 310,  "end" : 314 }, 
        {"sofa" : 12,  "begin" : 315,  "end" : 318 }, 
        {"sofa" : 12,  "begin" : 319,  "end" : 323 }, 
        {"sofa" : 12,  "begin" : 324,  "end" : 326 }, 
        {"sofa" : 12,  "begin" : 327,  "end" : 330 }, 
        {"sofa" : 12,  "begin" : 331,  "end" : 334 }, 
        {"sofa" : 12,  "begin" : 335,  "end" : 347 }, 
        {"sofa" : 12,  "begin" : 348,  "end" : 349 } ], 
      "Eventclauses" : [
        {"sofa" : 12,  "end" : 22,  "EventPolarity" : "EVE neutral",  "Prominence" : "Background" }, 
        {"sofa" : 12,  "begin" : 25,  "end" : 68,  "EventPolarity" : "EVE negative",  "Prominence" : "Main" }, 
        {"sofa" : 12,  "begin" : 263,  "end" : 297,  "EventPolarity" : "EVE negative",  "Prominence" : "Background" }, 
        {"sofa" : 12,  "begin" : 305,  "end" : 347,  "EventPolarity" : "EVE negative",  "Prominence" : "Background" } ] } }, 
  "_referenced_fss" : {
    "12" : {"_type" : "Sofa",  "sofaNum" : 1,  "sofaID" : "_InitialView",  "mimeType" : "text",  "sofaString" : "Deze week in ' Familie ' : spelletje tussen Leon en Brigitte gaat door : wie kan , mag en moet Lars geloven ?\n Er staat weer heel wat te gebeuren in Familie deze week .\n En opnieuw staat Lars ( Kürt Rogiers ) tussen twee vuren .\n Leon ( Herbert Flack ) beweert dat Brigitte ( Janine Bischops ) liegt en dat Lars niet het kind is van een verkrachting .\n " } } }
