{"_context" : {
    "_types" : {
      "DocumentMetaData" : {
        "_feature_types" : {"sofa" : "_ref" } }, 
      "Eventclauses" : {
        "_feature_types" : {"sofa" : "_ref",  "Arguments" : "_ref",  "Polarity" : "_ref",  "PolarityTrigger" : "_ref",  "Sameclause" : "_ref" } }, 
      "Sentence" : {
        "_feature_types" : {"sofa" : "_ref" } }, 
      "Sofa" : {
        "_feature_types" : {"sofaArray" : "_ref" } }, 
      "TagsetDescription" : {
        "_feature_types" : {"sofa" : "_ref",  "tags" : "_ref" } }, 
      "Token" : {
        "_feature_types" : {"sofa" : "_ref",  "parent" : "_ref",  "lemma" : "_ref",  "stem" : "_ref",  "pos" : "_ref",  "morph" : "_ref",  "form" : "_ref" } }, 
      "DocumentAnnotation" : {
        "_feature_types" : {"sofa" : "_ref" }, 
        "_subtypes" : ["DocumentMetaData" ] }, 
      "Annotation" : {
        "_feature_types" : {"sofa" : "_ref" }, 
        "_subtypes" : ["DocumentAnnotation",  "Eventclauses",  "Sentence",  "TagsetDescription",  "Token" ] }, 
      "AnnotationBase" : {
        "_feature_types" : {"sofa" : "_ref" }, 
        "_subtypes" : ["Annotation" ] }, 
      "TOP" : {
        "_subtypes" : ["AnnotationBase",  "Sofa" ] } } }, 
  "_views" : {
    "_InitialView" : {
      "DocumentMetaData" : [
        {"sofa" : 12,  "end" : 282,  "language" : "x-unspecified",  "documentTitle" : "72d28a3.txt",  "documentId" : "WoutBoven",  "documentUri" : "file:/export/repository/project/114/document/44455/source/WoutBoven",  "collectionId" : "file:/export/repository/project/114/document/44455/source/",  "documentBaseUri" : "file:/export/repository/project/114/document/44455/source/",  "isLastSegment" : false } ], 
      "TagsetDescription" : [
        {"sofa" : 12,  "layer" : "de.tudarmstadt.ukp.dkpro.core.api.syntax.type.dependency.Dependency",  "name" : "UD Universal Dependencies",  "input" : false }, 
        {"sofa" : 12,  "layer" : "webanno.custom.Entities",  "name" : "Entity - mention level types",  "input" : false }, 
        {"sofa" : 12,  "layer" : "webanno.custom.Eventclauses",  "name" : "Event - tense",  "input" : false }, 
        {"sofa" : 12,  "layer" : "webanno.custom.Eventsarguments",  "name" : "eventdna_argument_entities_(auto)",  "input" : false }, 
        {"sofa" : 12,  "layer" : "webanno.custom.Namedentities",  "name" : "NE types",  "input" : false }, 
        {"sofa" : 12,  "layer" : "webanno.custom.EntitiesLETSpreanno",  "name" : "Named entity - types",  "input" : false }, 
        {"sofa" : 12,  "layer" : "de.tudarmstadt.ukp.dkpro.core.api.transform.type.SofaChangeAnnotation",  "name" : "Operation",  "input" : false }, 
        {"sofa" : 12,  "layer" : "de.tudarmstadt.ukp.dkpro.core.api.lexmorph.type.pos.POS",  "name" : "UD Universal POS tags",  "input" : false }, 
        {"sofa" : 12,  "layer" : "webanno.custom.Polaritytriggers",  "name" : "Polarity",  "input" : false }, 
        {"sofa" : 12,  "layer" : "de.tudarmstadt.ukp.dkpro.core.api.segmentation.type.SurfaceForm",  "name" : "Named Entity tags",  "input" : false } ], 
      "Sentence" : [
        {"sofa" : 12,  "end" : 69 }, 
        {"sofa" : 12,  "begin" : 71,  "end" : 251 }, 
        {"sofa" : 12,  "begin" : 253,  "end" : 280 } ], 
      "Token" : [
        {"sofa" : 12,  "end" : 7 }, 
        {"sofa" : 12,  "begin" : 8,  "end" : 16 }, 
        {"sofa" : 12,  "begin" : 17,  "end" : 28 }, 
        {"sofa" : 12,  "begin" : 29,  "end" : 38 }, 
        {"sofa" : 12,  "begin" : 39,  "end" : 43 }, 
        {"sofa" : 12,  "begin" : 44,  "end" : 54 }, 
        {"sofa" : 12,  "begin" : 55,  "end" : 57 }, 
        {"sofa" : 12,  "begin" : 58,  "end" : 60 }, 
        {"sofa" : 12,  "begin" : 61,  "end" : 69 }, 
        {"sofa" : 12,  "begin" : 71,  "end" : 73 }, 
        {"sofa" : 12,  "begin" : 74,  "end" : 83 }, 
        {"sofa" : 12,  "begin" : 84,  "end" : 86 }, 
        {"sofa" : 12,  "begin" : 87,  "end" : 95 }, 
        {"sofa" : 12,  "begin" : 96,  "end" : 107 }, 
        {"sofa" : 12,  "begin" : 108,  "end" : 115 }, 
        {"sofa" : 12,  "begin" : 116,  "end" : 124 }, 
        {"sofa" : 12,  "begin" : 125,  "end" : 126 }, 
        {"sofa" : 12,  "begin" : 127,  "end" : 130 }, 
        {"sofa" : 12,  "begin" : 131,  "end" : 143 }, 
        {"sofa" : 12,  "begin" : 144,  "end" : 150 }, 
        {"sofa" : 12,  "begin" : 151,  "end" : 154 }, 
        {"sofa" : 12,  "begin" : 155,  "end" : 160 }, 
        {"sofa" : 12,  "begin" : 161,  "end" : 171 }, 
        {"sofa" : 12,  "begin" : 172,  "end" : 173 }, 
        {"sofa" : 12,  "begin" : 174,  "end" : 177 }, 
        {"sofa" : 12,  "begin" : 178,  "end" : 188 }, 
        {"sofa" : 12,  "begin" : 189,  "end" : 191 }, 
        {"sofa" : 12,  "begin" : 192,  "end" : 194 }, 
        {"sofa" : 12,  "begin" : 195,  "end" : 199 }, 
        {"sofa" : 12,  "begin" : 200,  "end" : 207 }, 
        {"sofa" : 12,  "begin" : 208,  "end" : 209 }, 
        {"sofa" : 12,  "begin" : 210,  "end" : 213 }, 
        {"sofa" : 12,  "begin" : 214,  "end" : 223 }, 
        {"sofa" : 12,  "begin" : 224,  "end" : 228 }, 
        {"sofa" : 12,  "begin" : 229,  "end" : 232 }, 
        {"sofa" : 12,  "begin" : 233,  "end" : 238 }, 
        {"sofa" : 12,  "begin" : 239,  "end" : 249 }, 
        {"sofa" : 12,  "begin" : 250,  "end" : 251 }, 
        {"sofa" : 12,  "begin" : 253,  "end" : 267 }, 
        {"sofa" : 12,  "begin" : 268,  "end" : 271 }, 
        {"sofa" : 12,  "begin" : 272,  "end" : 278 }, 
        {"sofa" : 12,  "begin" : 279,  "end" : 280 } ], 
      "Eventclauses" : [
        {"sofa" : 12,  "end" : 54,  "EventPolarity" : "EVE neutral",  "Prominence" : "Main" }, 
        {"sofa" : 12,  "begin" : 96,  "end" : 249,  "EventPolarity" : "EVE neutral",  "Prominence" : "Main" }, 
        {"sofa" : 12,  "begin" : 253,  "end" : 278,  "EventPolarity" : "EVE neutral",  "Prominence" : "Background" } ] } }, 
  "_referenced_fss" : {
    "12" : {"_type" : "Sofa",  "sofaNum" : 1,  "sofaID" : "_InitialView",  "mimeType" : "text",  "sofaString" : "Hasselt Zorgstad organiseert infoavond rond mantelzorg op 18 november\n Op donderdag 18 november organiseert Hasselt Zorgstad , een samenwerking tussen het Jessa Ziekenhuis , PXL Hogeschool en de stad Hasselt , een infoavond rond het thema mantelzorg .\n Inschrijvenkan nog steeds .\n " } } }