{"_context" : {
    "_types" : {
      "DocumentMetaData" : {
        "_feature_types" : {"sofa" : "_ref" } }, 
      "Eventclauses" : {
        "_feature_types" : {"sofa" : "_ref",  "Arguments" : "_ref",  "Polarity" : "_ref",  "PolarityTrigger" : "_ref",  "Sameclause" : "_ref" } }, 
      "Sentence" : {
        "_feature_types" : {"sofa" : "_ref" } }, 
      "Sofa" : {
        "_feature_types" : {"sofaArray" : "_ref" } }, 
      "TagsetDescription" : {
        "_feature_types" : {"sofa" : "_ref",  "tags" : "_ref" } }, 
      "Token" : {
        "_feature_types" : {"sofa" : "_ref",  "parent" : "_ref",  "lemma" : "_ref",  "stem" : "_ref",  "pos" : "_ref",  "morph" : "_ref",  "form" : "_ref" } }, 
      "DocumentAnnotation" : {
        "_feature_types" : {"sofa" : "_ref" }, 
        "_subtypes" : ["DocumentMetaData" ] }, 
      "Annotation" : {
        "_feature_types" : {"sofa" : "_ref" }, 
        "_subtypes" : ["DocumentAnnotation",  "Eventclauses",  "Sentence",  "TagsetDescription",  "Token" ] }, 
      "AnnotationBase" : {
        "_feature_types" : {"sofa" : "_ref" }, 
        "_subtypes" : ["Annotation" ] }, 
      "TOP" : {
        "_subtypes" : ["AnnotationBase",  "Sofa" ] } } }, 
  "_views" : {
    "_InitialView" : {
      "DocumentMetaData" : [
        {"sofa" : 12,  "end" : 480,  "language" : "x-unspecified",  "documentTitle" : "7d01172.txt",  "documentId" : "WoutBoven",  "documentUri" : "file:/export/repository/project/114/document/44467/source/WoutBoven",  "collectionId" : "file:/export/repository/project/114/document/44467/source/",  "documentBaseUri" : "file:/export/repository/project/114/document/44467/source/",  "isLastSegment" : false } ], 
      "TagsetDescription" : [
        {"sofa" : 12,  "layer" : "de.tudarmstadt.ukp.dkpro.core.api.syntax.type.dependency.Dependency",  "name" : "UD Universal Dependencies",  "input" : false }, 
        {"sofa" : 12,  "layer" : "webanno.custom.Entities",  "name" : "Entity - mention level types",  "input" : false }, 
        {"sofa" : 12,  "layer" : "webanno.custom.Eventclauses",  "name" : "Event - tense",  "input" : false }, 
        {"sofa" : 12,  "layer" : "webanno.custom.Eventsarguments",  "name" : "eventdna_argument_entities_(auto)",  "input" : false }, 
        {"sofa" : 12,  "layer" : "webanno.custom.Namedentities",  "name" : "NE types",  "input" : false }, 
        {"sofa" : 12,  "layer" : "webanno.custom.EntitiesLETSpreanno",  "name" : "Named entity - types",  "input" : false }, 
        {"sofa" : 12,  "layer" : "de.tudarmstadt.ukp.dkpro.core.api.transform.type.SofaChangeAnnotation",  "name" : "Operation",  "input" : false }, 
        {"sofa" : 12,  "layer" : "de.tudarmstadt.ukp.dkpro.core.api.lexmorph.type.pos.POS",  "name" : "UD Universal POS tags",  "input" : false }, 
        {"sofa" : 12,  "layer" : "webanno.custom.Polaritytriggers",  "name" : "Polarity",  "input" : false }, 
        {"sofa" : 12,  "layer" : "de.tudarmstadt.ukp.dkpro.core.api.segmentation.type.SurfaceForm",  "name" : "Named Entity tags",  "input" : false } ], 
      "Sentence" : [
        {"sofa" : 12,  "end" : 55 }, 
        {"sofa" : 12,  "begin" : 57,  "end" : 145 }, 
        {"sofa" : 12,  "begin" : 147,  "end" : 292 }, 
        {"sofa" : 12,  "begin" : 294,  "end" : 478 } ], 
      "Token" : [
        {"sofa" : 12,  "end" : 5 }, 
        {"sofa" : 12,  "begin" : 6,  "end" : 12 }, 
        {"sofa" : 12,  "begin" : 13,  "end" : 15 }, 
        {"sofa" : 12,  "begin" : 16,  "end" : 25 }, 
        {"sofa" : 12,  "begin" : 26,  "end" : 33 }, 
        {"sofa" : 12,  "begin" : 34,  "end" : 49 }, 
        {"sofa" : 12,  "begin" : 50,  "end" : 55 }, 
        {"sofa" : 12,  "begin" : 57,  "end" : 62 }, 
        {"sofa" : 12,  "begin" : 63,  "end" : 69 }, 
        {"sofa" : 12,  "begin" : 70,  "end" : 72 }, 
        {"sofa" : 12,  "begin" : 73,  "end" : 82 }, 
        {"sofa" : 12,  "begin" : 83,  "end" : 88 }, 
        {"sofa" : 12,  "begin" : 89,  "end" : 93 }, 
        {"sofa" : 12,  "begin" : 94,  "end" : 102 }, 
        {"sofa" : 12,  "begin" : 103,  "end" : 119 }, 
        {"sofa" : 12,  "begin" : 120,  "end" : 124 }, 
        {"sofa" : 12,  "begin" : 125,  "end" : 127 }, 
        {"sofa" : 12,  "begin" : 128,  "end" : 136 }, 
        {"sofa" : 12,  "begin" : 137,  "end" : 143 }, 
        {"sofa" : 12,  "begin" : 144,  "end" : 145 }, 
        {"sofa" : 12,  "begin" : 147,  "end" : 153 }, 
        {"sofa" : 12,  "begin" : 154,  "end" : 162 }, 
        {"sofa" : 12,  "begin" : 163,  "end" : 166 }, 
        {"sofa" : 12,  "begin" : 167,  "end" : 172 }, 
        {"sofa" : 12,  "begin" : 173,  "end" : 181 }, 
        {"sofa" : 12,  "begin" : 182,  "end" : 187 }, 
        {"sofa" : 12,  "begin" : 188,  "end" : 189 }, 
        {"sofa" : 12,  "begin" : 190,  "end" : 192 }, 
        {"sofa" : 12,  "begin" : 193,  "end" : 194 }, 
        {"sofa" : 12,  "begin" : 195,  "end" : 196 }, 
        {"sofa" : 12,  "begin" : 197,  "end" : 198 }, 
        {"sofa" : 12,  "begin" : 199,  "end" : 203 }, 
        {"sofa" : 12,  "begin" : 204,  "end" : 212 }, 
        {"sofa" : 12,  "begin" : 213,  "end" : 219 }, 
        {"sofa" : 12,  "begin" : 220,  "end" : 222 }, 
        {"sofa" : 12,  "begin" : 223,  "end" : 232 }, 
        {"sofa" : 12,  "begin" : 233,  "end" : 236 }, 
        {"sofa" : 12,  "begin" : 237,  "end" : 239 }, 
        {"sofa" : 12,  "begin" : 240,  "end" : 250 }, 
        {"sofa" : 12,  "begin" : 251,  "end" : 258 }, 
        {"sofa" : 12,  "begin" : 259,  "end" : 261 }, 
        {"sofa" : 12,  "begin" : 262,  "end" : 271 }, 
        {"sofa" : 12,  "begin" : 272,  "end" : 275 }, 
        {"sofa" : 12,  "begin" : 276,  "end" : 282 }, 
        {"sofa" : 12,  "begin" : 283,  "end" : 290 }, 
        {"sofa" : 12,  "begin" : 291,  "end" : 292 }, 
        {"sofa" : 12,  "begin" : 294,  "end" : 296 }, 
        {"sofa" : 12,  "begin" : 297,  "end" : 304 }, 
        {"sofa" : 12,  "begin" : 305,  "end" : 311 }, 
        {"sofa" : 12,  "begin" : 312,  "end" : 314 }, 
        {"sofa" : 12,  "begin" : 315,  "end" : 324 }, 
        {"sofa" : 12,  "begin" : 325,  "end" : 328 }, 
        {"sofa" : 12,  "begin" : 329,  "end" : 333 }, 
        {"sofa" : 12,  "begin" : 334,  "end" : 342 }, 
        {"sofa" : 12,  "begin" : 343,  "end" : 349 }, 
        {"sofa" : 12,  "begin" : 350,  "end" : 353 }, 
        {"sofa" : 12,  "begin" : 354,  "end" : 356 }, 
        {"sofa" : 12,  "begin" : 357,  "end" : 363 }, 
        {"sofa" : 12,  "begin" : 364,  "end" : 367 }, 
        {"sofa" : 12,  "begin" : 368,  "end" : 371 }, 
        {"sofa" : 12,  "begin" : 372,  "end" : 384 }, 
        {"sofa" : 12,  "begin" : 385,  "end" : 387 }, 
        {"sofa" : 12,  "begin" : 388,  "end" : 390 }, 
        {"sofa" : 12,  "begin" : 391,  "end" : 396 }, 
        {"sofa" : 12,  "begin" : 397,  "end" : 407 }, 
        {"sofa" : 12,  "begin" : 408,  "end" : 411 }, 
        {"sofa" : 12,  "begin" : 412,  "end" : 420 }, 
        {"sofa" : 12,  "begin" : 421,  "end" : 422 }, 
        {"sofa" : 12,  "begin" : 423,  "end" : 431 }, 
        {"sofa" : 12,  "begin" : 432,  "end" : 433 }, 
        {"sofa" : 12,  "begin" : 434,  "end" : 437 }, 
        {"sofa" : 12,  "begin" : 438,  "end" : 446 }, 
        {"sofa" : 12,  "begin" : 447,  "end" : 449 }, 
        {"sofa" : 12,  "begin" : 450,  "end" : 462 }, 
        {"sofa" : 12,  "begin" : 463,  "end" : 464 }, 
        {"sofa" : 12,  "begin" : 465,  "end" : 470 }, 
        {"sofa" : 12,  "begin" : 471,  "end" : 476 }, 
        {"sofa" : 12,  "begin" : 477,  "end" : 478 } ], 
      "Eventclauses" : [
        {"sofa" : 12,  "end" : 55,  "EventPolarity" : "EVE positive",  "Prominence" : "Main" }, 
        {"sofa" : 12,  "begin" : 57,  "end" : 143,  "EventPolarity" : "EVE positive",  "Prominence" : "Main" }, 
        {"sofa" : 12,  "begin" : 147,  "end" : 290,  "EventPolarity" : "EVE neutral",  "Prominence" : "Background" }, 
        {"sofa" : 12,  "begin" : 297,  "end" : 462,  "EventPolarity" : "EVE positive",  "Prominence" : "Background" } ] } }, 
  "_referenced_fss" : {
    "12" : {"_type" : "Sofa",  "sofaNum" : 1,  "sofaID" : "_InitialView",  "mimeType" : "text",  "sofaString" : "Negen steden en gemeenten krijgen kindvriendelijk label\n Negen steden en gemeenten mogen zich voortaan kindvriendelijke stad of gemeente noemen .\n Vlaams minister van Jeugd Benjamin Dalle ( CD & V ) ging zaterdag alvast de laureaten uit de provincies Limburg en Antwerpen een bezoek brengen .\n We belonen steden en gemeenten die écht rekening houden met de impact van hun beslissingen op de brede leefwereld van kinderen , jongeren , hun gezinnen en verenigingen , aldus Dalle .\n " } } }