{"_context" : {
    "_types" : {
      "DocumentMetaData" : {
        "_feature_types" : {"sofa" : "_ref" } }, 
      "Eventclauses" : {
        "_feature_types" : {"sofa" : "_ref",  "Arguments" : "_ref",  "Polarity" : "_ref",  "PolarityTrigger" : "_ref",  "Sameclause" : "_ref" } }, 
      "Sentence" : {
        "_feature_types" : {"sofa" : "_ref" } }, 
      "Sofa" : {
        "_feature_types" : {"sofaArray" : "_ref" } }, 
      "TagsetDescription" : {
        "_feature_types" : {"sofa" : "_ref",  "tags" : "_ref" } }, 
      "Token" : {
        "_feature_types" : {"sofa" : "_ref",  "parent" : "_ref",  "lemma" : "_ref",  "stem" : "_ref",  "pos" : "_ref",  "morph" : "_ref",  "form" : "_ref" } }, 
      "DocumentAnnotation" : {
        "_feature_types" : {"sofa" : "_ref" }, 
        "_subtypes" : ["DocumentMetaData" ] }, 
      "Annotation" : {
        "_feature_types" : {"sofa" : "_ref" }, 
        "_subtypes" : ["DocumentAnnotation",  "Eventclauses",  "Sentence",  "TagsetDescription",  "Token" ] }, 
      "AnnotationBase" : {
        "_feature_types" : {"sofa" : "_ref" }, 
        "_subtypes" : ["Annotation" ] }, 
      "TOP" : {
        "_subtypes" : ["AnnotationBase",  "Sofa" ] } } }, 
  "_views" : {
    "_InitialView" : {
      "DocumentMetaData" : [
        {"sofa" : 12,  "end" : 416,  "language" : "x-unspecified",  "documentTitle" : "8c2678e.txt",  "documentId" : "WoutBoven",  "documentUri" : "file:/export/repository/project/114/document/44466/source/WoutBoven",  "collectionId" : "file:/export/repository/project/114/document/44466/source/",  "documentBaseUri" : "file:/export/repository/project/114/document/44466/source/",  "isLastSegment" : false } ], 
      "TagsetDescription" : [
        {"sofa" : 12,  "layer" : "de.tudarmstadt.ukp.dkpro.core.api.syntax.type.dependency.Dependency",  "name" : "UD Universal Dependencies",  "input" : false }, 
        {"sofa" : 12,  "layer" : "webanno.custom.Entities",  "name" : "Entity - mention level types",  "input" : false }, 
        {"sofa" : 12,  "layer" : "webanno.custom.Eventclauses",  "name" : "Event - tense",  "input" : false }, 
        {"sofa" : 12,  "layer" : "webanno.custom.Eventsarguments",  "name" : "eventdna_argument_entities_(auto)",  "input" : false }, 
        {"sofa" : 12,  "layer" : "webanno.custom.Namedentities",  "name" : "NE types",  "input" : false }, 
        {"sofa" : 12,  "layer" : "webanno.custom.EntitiesLETSpreanno",  "name" : "Named entity - types",  "input" : false }, 
        {"sofa" : 12,  "layer" : "de.tudarmstadt.ukp.dkpro.core.api.transform.type.SofaChangeAnnotation",  "name" : "Operation",  "input" : false }, 
        {"sofa" : 12,  "layer" : "de.tudarmstadt.ukp.dkpro.core.api.lexmorph.type.pos.POS",  "name" : "UD Universal POS tags",  "input" : false }, 
        {"sofa" : 12,  "layer" : "webanno.custom.Polaritytriggers",  "name" : "Polarity",  "input" : false }, 
        {"sofa" : 12,  "layer" : "de.tudarmstadt.ukp.dkpro.core.api.segmentation.type.SurfaceForm",  "name" : "Named Entity tags",  "input" : false } ], 
      "Sentence" : [
        {"sofa" : 12,  "end" : 72 }, 
        {"sofa" : 12,  "begin" : 74,  "end" : 185 }, 
        {"sofa" : 12,  "begin" : 187,  "end" : 414 } ], 
      "Token" : [
        {"sofa" : 12,  "end" : 10 }, 
        {"sofa" : 12,  "begin" : 11,  "end" : 14 }, 
        {"sofa" : 12,  "begin" : 15,  "end" : 21 }, 
        {"sofa" : 12,  "begin" : 22,  "end" : 34 }, 
        {"sofa" : 12,  "begin" : 35,  "end" : 40 }, 
        {"sofa" : 12,  "begin" : 41,  "end" : 45 }, 
        {"sofa" : 12,  "begin" : 46,  "end" : 49 }, 
        {"sofa" : 12,  "begin" : 50,  "end" : 52 }, 
        {"sofa" : 12,  "begin" : 53,  "end" : 60 }, 
        {"sofa" : 12,  "begin" : 61,  "end" : 72 }, 
        {"sofa" : 12,  "begin" : 74,  "end" : 84 }, 
        {"sofa" : 12,  "begin" : 85,  "end" : 88 }, 
        {"sofa" : 12,  "begin" : 89,  "end" : 92 }, 
        {"sofa" : 12,  "begin" : 93,  "end" : 99 }, 
        {"sofa" : 12,  "begin" : 100,  "end" : 112 }, 
        {"sofa" : 12,  "begin" : 113,  "end" : 115 }, 
        {"sofa" : 12,  "begin" : 116,  "end" : 124 }, 
        {"sofa" : 12,  "begin" : 125,  "end" : 130 }, 
        {"sofa" : 12,  "begin" : 131,  "end" : 135 }, 
        {"sofa" : 12,  "begin" : 136,  "end" : 139 }, 
        {"sofa" : 12,  "begin" : 140,  "end" : 142 }, 
        {"sofa" : 12,  "begin" : 143,  "end" : 150 }, 
        {"sofa" : 12,  "begin" : 151,  "end" : 155 }, 
        {"sofa" : 12,  "begin" : 156,  "end" : 161 }, 
        {"sofa" : 12,  "begin" : 162,  "end" : 165 }, 
        {"sofa" : 12,  "begin" : 166,  "end" : 174 }, 
        {"sofa" : 12,  "begin" : 175,  "end" : 178 }, 
        {"sofa" : 12,  "begin" : 179,  "end" : 183 }, 
        {"sofa" : 12,  "begin" : 184,  "end" : 185 }, 
        {"sofa" : 12,  "begin" : 187,  "end" : 190 }, 
        {"sofa" : 12,  "begin" : 191,  "end" : 197 }, 
        {"sofa" : 12,  "begin" : 198,  "end" : 204 }, 
        {"sofa" : 12,  "begin" : 205,  "end" : 213 }, 
        {"sofa" : 12,  "begin" : 214,  "end" : 217 }, 
        {"sofa" : 12,  "begin" : 218,  "end" : 225 }, 
        {"sofa" : 12,  "begin" : 226,  "end" : 228 }, 
        {"sofa" : 12,  "begin" : 229,  "end" : 244 }, 
        {"sofa" : 12,  "begin" : 245,  "end" : 251 }, 
        {"sofa" : 12,  "begin" : 252,  "end" : 256 }, 
        {"sofa" : 12,  "begin" : 257,  "end" : 258 }, 
        {"sofa" : 12,  "begin" : 259,  "end" : 261 }, 
        {"sofa" : 12,  "begin" : 262,  "end" : 263 }, 
        {"sofa" : 12,  "begin" : 264,  "end" : 265 }, 
        {"sofa" : 12,  "begin" : 266,  "end" : 267 }, 
        {"sofa" : 12,  "begin" : 268,  "end" : 270 }, 
        {"sofa" : 12,  "begin" : 271,  "end" : 274 }, 
        {"sofa" : 12,  "begin" : 275,  "end" : 281 }, 
        {"sofa" : 12,  "begin" : 282,  "end" : 298 }, 
        {"sofa" : 12,  "begin" : 299,  "end" : 303 }, 
        {"sofa" : 12,  "begin" : 304,  "end" : 320 }, 
        {"sofa" : 12,  "begin" : 321,  "end" : 322 }, 
        {"sofa" : 12,  "begin" : 323,  "end" : 328 }, 
        {"sofa" : 12,  "begin" : 329,  "end" : 330 }, 
        {"sofa" : 12,  "begin" : 331,  "end" : 344 }, 
        {"sofa" : 12,  "begin" : 345,  "end" : 348 }, 
        {"sofa" : 12,  "begin" : 349,  "end" : 351 }, 
        {"sofa" : 12,  "begin" : 352,  "end" : 364 }, 
        {"sofa" : 12,  "begin" : 365,  "end" : 368 }, 
        {"sofa" : 12,  "begin" : 369,  "end" : 372 }, 
        {"sofa" : 12,  "begin" : 373,  "end" : 378 }, 
        {"sofa" : 12,  "begin" : 379,  "end" : 385 }, 
        {"sofa" : 12,  "begin" : 386,  "end" : 395 }, 
        {"sofa" : 12,  "begin" : 396,  "end" : 412 }, 
        {"sofa" : 12,  "begin" : 413,  "end" : 414 } ], 
      "Eventclauses" : [
        {"sofa" : 12,  "end" : 72,  "EventPolarity" : "EVE positive",  "Prominence" : "Main" }, 
        {"sofa" : 12,  "begin" : 74,  "end" : 183,  "EventPolarity" : "EVE positive",  "Prominence" : "Main" } ] } }, 
  "_referenced_fss" : {
    "12" : {"_type" : "Sofa",  "sofaNum" : 1,  "sofaID" : "_InitialView",  "mimeType" : "text",  "sofaString" : "Vlaanderen wil aantal zelfdodingen tegen 2030 met 10 procent verminderen\n Vlaanderen wil het aantal zelfdodingen of suïcides tegen 2030 met 10 procent doen dalen ten opzichte van 2020 .\n Dat hebben Vlaams minister van Welzijn en Volksgezondheid Wouter Beke ( CD & V ) en het Vlaams Expertisecentrum voor Suïcidepreventie ( VLESP ) bekendgemaakt bij de voorstelling van het derde Vlaams Actieplan Suïcidepreventie .\n " } } }