{"_context" : {
    "_types" : {
      "DocumentMetaData" : {
        "_feature_types" : {"sofa" : "_ref" } }, 
      "Eventclauses" : {
        "_feature_types" : {"sofa" : "_ref",  "Arguments" : "_ref",  "Polarity" : "_ref",  "PolarityTrigger" : "_ref",  "Sameclause" : "_ref" } }, 
      "Sentence" : {
        "_feature_types" : {"sofa" : "_ref" } }, 
      "Sofa" : {
        "_feature_types" : {"sofaArray" : "_ref" } }, 
      "TagsetDescription" : {
        "_feature_types" : {"sofa" : "_ref",  "tags" : "_ref" } }, 
      "Token" : {
        "_feature_types" : {"sofa" : "_ref",  "parent" : "_ref",  "lemma" : "_ref",  "stem" : "_ref",  "pos" : "_ref",  "morph" : "_ref",  "form" : "_ref" } }, 
      "DocumentAnnotation" : {
        "_feature_types" : {"sofa" : "_ref" }, 
        "_subtypes" : ["DocumentMetaData" ] }, 
      "Annotation" : {
        "_feature_types" : {"sofa" : "_ref" }, 
        "_subtypes" : ["DocumentAnnotation",  "Eventclauses",  "Sentence",  "TagsetDescription",  "Token" ] }, 
      "AnnotationBase" : {
        "_feature_types" : {"sofa" : "_ref" }, 
        "_subtypes" : ["Annotation" ] }, 
      "TOP" : {
        "_subtypes" : ["AnnotationBase",  "Sofa" ] } } }, 
  "_views" : {
    "_InitialView" : {
      "DocumentMetaData" : [
        {"sofa" : 12,  "end" : 406,  "language" : "x-unspecified",  "documentTitle" : "90f5a58.txt",  "documentId" : "WoutBoven",  "documentUri" : "file:/export/repository/project/114/document/44451/source/WoutBoven",  "collectionId" : "file:/export/repository/project/114/document/44451/source/",  "documentBaseUri" : "file:/export/repository/project/114/document/44451/source/",  "isLastSegment" : false } ], 
      "TagsetDescription" : [
        {"sofa" : 12,  "layer" : "de.tudarmstadt.ukp.dkpro.core.api.syntax.type.dependency.Dependency",  "name" : "UD Universal Dependencies",  "input" : false }, 
        {"sofa" : 12,  "layer" : "webanno.custom.Entities",  "name" : "Entity - mention level types",  "input" : false }, 
        {"sofa" : 12,  "layer" : "webanno.custom.Eventclauses",  "name" : "Event - tense",  "input" : false }, 
        {"sofa" : 12,  "layer" : "webanno.custom.Eventsarguments",  "name" : "eventdna_argument_entities_(auto)",  "input" : false }, 
        {"sofa" : 12,  "layer" : "webanno.custom.Namedentities",  "name" : "NE types",  "input" : false }, 
        {"sofa" : 12,  "layer" : "webanno.custom.EntitiesLETSpreanno",  "name" : "Named entity - types",  "input" : false }, 
        {"sofa" : 12,  "layer" : "de.tudarmstadt.ukp.dkpro.core.api.transform.type.SofaChangeAnnotation",  "name" : "Operation",  "input" : false }, 
        {"sofa" : 12,  "layer" : "de.tudarmstadt.ukp.dkpro.core.api.lexmorph.type.pos.POS",  "name" : "UD Universal POS tags",  "input" : false }, 
        {"sofa" : 12,  "layer" : "webanno.custom.Polaritytriggers",  "name" : "Polarity",  "input" : false }, 
        {"sofa" : 12,  "layer" : "de.tudarmstadt.ukp.dkpro.core.api.segmentation.type.SurfaceForm",  "name" : "Named Entity tags",  "input" : false } ], 
      "Sentence" : [
        {"sofa" : 12,  "end" : 86 }, 
        {"sofa" : 12,  "begin" : 88,  "end" : 210 }, 
        {"sofa" : 12,  "begin" : 212,  "end" : 367 }, 
        {"sofa" : 12,  "begin" : 369,  "end" : 404 } ], 
      "Token" : [
        {"sofa" : 12,  "end" : 16 }, 
        {"sofa" : 12,  "begin" : 17,  "end" : 21 }, 
        {"sofa" : 12,  "begin" : 22,  "end" : 24 }, 
        {"sofa" : 12,  "begin" : 25,  "end" : 27 }, 
        {"sofa" : 12,  "begin" : 28,  "end" : 31 }, 
        {"sofa" : 12,  "begin" : 32,  "end" : 34 }, 
        {"sofa" : 12,  "begin" : 35,  "end" : 36 }, 
        {"sofa" : 12,  "begin" : 37,  "end" : 43 }, 
        {"sofa" : 12,  "begin" : 44,  "end" : 45 }, 
        {"sofa" : 12,  "begin" : 46,  "end" : 48 }, 
        {"sofa" : 12,  "begin" : 49,  "end" : 50 }, 
        {"sofa" : 12,  "begin" : 51,  "end" : 56 }, 
        {"sofa" : 12,  "begin" : 57,  "end" : 60 }, 
        {"sofa" : 12,  "begin" : 61,  "end" : 69 }, 
        {"sofa" : 12,  "begin" : 70,  "end" : 74 }, 
        {"sofa" : 12,  "begin" : 75,  "end" : 77 }, 
        {"sofa" : 12,  "begin" : 78,  "end" : 86 }, 
        {"sofa" : 12,  "begin" : 88,  "end" : 94 }, 
        {"sofa" : 12,  "begin" : 95,  "end" : 103 }, 
        {"sofa" : 12,  "begin" : 104,  "end" : 110 }, 
        {"sofa" : 12,  "begin" : 111,  "end" : 117 }, 
        {"sofa" : 12,  "begin" : 118,  "end" : 131 }, 
        {"sofa" : 12,  "begin" : 132,  "end" : 142 }, 
        {"sofa" : 12,  "begin" : 143,  "end" : 145 }, 
        {"sofa" : 12,  "begin" : 146,  "end" : 152 }, 
        {"sofa" : 12,  "begin" : 153,  "end" : 155 }, 
        {"sofa" : 12,  "begin" : 156,  "end" : 160 }, 
        {"sofa" : 12,  "begin" : 161,  "end" : 163 }, 
        {"sofa" : 12,  "begin" : 164,  "end" : 166 }, 
        {"sofa" : 12,  "begin" : 167,  "end" : 177 }, 
        {"sofa" : 12,  "begin" : 178,  "end" : 180 }, 
        {"sofa" : 12,  "begin" : 181,  "end" : 183 }, 
        {"sofa" : 12,  "begin" : 184,  "end" : 192 }, 
        {"sofa" : 12,  "begin" : 193,  "end" : 195 }, 
        {"sofa" : 12,  "begin" : 196,  "end" : 202 }, 
        {"sofa" : 12,  "begin" : 203,  "end" : 208 }, 
        {"sofa" : 12,  "begin" : 209,  "end" : 210 }, 
        {"sofa" : 12,  "begin" : 212,  "end" : 214 }, 
        {"sofa" : 12,  "begin" : 215,  "end" : 219 }, 
        {"sofa" : 12,  "begin" : 220,  "end" : 223 }, 
        {"sofa" : 12,  "begin" : 224,  "end" : 230 }, 
        {"sofa" : 12,  "begin" : 231,  "end" : 235 }, 
        {"sofa" : 12,  "begin" : 236,  "end" : 239 }, 
        {"sofa" : 12,  "begin" : 240,  "end" : 249 }, 
        {"sofa" : 12,  "begin" : 250,  "end" : 251 }, 
        {"sofa" : 12,  "begin" : 252,  "end" : 256 }, 
        {"sofa" : 12,  "begin" : 257,  "end" : 260 }, 
        {"sofa" : 12,  "begin" : 261,  "end" : 267 }, 
        {"sofa" : 12,  "begin" : 268,  "end" : 270 }, 
        {"sofa" : 12,  "begin" : 271,  "end" : 273 }, 
        {"sofa" : 12,  "begin" : 274,  "end" : 278 }, 
        {"sofa" : 12,  "begin" : 279,  "end" : 283 }, 
        {"sofa" : 12,  "begin" : 284,  "end" : 287 }, 
        {"sofa" : 12,  "begin" : 288,  "end" : 294 }, 
        {"sofa" : 12,  "begin" : 295,  "end" : 303 }, 
        {"sofa" : 12,  "begin" : 304,  "end" : 305 }, 
        {"sofa" : 12,  "begin" : 306,  "end" : 310 }, 
        {"sofa" : 12,  "begin" : 311,  "end" : 313 }, 
        {"sofa" : 12,  "begin" : 314,  "end" : 317 }, 
        {"sofa" : 12,  "begin" : 318,  "end" : 324 }, 
        {"sofa" : 12,  "begin" : 325,  "end" : 329 }, 
        {"sofa" : 12,  "begin" : 330,  "end" : 336 }, 
        {"sofa" : 12,  "begin" : 337,  "end" : 338 }, 
        {"sofa" : 12,  "begin" : 339,  "end" : 346 }, 
        {"sofa" : 12,  "begin" : 347,  "end" : 353 }, 
        {"sofa" : 12,  "begin" : 354,  "end" : 358 }, 
        {"sofa" : 12,  "begin" : 359,  "end" : 360 }, 
        {"sofa" : 12,  "begin" : 361,  "end" : 363 }, 
        {"sofa" : 12,  "begin" : 364,  "end" : 365 }, 
        {"sofa" : 12,  "begin" : 366,  "end" : 367 }, 
        {"sofa" : 12,  "begin" : 369,  "end" : 373 }, 
        {"sofa" : 12,  "begin" : 374,  "end" : 382 }, 
        {"sofa" : 12,  "begin" : 383,  "end" : 388 }, 
        {"sofa" : 12,  "begin" : 389,  "end" : 393 }, 
        {"sofa" : 12,  "begin" : 394,  "end" : 396 }, 
        {"sofa" : 12,  "begin" : 397,  "end" : 402 }, 
        {"sofa" : 12,  "begin" : 403,  "end" : 404 } ], 
      "Eventclauses" : [
        {"sofa" : 12,  "end" : 34,  "EventPolarity" : "EVE negative",  "Prominence" : "Background" }, 
        {"sofa" : 12,  "begin" : 37,  "end" : 86,  "EventPolarity" : "EVE negative",  "Prominence" : "Main" }, 
        {"sofa" : 12,  "begin" : 88,  "end" : 152,  "EventPolarity" : "EVE negative",  "Prominence" : "Background" }, 
        {"sofa" : 12,  "begin" : 156,  "end" : 208,  "EventPolarity" : "EVE negative",  "Prominence" : "Main" }, 
        {"sofa" : 12,  "begin" : 257,  "end" : 303,  "EventPolarity" : "EVE negative",  "Prominence" : "Background" } ] } }, 
  "_referenced_fss" : {
    "12" : {"_type" : "Sofa",  "sofaNum" : 1,  "sofaID" : "_InitialView",  "mimeType" : "text",  "sofaString" : "Personeelstekort doet me de das om : Julian ( 25 ) stopt met slagerij Pyck in Kortrijk\n Hartje Kortrijk dreigt zonder ambachtelijke slagerijen te vallen nu Pyck in de Leiestraat op 18 december de deuren sluit .\n Ik vind het jammer voor ons cliënteel , want zij moeten nu op zoek naar een nieuwe slagerij , maar ik kan gewoon niet anders , vertelt Julian Pyck ( 25 ) .\n Zijn slagerij staat over te nemen .\n " } } }