{"_context" : {
    "_types" : {
      "DocumentMetaData" : {
        "_feature_types" : {"sofa" : "_ref" } }, 
      "Eventclauses" : {
        "_feature_types" : {"sofa" : "_ref",  "Arguments" : "_ref",  "Polarity" : "_ref",  "PolarityTrigger" : "_ref",  "Sameclause" : "_ref" } }, 
      "Sentence" : {
        "_feature_types" : {"sofa" : "_ref" } }, 
      "Sofa" : {
        "_feature_types" : {"sofaArray" : "_ref" } }, 
      "TagsetDescription" : {
        "_feature_types" : {"sofa" : "_ref",  "tags" : "_ref" } }, 
      "Token" : {
        "_feature_types" : {"sofa" : "_ref",  "parent" : "_ref",  "lemma" : "_ref",  "stem" : "_ref",  "pos" : "_ref",  "morph" : "_ref",  "form" : "_ref" } }, 
      "DocumentAnnotation" : {
        "_feature_types" : {"sofa" : "_ref" }, 
        "_subtypes" : ["DocumentMetaData" ] }, 
      "Annotation" : {
        "_feature_types" : {"sofa" : "_ref" }, 
        "_subtypes" : ["DocumentAnnotation",  "Eventclauses",  "Sentence",  "TagsetDescription",  "Token" ] }, 
      "AnnotationBase" : {
        "_feature_types" : {"sofa" : "_ref" }, 
        "_subtypes" : ["Annotation" ] }, 
      "TOP" : {
        "_subtypes" : ["AnnotationBase",  "Sofa" ] } } }, 
  "_views" : {
    "_InitialView" : {
      "DocumentMetaData" : [
        {"sofa" : 12,  "end" : 334,  "language" : "x-unspecified",  "documentTitle" : "9ac827f.txt",  "documentId" : "WoutBoven",  "documentUri" : "file:/export/repository/project/114/document/44465/source/WoutBoven",  "collectionId" : "file:/export/repository/project/114/document/44465/source/",  "documentBaseUri" : "file:/export/repository/project/114/document/44465/source/",  "isLastSegment" : false } ], 
      "TagsetDescription" : [
        {"sofa" : 12,  "layer" : "de.tudarmstadt.ukp.dkpro.core.api.syntax.type.dependency.Dependency",  "name" : "UD Universal Dependencies",  "input" : false }, 
        {"sofa" : 12,  "layer" : "webanno.custom.Entities",  "name" : "Entity - mention level types",  "input" : false }, 
        {"sofa" : 12,  "layer" : "webanno.custom.Eventclauses",  "name" : "Event - tense",  "input" : false }, 
        {"sofa" : 12,  "layer" : "webanno.custom.Eventsarguments",  "name" : "eventdna_argument_entities_(auto)",  "input" : false }, 
        {"sofa" : 12,  "layer" : "webanno.custom.Namedentities",  "name" : "NE types",  "input" : false }, 
        {"sofa" : 12,  "layer" : "webanno.custom.EntitiesLETSpreanno",  "name" : "Named entity - types",  "input" : false }, 
        {"sofa" : 12,  "layer" : "de.tudarmstadt.ukp.dkpro.core.api.transform.type.SofaChangeAnnotation",  "name" : "Operation",  "input" : false }, 
        {"sofa" : 12,  "layer" : "de.tudarmstadt.ukp.dkpro.core.api.lexmorph.type.pos.POS",  "name" : "UD Universal POS tags",  "input" : false }, 
        {"sofa" : 12,  "layer" : "webanno.custom.Polaritytriggers",  "name" : "Polarity",  "input" : false }, 
        {"sofa" : 12,  "layer" : "de.tudarmstadt.ukp.dkpro.core.api.segmentation.type.SurfaceForm",  "name" : "Named Entity tags",  "input" : false } ], 
      "Sentence" : [
        {"sofa" : 12,  "end" : 63 }, 
        {"sofa" : 12,  "begin" : 65,  "end" : 222 }, 
        {"sofa" : 12,  "begin" : 224,  "end" : 332 } ], 
      "Token" : [
        {"sofa" : 12,  "end" : 4 }, 
        {"sofa" : 12,  "begin" : 5,  "end" : 9 }, 
        {"sofa" : 12,  "begin" : 10,  "end" : 16 }, 
        {"sofa" : 12,  "begin" : 17,  "end" : 23 }, 
        {"sofa" : 12,  "begin" : 24,  "end" : 36 }, 
        {"sofa" : 12,  "begin" : 37,  "end" : 49 }, 
        {"sofa" : 12,  "begin" : 50,  "end" : 54 }, 
        {"sofa" : 12,  "begin" : 55,  "end" : 63 }, 
        {"sofa" : 12,  "begin" : 65,  "end" : 81 }, 
        {"sofa" : 12,  "begin" : 82,  "end" : 88 }, 
        {"sofa" : 12,  "begin" : 89,  "end" : 92 }, 
        {"sofa" : 12,  "begin" : 93,  "end" : 102 }, 
        {"sofa" : 12,  "begin" : 103,  "end" : 104 }, 
        {"sofa" : 12,  "begin" : 105,  "end" : 109 }, 
        {"sofa" : 12,  "begin" : 110,  "end" : 114 }, 
        {"sofa" : 12,  "begin" : 115,  "end" : 121 }, 
        {"sofa" : 12,  "begin" : 122,  "end" : 123 }, 
        {"sofa" : 12,  "begin" : 124,  "end" : 130 }, 
        {"sofa" : 12,  "begin" : 131,  "end" : 133 }, 
        {"sofa" : 12,  "begin" : 134,  "end" : 142 }, 
        {"sofa" : 12,  "begin" : 143,  "end" : 145 }, 
        {"sofa" : 12,  "begin" : 146,  "end" : 148 }, 
        {"sofa" : 12,  "begin" : 149,  "end" : 161 }, 
        {"sofa" : 12,  "begin" : 162,  "end" : 165 }, 
        {"sofa" : 12,  "begin" : 166,  "end" : 168 }, 
        {"sofa" : 12,  "begin" : 169,  "end" : 179 }, 
        {"sofa" : 12,  "begin" : 180,  "end" : 182 }, 
        {"sofa" : 12,  "begin" : 183,  "end" : 191 }, 
        {"sofa" : 12,  "begin" : 192,  "end" : 199 }, 
        {"sofa" : 12,  "begin" : 200,  "end" : 211 }, 
        {"sofa" : 12,  "begin" : 212,  "end" : 214 }, 
        {"sofa" : 12,  "begin" : 215,  "end" : 220 }, 
        {"sofa" : 12,  "begin" : 221,  "end" : 222 }, 
        {"sofa" : 12,  "begin" : 224,  "end" : 226 }, 
        {"sofa" : 12,  "begin" : 227,  "end" : 239 }, 
        {"sofa" : 12,  "begin" : 240,  "end" : 246 }, 
        {"sofa" : 12,  "begin" : 247,  "end" : 250 }, 
        {"sofa" : 12,  "begin" : 251,  "end" : 264 }, 
        {"sofa" : 12,  "begin" : 265,  "end" : 269 }, 
        {"sofa" : 12,  "begin" : 270,  "end" : 274 }, 
        {"sofa" : 12,  "begin" : 275,  "end" : 284 }, 
        {"sofa" : 12,  "begin" : 285,  "end" : 293 }, 
        {"sofa" : 12,  "begin" : 294,  "end" : 302 }, 
        {"sofa" : 12,  "begin" : 303,  "end" : 309 }, 
        {"sofa" : 12,  "begin" : 310,  "end" : 317 }, 
        {"sofa" : 12,  "begin" : 318,  "end" : 319 }, 
        {"sofa" : 12,  "begin" : 320,  "end" : 326 }, 
        {"sofa" : 12,  "begin" : 327,  "end" : 330 }, 
        {"sofa" : 12,  "begin" : 331,  "end" : 332 } ], 
      "Eventclauses" : [
        {"sofa" : 12,  "end" : 63,  "EventPolarity" : "EVE neutral",  "Prominence" : "Main" }, 
        {"sofa" : 12,  "begin" : 65,  "end" : 142,  "EventPolarity" : "EVE neutral",  "Prominence" : "Background" }, 
        {"sofa" : 12,  "begin" : 146,  "end" : 220,  "EventPolarity" : "EVE neutral",  "Prominence" : "Main" }, 
        {"sofa" : 12,  "begin" : 227,  "end" : 284,  "EventPolarity" : "EVE negative",  "Prominence" : "Background" }, 
        {"sofa" : 12,  "begin" : 294,  "end" : 317,  "EventPolarity" : "EVE negative",  "Prominence" : "Background" } ] } }, 
  "_referenced_fss" : {
    "12" : {"_type" : "Sofa",  "sofaNum" : 1,  "sofaID" : "_InitialView",  "mimeType" : "text",  "sofaString" : "N-VA Zele Vlakaf vraagt duidelijkere signalisatie voor veegplan\n Gemeenteraadslid Herman Van Driessche ( N-VA Zele Vlakaf ) vraagt de gemeente om de signalisatie van de veegwerken in bepaalde straten duidelijker te maken .\n In buitenwijken worden het parkeerverbod vaak niet opgemerkt waardoor bewoners boetes oplopen , klinkt het .\n " } } }