{"_context" : {
    "_types" : {
      "DocumentMetaData" : {
        "_feature_types" : {"sofa" : "_ref" } }, 
      "Eventclauses" : {
        "_feature_types" : {"sofa" : "_ref",  "Arguments" : "_ref",  "Polarity" : "_ref",  "PolarityTrigger" : "_ref",  "Sameclause" : "_ref" } }, 
      "Sentence" : {
        "_feature_types" : {"sofa" : "_ref" } }, 
      "Sofa" : {
        "_feature_types" : {"sofaArray" : "_ref" } }, 
      "TagsetDescription" : {
        "_feature_types" : {"sofa" : "_ref",  "tags" : "_ref" } }, 
      "Token" : {
        "_feature_types" : {"sofa" : "_ref",  "parent" : "_ref",  "lemma" : "_ref",  "stem" : "_ref",  "pos" : "_ref",  "morph" : "_ref",  "form" : "_ref" } }, 
      "DocumentAnnotation" : {
        "_feature_types" : {"sofa" : "_ref" }, 
        "_subtypes" : ["DocumentMetaData" ] }, 
      "Annotation" : {
        "_feature_types" : {"sofa" : "_ref" }, 
        "_subtypes" : ["DocumentAnnotation",  "Eventclauses",  "Sentence",  "TagsetDescription",  "Token" ] }, 
      "AnnotationBase" : {
        "_feature_types" : {"sofa" : "_ref" }, 
        "_subtypes" : ["Annotation" ] }, 
      "TOP" : {
        "_subtypes" : ["AnnotationBase",  "Sofa" ] } } }, 
  "_views" : {
    "_InitialView" : {
      "DocumentMetaData" : [
        {"sofa" : 12,  "end" : 425,  "language" : "x-unspecified",  "documentTitle" : "9fe92d5.txt",  "documentId" : "WoutBoven",  "documentUri" : "file:/export/repository/project/114/document/44462/source/WoutBoven",  "collectionId" : "file:/export/repository/project/114/document/44462/source/",  "documentBaseUri" : "file:/export/repository/project/114/document/44462/source/",  "isLastSegment" : false } ], 
      "TagsetDescription" : [
        {"sofa" : 12,  "layer" : "de.tudarmstadt.ukp.dkpro.core.api.syntax.type.dependency.Dependency",  "name" : "UD Universal Dependencies",  "input" : false }, 
        {"sofa" : 12,  "layer" : "webanno.custom.Entities",  "name" : "Entity - mention level types",  "input" : false }, 
        {"sofa" : 12,  "layer" : "webanno.custom.Eventclauses",  "name" : "Event - tense",  "input" : false }, 
        {"sofa" : 12,  "layer" : "webanno.custom.Eventsarguments",  "name" : "eventdna_argument_entities_(auto)",  "input" : false }, 
        {"sofa" : 12,  "layer" : "webanno.custom.Namedentities",  "name" : "NE types",  "input" : false }, 
        {"sofa" : 12,  "layer" : "webanno.custom.EntitiesLETSpreanno",  "name" : "Named entity - types",  "input" : false }, 
        {"sofa" : 12,  "layer" : "de.tudarmstadt.ukp.dkpro.core.api.transform.type.SofaChangeAnnotation",  "name" : "Operation",  "input" : false }, 
        {"sofa" : 12,  "layer" : "de.tudarmstadt.ukp.dkpro.core.api.lexmorph.type.pos.POS",  "name" : "UD Universal POS tags",  "input" : false }, 
        {"sofa" : 12,  "layer" : "webanno.custom.Polaritytriggers",  "name" : "Polarity",  "input" : false }, 
        {"sofa" : 12,  "layer" : "de.tudarmstadt.ukp.dkpro.core.api.segmentation.type.SurfaceForm",  "name" : "Named Entity tags",  "input" : false } ], 
      "Sentence" : [
        {"sofa" : 12,  "end" : 76 }, 
        {"sofa" : 12,  "begin" : 78,  "end" : 167 }, 
        {"sofa" : 12,  "begin" : 169,  "end" : 297 }, 
        {"sofa" : 12,  "begin" : 299,  "end" : 423 } ], 
      "Token" : [
        {"sofa" : 12,  "end" : 6 }, 
        {"sofa" : 12,  "begin" : 7,  "end" : 17 }, 
        {"sofa" : 12,  "begin" : 18,  "end" : 22 }, 
        {"sofa" : 12,  "begin" : 23,  "end" : 33 }, 
        {"sofa" : 12,  "begin" : 34,  "end" : 37 }, 
        {"sofa" : 12,  "begin" : 38,  "end" : 40 }, 
        {"sofa" : 12,  "begin" : 41,  "end" : 48 }, 
        {"sofa" : 12,  "begin" : 49,  "end" : 54 }, 
        {"sofa" : 12,  "begin" : 55,  "end" : 62 }, 
        {"sofa" : 12,  "begin" : 63,  "end" : 69 }, 
        {"sofa" : 12,  "begin" : 70,  "end" : 76 }, 
        {"sofa" : 12,  "begin" : 78,  "end" : 81 }, 
        {"sofa" : 12,  "begin" : 82,  "end" : 88 }, 
        {"sofa" : 12,  "begin" : 89,  "end" : 92 }, 
        {"sofa" : 12,  "begin" : 93,  "end" : 96 }, 
        {"sofa" : 12,  "begin" : 97,  "end" : 107 }, 
        {"sofa" : 12,  "begin" : 108,  "end" : 110 }, 
        {"sofa" : 12,  "begin" : 111,  "end" : 120 }, 
        {"sofa" : 12,  "begin" : 121,  "end" : 130 }, 
        {"sofa" : 12,  "begin" : 131,  "end" : 133 }, 
        {"sofa" : 12,  "begin" : 134,  "end" : 136 }, 
        {"sofa" : 12,  "begin" : 137,  "end" : 143 }, 
        {"sofa" : 12,  "begin" : 144,  "end" : 149 }, 
        {"sofa" : 12,  "begin" : 150,  "end" : 153 }, 
        {"sofa" : 12,  "begin" : 154,  "end" : 165 }, 
        {"sofa" : 12,  "begin" : 166,  "end" : 167 }, 
        {"sofa" : 12,  "begin" : 169,  "end" : 172 }, 
        {"sofa" : 12,  "begin" : 173,  "end" : 182 }, 
        {"sofa" : 12,  "begin" : 183,  "end" : 186 }, 
        {"sofa" : 12,  "begin" : 187,  "end" : 196 }, 
        {"sofa" : 12,  "begin" : 197,  "end" : 204 }, 
        {"sofa" : 12,  "begin" : 205,  "end" : 217 }, 
        {"sofa" : 12,  "begin" : 218,  "end" : 220 }, 
        {"sofa" : 12,  "begin" : 221,  "end" : 223 }, 
        {"sofa" : 12,  "begin" : 224,  "end" : 227 }, 
        {"sofa" : 12,  "begin" : 228,  "end" : 241 }, 
        {"sofa" : 12,  "begin" : 242,  "end" : 259 }, 
        {"sofa" : 12,  "begin" : 260,  "end" : 271 }, 
        {"sofa" : 12,  "begin" : 272,  "end" : 279 }, 
        {"sofa" : 12,  "begin" : 280,  "end" : 287 }, 
        {"sofa" : 12,  "begin" : 288,  "end" : 295 }, 
        {"sofa" : 12,  "begin" : 296,  "end" : 297 }, 
        {"sofa" : 12,  "begin" : 299,  "end" : 301 }, 
        {"sofa" : 12,  "begin" : 302,  "end" : 312 }, 
        {"sofa" : 12,  "begin" : 313,  "end" : 314 }, 
        {"sofa" : 12,  "begin" : 315,  "end" : 318 }, 
        {"sofa" : 12,  "begin" : 319,  "end" : 325 }, 
        {"sofa" : 12,  "begin" : 326,  "end" : 332 }, 
        {"sofa" : 12,  "begin" : 333,  "end" : 345 }, 
        {"sofa" : 12,  "begin" : 346,  "end" : 348 }, 
        {"sofa" : 12,  "begin" : 349,  "end" : 352 }, 
        {"sofa" : 12,  "begin" : 353,  "end" : 362 }, 
        {"sofa" : 12,  "begin" : 363,  "end" : 365 }, 
        {"sofa" : 12,  "begin" : 366,  "end" : 369 }, 
        {"sofa" : 12,  "begin" : 370,  "end" : 378 }, 
        {"sofa" : 12,  "begin" : 379,  "end" : 391 }, 
        {"sofa" : 12,  "begin" : 392,  "end" : 393 }, 
        {"sofa" : 12,  "begin" : 394,  "end" : 399 }, 
        {"sofa" : 12,  "begin" : 400,  "end" : 406 }, 
        {"sofa" : 12,  "begin" : 407,  "end" : 410 }, 
        {"sofa" : 12,  "begin" : 411,  "end" : 413 }, 
        {"sofa" : 12,  "begin" : 414,  "end" : 421 }, 
        {"sofa" : 12,  "begin" : 422,  "end" : 423 } ], 
      "Eventclauses" : [
        {"sofa" : 12,  "end" : 54,  "EventPolarity" : "EVE positive",  "Prominence" : "Main" }, 
        {"sofa" : 12,  "begin" : 78,  "end" : 165,  "EventPolarity" : "EVE positive",  "Prominence" : "Main" }, 
        {"sofa" : 12,  "begin" : 299,  "end" : 421,  "EventPolarity" : "EVE positive",  "Prominence" : "Main" } ] } }, 
  "_referenced_fss" : {
    "12" : {"_type" : "Sofa",  "sofaNum" : 1,  "sofaID" : "_InitialView",  "mimeType" : "text",  "sofaString" : "Dragen mondmasker doet incidentie met 53 procent dalen volgens nieuwe studie\n Het dragen van een mondmasker is uitermate effectief in de strijd tegen het coronavirus .\n Dat blijktuit een studiedie vandaag gepubliceerd is in het gerenommeerde wetenschappelijke tijdschrift British Medical Journal .\n De incidentie ( het aantal nieuwe besmettingen in een populatie in een bepaalde tijdsperiode ) daalt erdoor met 53 procent .\n " } } }