{"_context" : {
    "_types" : {
      "DocumentMetaData" : {
        "_feature_types" : {"sofa" : "_ref" } }, 
      "Eventclauses" : {
        "_feature_types" : {"sofa" : "_ref",  "Arguments" : "_ref",  "Polarity" : "_ref",  "PolarityTrigger" : "_ref",  "Sameclause" : "_ref" } }, 
      "Sentence" : {
        "_feature_types" : {"sofa" : "_ref" } }, 
      "Sofa" : {
        "_feature_types" : {"sofaArray" : "_ref" } }, 
      "TagsetDescription" : {
        "_feature_types" : {"sofa" : "_ref",  "tags" : "_ref" } }, 
      "Token" : {
        "_feature_types" : {"sofa" : "_ref",  "parent" : "_ref",  "lemma" : "_ref",  "stem" : "_ref",  "pos" : "_ref",  "morph" : "_ref",  "form" : "_ref" } }, 
      "DocumentAnnotation" : {
        "_feature_types" : {"sofa" : "_ref" }, 
        "_subtypes" : ["DocumentMetaData" ] }, 
      "Annotation" : {
        "_feature_types" : {"sofa" : "_ref" }, 
        "_subtypes" : ["DocumentAnnotation",  "Eventclauses",  "Sentence",  "TagsetDescription",  "Token" ] }, 
      "AnnotationBase" : {
        "_feature_types" : {"sofa" : "_ref" }, 
        "_subtypes" : ["Annotation" ] }, 
      "TOP" : {
        "_subtypes" : ["AnnotationBase",  "Sofa" ] } } }, 
  "_views" : {
    "_InitialView" : {
      "DocumentMetaData" : [
        {"sofa" : 12,  "end" : 509,  "language" : "x-unspecified",  "documentTitle" : "a94f7f9.txt",  "documentId" : "WoutBoven",  "documentUri" : "file:/export/repository/project/114/document/44418/source/WoutBoven",  "collectionId" : "file:/export/repository/project/114/document/44418/source/",  "documentBaseUri" : "file:/export/repository/project/114/document/44418/source/",  "isLastSegment" : false } ], 
      "TagsetDescription" : [
        {"sofa" : 12,  "layer" : "de.tudarmstadt.ukp.dkpro.core.api.syntax.type.dependency.Dependency",  "name" : "UD Universal Dependencies",  "input" : false }, 
        {"sofa" : 12,  "layer" : "webanno.custom.Entities",  "name" : "Entity - mention level types",  "input" : false }, 
        {"sofa" : 12,  "layer" : "webanno.custom.Eventclauses",  "name" : "Event - tense",  "input" : false }, 
        {"sofa" : 12,  "layer" : "webanno.custom.Eventsarguments",  "name" : "eventdna_argument_entities_(auto)",  "input" : false }, 
        {"sofa" : 12,  "layer" : "webanno.custom.Namedentities",  "name" : "NE types",  "input" : false }, 
        {"sofa" : 12,  "layer" : "webanno.custom.EntitiesLETSpreanno",  "name" : "Named entity - types",  "input" : false }, 
        {"sofa" : 12,  "layer" : "de.tudarmstadt.ukp.dkpro.core.api.transform.type.SofaChangeAnnotation",  "name" : "Operation",  "input" : false }, 
        {"sofa" : 12,  "layer" : "de.tudarmstadt.ukp.dkpro.core.api.lexmorph.type.pos.POS",  "name" : "UD Universal POS tags",  "input" : false }, 
        {"sofa" : 12,  "layer" : "webanno.custom.Polaritytriggers",  "name" : "Polarity",  "input" : false }, 
        {"sofa" : 12,  "layer" : "de.tudarmstadt.ukp.dkpro.core.api.segmentation.type.SurfaceForm",  "name" : "Named Entity tags",  "input" : false } ], 
      "Sentence" : [
        {"sofa" : 12,  "end" : 127 }, 
        {"sofa" : 12,  "begin" : 129,  "end" : 233 }, 
        {"sofa" : 12,  "begin" : 235,  "end" : 341 }, 
        {"sofa" : 12,  "begin" : 343,  "end" : 507 } ], 
      "Token" : [
        {"sofa" : 12,  "end" : 9 }, 
        {"sofa" : 12,  "begin" : 10,  "end" : 24 }, 
        {"sofa" : 12,  "begin" : 25,  "end" : 29 }, 
        {"sofa" : 12,  "begin" : 30,  "end" : 35 }, 
        {"sofa" : 12,  "begin" : 36,  "end" : 38 }, 
        {"sofa" : 12,  "begin" : 39,  "end" : 52 }, 
        {"sofa" : 12,  "begin" : 53,  "end" : 55 }, 
        {"sofa" : 12,  "begin" : 56,  "end" : 65 }, 
        {"sofa" : 12,  "begin" : 66,  "end" : 67 }, 
        {"sofa" : 12,  "begin" : 68,  "end" : 72 }, 
        {"sofa" : 12,  "begin" : 73,  "end" : 85 }, 
        {"sofa" : 12,  "begin" : 86,  "end" : 90 }, 
        {"sofa" : 12,  "begin" : 91,  "end" : 100 }, 
        {"sofa" : 12,  "begin" : 101,  "end" : 104 }, 
        {"sofa" : 12,  "begin" : 105,  "end" : 109 }, 
        {"sofa" : 12,  "begin" : 110,  "end" : 115 }, 
        {"sofa" : 12,  "begin" : 116,  "end" : 127 }, 
        {"sofa" : 12,  "begin" : 129,  "end" : 132 }, 
        {"sofa" : 12,  "begin" : 133,  "end" : 136 }, 
        {"sofa" : 12,  "begin" : 137,  "end" : 139 }, 
        {"sofa" : 12,  "begin" : 140,  "end" : 144 }, 
        {"sofa" : 12,  "begin" : 145,  "end" : 151 }, 
        {"sofa" : 12,  "begin" : 152,  "end" : 154 }, 
        {"sofa" : 12,  "begin" : 155,  "end" : 164 }, 
        {"sofa" : 12,  "begin" : 165,  "end" : 171 }, 
        {"sofa" : 12,  "begin" : 172,  "end" : 175 }, 
        {"sofa" : 12,  "begin" : 176,  "end" : 182 }, 
        {"sofa" : 12,  "begin" : 183,  "end" : 201 }, 
        {"sofa" : 12,  "begin" : 202,  "end" : 204 }, 
        {"sofa" : 12,  "begin" : 205,  "end" : 213 }, 
        {"sofa" : 12,  "begin" : 214,  "end" : 216 }, 
        {"sofa" : 12,  "begin" : 217,  "end" : 226 }, 
        {"sofa" : 12,  "begin" : 227,  "end" : 231 }, 
        {"sofa" : 12,  "begin" : 232,  "end" : 233 }, 
        {"sofa" : 12,  "begin" : 235,  "end" : 247 }, 
        {"sofa" : 12,  "begin" : 248,  "end" : 252 }, 
        {"sofa" : 12,  "begin" : 253,  "end" : 262 }, 
        {"sofa" : 12,  "begin" : 263,  "end" : 266 }, 
        {"sofa" : 12,  "begin" : 267,  "end" : 270 }, 
        {"sofa" : 12,  "begin" : 271,  "end" : 274 }, 
        {"sofa" : 12,  "begin" : 275,  "end" : 277 }, 
        {"sofa" : 12,  "begin" : 278,  "end" : 292 }, 
        {"sofa" : 12,  "begin" : 293,  "end" : 300 }, 
        {"sofa" : 12,  "begin" : 301,  "end" : 312 }, 
        {"sofa" : 12,  "begin" : 313,  "end" : 315 }, 
        {"sofa" : 12,  "begin" : 316,  "end" : 318 }, 
        {"sofa" : 12,  "begin" : 319,  "end" : 327 }, 
        {"sofa" : 12,  "begin" : 328,  "end" : 330 }, 
        {"sofa" : 12,  "begin" : 331,  "end" : 339 }, 
        {"sofa" : 12,  "begin" : 340,  "end" : 341 }, 
        {"sofa" : 12,  "begin" : 343,  "end" : 345 }, 
        {"sofa" : 12,  "begin" : 346,  "end" : 358 }, 
        {"sofa" : 12,  "begin" : 359,  "end" : 362 }, 
        {"sofa" : 12,  "begin" : 363,  "end" : 365 }, 
        {"sofa" : 12,  "begin" : 366,  "end" : 379 }, 
        {"sofa" : 12,  "begin" : 380,  "end" : 383 }, 
        {"sofa" : 12,  "begin" : 384,  "end" : 396 }, 
        {"sofa" : 12,  "begin" : 397,  "end" : 401 }, 
        {"sofa" : 12,  "begin" : 402,  "end" : 407 }, 
        {"sofa" : 12,  "begin" : 408,  "end" : 419 }, 
        {"sofa" : 12,  "begin" : 420,  "end" : 425 }, 
        {"sofa" : 12,  "begin" : 426,  "end" : 427 }, 
        {"sofa" : 12,  "begin" : 428,  "end" : 432 }, 
        {"sofa" : 12,  "begin" : 433,  "end" : 436 }, 
        {"sofa" : 12,  "begin" : 437,  "end" : 440 }, 
        {"sofa" : 12,  "begin" : 441,  "end" : 444 }, 
        {"sofa" : 12,  "begin" : 445,  "end" : 453 }, 
        {"sofa" : 12,  "begin" : 454,  "end" : 457 }, 
        {"sofa" : 12,  "begin" : 458,  "end" : 460 }, 
        {"sofa" : 12,  "begin" : 461,  "end" : 468 }, 
        {"sofa" : 12,  "begin" : 469,  "end" : 475 }, 
        {"sofa" : 12,  "begin" : 476,  "end" : 481 }, 
        {"sofa" : 12,  "begin" : 482,  "end" : 491 }, 
        {"sofa" : 12,  "begin" : 492,  "end" : 498 }, 
        {"sofa" : 12,  "begin" : 499,  "end" : 505 }, 
        {"sofa" : 12,  "begin" : 506,  "end" : 507 } ], 
      "Eventclauses" : [
        {"sofa" : 12,  "end" : 65,  "EventPolarity" : "EVE neutral",  "Prominence" : "Main" }, 
        {"sofa" : 12,  "begin" : 73,  "end" : 127,  "EventPolarity" : "EVE negative",  "Prominence" : "Background" }, 
        {"sofa" : 12,  "begin" : 165,  "end" : 231,  "EventPolarity" : "EVE negative",  "Prominence" : "Background" }, 
        {"sofa" : 12,  "begin" : 235,  "end" : 312,  "EventPolarity" : "EVE neutral",  "Prominence" : "Background" }, 
        {"sofa" : 12,  "begin" : 319,  "end" : 339,  "EventPolarity" : "EVE neutral",  "Prominence" : "Background" }, 
        {"sofa" : 12,  "begin" : 343,  "end" : 425,  "EventPolarity" : "EVE neutral",  "Prominence" : "Background" }, 
        {"sofa" : 12,  "begin" : 433,  "end" : 505,  "EventPolarity" : "EVE positive",  "Prominence" : "Background" } ] } }, 
  "_referenced_fss" : {
    "12" : {"_type" : "Sofa",  "sofaNum" : 1,  "sofaID" : "_InitialView",  "mimeType" : "text",  "sofaString" : "Oostendse veiligheidscel komt samen om coronacijfers te bespreken , maar burgemeester Bart Tommelein wil geen extra maatregelen\n Net als in veel steden en gemeenten zitten het aantal coronabesmettingen in Oostende in stijgende lijn .\n Burgemeester Bart Tommelein zal dan ook de Veiligheidscel dinsdag samenroepen om de situatie te bekijken .\n De burgemeester zal in tegenstelling tot Knokke-Heist geen extra maatregelen nemen , maar hij wil wel bekijken hoe de huidige regels beter opgevolgd kunnen worden .\n " } } }