{"_context" : {
    "_types" : {
      "DocumentMetaData" : {
        "_feature_types" : {"sofa" : "_ref" } }, 
      "Eventclauses" : {
        "_feature_types" : {"sofa" : "_ref",  "Arguments" : "_ref",  "Polarity" : "_ref",  "PolarityTrigger" : "_ref",  "Sameclause" : "_ref" } }, 
      "Sentence" : {
        "_feature_types" : {"sofa" : "_ref" } }, 
      "Sofa" : {
        "_feature_types" : {"sofaArray" : "_ref" } }, 
      "TagsetDescription" : {
        "_feature_types" : {"sofa" : "_ref",  "tags" : "_ref" } }, 
      "Token" : {
        "_feature_types" : {"sofa" : "_ref",  "parent" : "_ref",  "lemma" : "_ref",  "stem" : "_ref",  "pos" : "_ref",  "morph" : "_ref",  "form" : "_ref" } }, 
      "DocumentAnnotation" : {
        "_feature_types" : {"sofa" : "_ref" }, 
        "_subtypes" : ["DocumentMetaData" ] }, 
      "Annotation" : {
        "_feature_types" : {"sofa" : "_ref" }, 
        "_subtypes" : ["DocumentAnnotation",  "Eventclauses",  "Sentence",  "TagsetDescription",  "Token" ] }, 
      "AnnotationBase" : {
        "_feature_types" : {"sofa" : "_ref" }, 
        "_subtypes" : ["Annotation" ] }, 
      "TOP" : {
        "_subtypes" : ["AnnotationBase",  "Sofa" ] } } }, 
  "_views" : {
    "_InitialView" : {
      "DocumentMetaData" : [
        {"sofa" : 12,  "end" : 165,  "language" : "x-unspecified",  "documentTitle" : "b198330.txt",  "documentId" : "WoutBoven",  "documentUri" : "file:/export/repository/project/114/document/44416/source/WoutBoven",  "collectionId" : "file:/export/repository/project/114/document/44416/source/",  "documentBaseUri" : "file:/export/repository/project/114/document/44416/source/",  "isLastSegment" : false } ], 
      "TagsetDescription" : [
        {"sofa" : 12,  "layer" : "de.tudarmstadt.ukp.dkpro.core.api.syntax.type.dependency.Dependency",  "name" : "UD Universal Dependencies",  "input" : false }, 
        {"sofa" : 12,  "layer" : "webanno.custom.Entities",  "name" : "Entity - mention level types",  "input" : false }, 
        {"sofa" : 12,  "layer" : "webanno.custom.Eventclauses",  "name" : "Event - tense",  "input" : false }, 
        {"sofa" : 12,  "layer" : "webanno.custom.Eventsarguments",  "name" : "eventdna_argument_entities_(auto)",  "input" : false }, 
        {"sofa" : 12,  "layer" : "webanno.custom.Namedentities",  "name" : "NE types",  "input" : false }, 
        {"sofa" : 12,  "layer" : "webanno.custom.EntitiesLETSpreanno",  "name" : "Named entity - types",  "input" : false }, 
        {"sofa" : 12,  "layer" : "de.tudarmstadt.ukp.dkpro.core.api.transform.type.SofaChangeAnnotation",  "name" : "Operation",  "input" : false }, 
        {"sofa" : 12,  "layer" : "de.tudarmstadt.ukp.dkpro.core.api.lexmorph.type.pos.POS",  "name" : "UD Universal POS tags",  "input" : false }, 
        {"sofa" : 12,  "layer" : "webanno.custom.Polaritytriggers",  "name" : "Polarity",  "input" : false }, 
        {"sofa" : 12,  "layer" : "de.tudarmstadt.ukp.dkpro.core.api.segmentation.type.SurfaceForm",  "name" : "Named Entity tags",  "input" : false } ], 
      "Sentence" : [
        {"sofa" : 12,  "end" : 67 }, 
        {"sofa" : 12,  "begin" : 69,  "end" : 163 } ], 
      "Token" : [
        {"sofa" : 12,  "end" : 12 }, 
        {"sofa" : 12,  "begin" : 13,  "end" : 20 }, 
        {"sofa" : 12,  "begin" : 21,  "end" : 28 }, 
        {"sofa" : 12,  "begin" : 29,  "end" : 37 }, 
        {"sofa" : 12,  "begin" : 38,  "end" : 42 }, 
        {"sofa" : 12,  "begin" : 43,  "end" : 46 }, 
        {"sofa" : 12,  "begin" : 47,  "end" : 59 }, 
        {"sofa" : 12,  "begin" : 60,  "end" : 67 }, 
        {"sofa" : 12,  "begin" : 69,  "end" : 71 }, 
        {"sofa" : 12,  "begin" : 72,  "end" : 77 }, 
        {"sofa" : 12,  "begin" : 78,  "end" : 81 }, 
        {"sofa" : 12,  "begin" : 82,  "end" : 84 }, 
        {"sofa" : 12,  "begin" : 85,  "end" : 88 }, 
        {"sofa" : 12,  "begin" : 89,  "end" : 97 }, 
        {"sofa" : 12,  "begin" : 98,  "end" : 100 }, 
        {"sofa" : 12,  "begin" : 101,  "end" : 109 }, 
        {"sofa" : 12,  "begin" : 110,  "end" : 113 }, 
        {"sofa" : 12,  "begin" : 114,  "end" : 116 }, 
        {"sofa" : 12,  "begin" : 117,  "end" : 120 }, 
        {"sofa" : 12,  "begin" : 121,  "end" : 127 }, 
        {"sofa" : 12,  "begin" : 128,  "end" : 130 }, 
        {"sofa" : 12,  "begin" : 131,  "end" : 139 }, 
        {"sofa" : 12,  "begin" : 140,  "end" : 144 }, 
        {"sofa" : 12,  "begin" : 145,  "end" : 147 }, 
        {"sofa" : 12,  "begin" : 148,  "end" : 156 }, 
        {"sofa" : 12,  "begin" : 157,  "end" : 161 }, 
        {"sofa" : 12,  "begin" : 162,  "end" : 163 } ], 
      "Eventclauses" : [
        {"sofa" : 12,  "end" : 42,  "EventPolarity" : "EVE neutral",  "Prominence" : "Main" }, 
        {"sofa" : 12,  "begin" : 69,  "end" : 161,  "EventPolarity" : "EVE neutral",  "Prominence" : "Main" } ] } }, 
  "_referenced_fss" : {
    "12" : {"_type" : "Sofa",  "sofaNum" : 1,  "sofaID" : "_InitialView",  "mimeType" : "text",  "sofaString" : "Dinosauriërs spotten tijdens Jurassic Expo aan sportcentrum Schotte\n In Aalst kan je van zaterdag 13 november tot en met zondag 21 november naar de Jurassic Expo .\n " } } }