{"_context" : {
    "_types" : {
      "DocumentMetaData" : {
        "_feature_types" : {"sofa" : "_ref" } }, 
      "Eventclauses" : {
        "_feature_types" : {"sofa" : "_ref",  "Arguments" : "_ref",  "Polarity" : "_ref",  "PolarityTrigger" : "_ref",  "Sameclause" : "_ref" } }, 
      "Sentence" : {
        "_feature_types" : {"sofa" : "_ref" } }, 
      "Sofa" : {
        "_feature_types" : {"sofaArray" : "_ref" } }, 
      "TagsetDescription" : {
        "_feature_types" : {"sofa" : "_ref",  "tags" : "_ref" } }, 
      "Token" : {
        "_feature_types" : {"sofa" : "_ref",  "parent" : "_ref",  "lemma" : "_ref",  "stem" : "_ref",  "pos" : "_ref",  "morph" : "_ref",  "form" : "_ref" } }, 
      "DocumentAnnotation" : {
        "_feature_types" : {"sofa" : "_ref" }, 
        "_subtypes" : ["DocumentMetaData" ] }, 
      "Annotation" : {
        "_feature_types" : {"sofa" : "_ref" }, 
        "_subtypes" : ["DocumentAnnotation",  "Eventclauses",  "Sentence",  "TagsetDescription",  "Token" ] }, 
      "AnnotationBase" : {
        "_feature_types" : {"sofa" : "_ref" }, 
        "_subtypes" : ["Annotation" ] }, 
      "TOP" : {
        "_subtypes" : ["AnnotationBase",  "Sofa" ] } } }, 
  "_views" : {
    "_InitialView" : {
      "DocumentMetaData" : [
        {"sofa" : 12,  "end" : 269,  "language" : "x-unspecified",  "documentTitle" : "bd4776f.txt",  "documentId" : "WoutBoven",  "documentUri" : "file:/export/repository/project/114/document/44414/source/WoutBoven",  "collectionId" : "file:/export/repository/project/114/document/44414/source/",  "documentBaseUri" : "file:/export/repository/project/114/document/44414/source/",  "isLastSegment" : false } ], 
      "TagsetDescription" : [
        {"sofa" : 12,  "layer" : "de.tudarmstadt.ukp.dkpro.core.api.syntax.type.dependency.Dependency",  "name" : "UD Universal Dependencies",  "input" : false }, 
        {"sofa" : 12,  "layer" : "webanno.custom.Entities",  "name" : "Entity - mention level types",  "input" : false }, 
        {"sofa" : 12,  "layer" : "webanno.custom.Eventclauses",  "name" : "Event - tense",  "input" : false }, 
        {"sofa" : 12,  "layer" : "webanno.custom.Eventsarguments",  "name" : "eventdna_argument_entities_(auto)",  "input" : false }, 
        {"sofa" : 12,  "layer" : "webanno.custom.Namedentities",  "name" : "NE types",  "input" : false }, 
        {"sofa" : 12,  "layer" : "webanno.custom.EntitiesLETSpreanno",  "name" : "Named entity - types",  "input" : false }, 
        {"sofa" : 12,  "layer" : "de.tudarmstadt.ukp.dkpro.core.api.transform.type.SofaChangeAnnotation",  "name" : "Operation",  "input" : false }, 
        {"sofa" : 12,  "layer" : "de.tudarmstadt.ukp.dkpro.core.api.lexmorph.type.pos.POS",  "name" : "UD Universal POS tags",  "input" : false }, 
        {"sofa" : 12,  "layer" : "webanno.custom.Polaritytriggers",  "name" : "Polarity",  "input" : false }, 
        {"sofa" : 12,  "layer" : "de.tudarmstadt.ukp.dkpro.core.api.segmentation.type.SurfaceForm",  "name" : "Named Entity tags",  "input" : false } ], 
      "Sentence" : [
        {"sofa" : 12,  "end" : 55 }, 
        {"sofa" : 12,  "begin" : 57,  "end" : 171 }, 
        {"sofa" : 12,  "begin" : 173,  "end" : 267 } ], 
      "Token" : [
        {"sofa" : 12,  "end" : 16 }, 
        {"sofa" : 12,  "begin" : 17,  "end" : 18 }, 
        {"sofa" : 12,  "begin" : 18,  "end" : 22 }, 
        {"sofa" : 12,  "begin" : 23,  "end" : 26 }, 
        {"sofa" : 12,  "begin" : 27,  "end" : 31 }, 
        {"sofa" : 12,  "begin" : 31,  "end" : 32 }, 
        {"sofa" : 12,  "begin" : 33,  "end" : 39 }, 
        {"sofa" : 12,  "begin" : 40,  "end" : 42 }, 
        {"sofa" : 12,  "begin" : 43,  "end" : 45 }, 
        {"sofa" : 12,  "begin" : 46,  "end" : 48 }, 
        {"sofa" : 12,  "begin" : 49,  "end" : 55 }, 
        {"sofa" : 12,  "begin" : 57,  "end" : 59 }, 
        {"sofa" : 12,  "begin" : 60,  "end" : 67 }, 
        {"sofa" : 12,  "begin" : 68,  "end" : 70 }, 
        {"sofa" : 12,  "begin" : 71,  "end" : 79 }, 
        {"sofa" : 12,  "begin" : 80,  "end" : 88 }, 
        {"sofa" : 12,  "begin" : 89,  "end" : 92 }, 
        {"sofa" : 12,  "begin" : 93,  "end" : 109 }, 
        {"sofa" : 12,  "begin" : 110,  "end" : 114 }, 
        {"sofa" : 12,  "begin" : 115,  "end" : 118 }, 
        {"sofa" : 12,  "begin" : 119,  "end" : 123 }, 
        {"sofa" : 12,  "begin" : 124,  "end" : 127 }, 
        {"sofa" : 12,  "begin" : 128,  "end" : 134 }, 
        {"sofa" : 12,  "begin" : 135,  "end" : 138 }, 
        {"sofa" : 12,  "begin" : 139,  "end" : 147 }, 
        {"sofa" : 12,  "begin" : 148,  "end" : 152 }, 
        {"sofa" : 12,  "begin" : 153,  "end" : 156 }, 
        {"sofa" : 12,  "begin" : 157,  "end" : 161 }, 
        {"sofa" : 12,  "begin" : 162,  "end" : 169 }, 
        {"sofa" : 12,  "begin" : 170,  "end" : 171 }, 
        {"sofa" : 12,  "begin" : 173,  "end" : 175 }, 
        {"sofa" : 12,  "begin" : 176,  "end" : 184 }, 
        {"sofa" : 12,  "begin" : 185,  "end" : 192 }, 
        {"sofa" : 12,  "begin" : 193,  "end" : 195 }, 
        {"sofa" : 12,  "begin" : 196,  "end" : 205 }, 
        {"sofa" : 12,  "begin" : 206,  "end" : 209 }, 
        {"sofa" : 12,  "begin" : 209,  "end" : 210 }, 
        {"sofa" : 12,  "begin" : 211,  "end" : 213 }, 
        {"sofa" : 12,  "begin" : 214,  "end" : 223 }, 
        {"sofa" : 12,  "begin" : 224,  "end" : 227 }, 
        {"sofa" : 12,  "begin" : 228,  "end" : 230 }, 
        {"sofa" : 12,  "begin" : 231,  "end" : 241 }, 
        {"sofa" : 12,  "begin" : 242,  "end" : 249 }, 
        {"sofa" : 12,  "begin" : 250,  "end" : 254 }, 
        {"sofa" : 12,  "begin" : 255,  "end" : 265 }, 
        {"sofa" : 12,  "begin" : 266,  "end" : 267 } ], 
      "Eventclauses" : [
        {"sofa" : 12,  "end" : 55,  "EventPolarity" : "EVE neutral",  "Prominence" : "Main" }, 
        {"sofa" : 12,  "begin" : 80,  "end" : 169,  "EventPolarity" : "EVE neutral",  "Prominence" : "Main" }, 
        {"sofa" : 12,  "begin" : 173,  "end" : 223,  "EventPolarity" : "EVE neutral",  "Prominence" : "Background" }, 
        {"sofa" : 12,  "begin" : 228,  "end" : 265,  "EventPolarity" : "EVE neutral",  "Prominence" : "Background" } ] } }, 
  "_referenced_fss" : {
    "12" : {"_type" : "Sofa",  "sofaNum" : 1,  "sofaID" : "_InitialView",  "mimeType" : "text",  "sofaString" : "Gelegenheidskoor ' Jong Van Hart ' treedt op in de Singel\n Op maandag 27 december betreedt het gelegenheidskoor Jong van Hart het podium van deSingel voor een live concert .\n De senioren brengen er klassieke pop - en rocksongs die ze inoefenden tijdens tien repetities .\n " } } }
