{"_context" : {
    "_types" : {
      "DocumentMetaData" : {
        "_feature_types" : {"sofa" : "_ref" } }, 
      "Eventclauses" : {
        "_feature_types" : {"sofa" : "_ref",  "Arguments" : "_ref",  "Polarity" : "_ref",  "PolarityTrigger" : "_ref",  "Sameclause" : "_ref" } }, 
      "Sentence" : {
        "_feature_types" : {"sofa" : "_ref" } }, 
      "Sofa" : {
        "_feature_types" : {"sofaArray" : "_ref" } }, 
      "TagsetDescription" : {
        "_feature_types" : {"sofa" : "_ref",  "tags" : "_ref" } }, 
      "Token" : {
        "_feature_types" : {"sofa" : "_ref",  "parent" : "_ref",  "lemma" : "_ref",  "stem" : "_ref",  "pos" : "_ref",  "morph" : "_ref",  "form" : "_ref" } }, 
      "DocumentAnnotation" : {
        "_feature_types" : {"sofa" : "_ref" }, 
        "_subtypes" : ["DocumentMetaData" ] }, 
      "Annotation" : {
        "_feature_types" : {"sofa" : "_ref" }, 
        "_subtypes" : ["DocumentAnnotation",  "Eventclauses",  "Sentence",  "TagsetDescription",  "Token" ] }, 
      "AnnotationBase" : {
        "_feature_types" : {"sofa" : "_ref" }, 
        "_subtypes" : ["Annotation" ] }, 
      "TOP" : {
        "_subtypes" : ["AnnotationBase",  "Sofa" ] } } }, 
  "_views" : {
    "_InitialView" : {
      "DocumentMetaData" : [
        {"sofa" : 12,  "end" : 211,  "language" : "x-unspecified",  "documentTitle" : "c54efa5.txt",  "documentId" : "WoutBoven",  "documentUri" : "file:/export/repository/project/114/document/44411/source/WoutBoven",  "collectionId" : "file:/export/repository/project/114/document/44411/source/",  "documentBaseUri" : "file:/export/repository/project/114/document/44411/source/",  "isLastSegment" : false } ], 
      "TagsetDescription" : [
        {"sofa" : 12,  "layer" : "de.tudarmstadt.ukp.dkpro.core.api.syntax.type.dependency.Dependency",  "name" : "UD Universal Dependencies",  "input" : false }, 
        {"sofa" : 12,  "layer" : "webanno.custom.Entities",  "name" : "Entity - mention level types",  "input" : false }, 
        {"sofa" : 12,  "layer" : "webanno.custom.Eventclauses",  "name" : "Event - tense",  "input" : false }, 
        {"sofa" : 12,  "layer" : "webanno.custom.Eventsarguments",  "name" : "eventdna_argument_entities_(auto)",  "input" : false }, 
        {"sofa" : 12,  "layer" : "webanno.custom.Namedentities",  "name" : "NE types",  "input" : false }, 
        {"sofa" : 12,  "layer" : "webanno.custom.EntitiesLETSpreanno",  "name" : "Named entity - types",  "input" : false }, 
        {"sofa" : 12,  "layer" : "de.tudarmstadt.ukp.dkpro.core.api.transform.type.SofaChangeAnnotation",  "name" : "Operation",  "input" : false }, 
        {"sofa" : 12,  "layer" : "de.tudarmstadt.ukp.dkpro.core.api.lexmorph.type.pos.POS",  "name" : "UD Universal POS tags",  "input" : false }, 
        {"sofa" : 12,  "layer" : "webanno.custom.Polaritytriggers",  "name" : "Polarity",  "input" : false }, 
        {"sofa" : 12,  "layer" : "de.tudarmstadt.ukp.dkpro.core.api.segmentation.type.SurfaceForm",  "name" : "Named Entity tags",  "input" : false } ], 
      "Sentence" : [
        {"sofa" : 12,  "end" : 39 }, 
        {"sofa" : 12,  "begin" : 41,  "end" : 93 }, 
        {"sofa" : 12,  "begin" : 95,  "end" : 153 }, 
        {"sofa" : 12,  "begin" : 155,  "end" : 209 } ], 
      "Token" : [
        {"sofa" : 12,  "end" : 3 }, 
        {"sofa" : 12,  "begin" : 4,  "end" : 9 }, 
        {"sofa" : 12,  "begin" : 10,  "end" : 13 }, 
        {"sofa" : 12,  "begin" : 14,  "end" : 20 }, 
        {"sofa" : 12,  "begin" : 21,  "end" : 24 }, 
        {"sofa" : 12,  "begin" : 25,  "end" : 29 }, 
        {"sofa" : 12,  "begin" : 30,  "end" : 39 }, 
        {"sofa" : 12,  "begin" : 41,  "end" : 47 }, 
        {"sofa" : 12,  "begin" : 48,  "end" : 54 }, 
        {"sofa" : 12,  "begin" : 55,  "end" : 62 }, 
        {"sofa" : 12,  "begin" : 63,  "end" : 69 }, 
        {"sofa" : 12,  "begin" : 70,  "end" : 77 }, 
        {"sofa" : 12,  "begin" : 78,  "end" : 80 }, 
        {"sofa" : 12,  "begin" : 81,  "end" : 84 }, 
        {"sofa" : 12,  "begin" : 85,  "end" : 91 }, 
        {"sofa" : 12,  "begin" : 92,  "end" : 93 }, 
        {"sofa" : 12,  "begin" : 95,  "end" : 97 }, 
        {"sofa" : 12,  "begin" : 98,  "end" : 104 }, 
        {"sofa" : 12,  "begin" : 105,  "end" : 111 }, 
        {"sofa" : 12,  "begin" : 112,  "end" : 114 }, 
        {"sofa" : 12,  "begin" : 115,  "end" : 118 }, 
        {"sofa" : 12,  "begin" : 119,  "end" : 123 }, 
        {"sofa" : 12,  "begin" : 124,  "end" : 127 }, 
        {"sofa" : 12,  "begin" : 128,  "end" : 133 }, 
        {"sofa" : 12,  "begin" : 134,  "end" : 138 }, 
        {"sofa" : 12,  "begin" : 139,  "end" : 142 }, 
        {"sofa" : 12,  "begin" : 143,  "end" : 146 }, 
        {"sofa" : 12,  "begin" : 147,  "end" : 151 }, 
        {"sofa" : 12,  "begin" : 152,  "end" : 153 }, 
        {"sofa" : 12,  "begin" : 155,  "end" : 157 }, 
        {"sofa" : 12,  "begin" : 158,  "end" : 161 }, 
        {"sofa" : 12,  "begin" : 162,  "end" : 165 }, 
        {"sofa" : 12,  "begin" : 166,  "end" : 172 }, 
        {"sofa" : 12,  "begin" : 173,  "end" : 180 }, 
        {"sofa" : 12,  "begin" : 181,  "end" : 187 }, 
        {"sofa" : 12,  "begin" : 188,  "end" : 191 }, 
        {"sofa" : 12,  "begin" : 192,  "end" : 203 }, 
        {"sofa" : 12,  "begin" : 204,  "end" : 207 }, 
        {"sofa" : 12,  "begin" : 208,  "end" : 209 } ], 
      "Eventclauses" : [
        {"sofa" : 12,  "end" : 39,  "EventPolarity" : "EVE positive",  "Prominence" : "Background" }, 
        {"sofa" : 12,  "begin" : 41,  "end" : 91,  "EventPolarity" : "EVE negative",  "Prominence" : "Main" }, 
        {"sofa" : 12,  "begin" : 95,  "end" : 151,  "EventPolarity" : "EVE negative",  "Prominence" : "Background" }, 
        {"sofa" : 12,  "begin" : 155,  "end" : 207,  "EventPolarity" : "EVE neutral",  "Prominence" : "Background" } ] } }, 
  "_referenced_fss" : {
    "12" : {"_type" : "Sofa",  "sofaNum" : 1,  "sofaID" : "_InitialView",  "mimeType" : "text",  "sofaString" : "Kat maakt het dieven wel héél makkelijk\n Dieven konden dinsdag binnen dringen in een woning .\n De daders gingen er van door met onder meer een som geld .\n De kat des huizes speelde hierin een belangrijke rol .\n " } } }