{"_context" : {
    "_types" : {
      "DocumentMetaData" : {
        "_feature_types" : {"sofa" : "_ref" } }, 
      "Eventclauses" : {
        "_feature_types" : {"sofa" : "_ref",  "Arguments" : "_ref",  "Polarity" : "_ref",  "PolarityTrigger" : "_ref",  "Sameclause" : "_ref" } }, 
      "Sentence" : {
        "_feature_types" : {"sofa" : "_ref" } }, 
      "Sofa" : {
        "_feature_types" : {"sofaArray" : "_ref" } }, 
      "TagsetDescription" : {
        "_feature_types" : {"sofa" : "_ref",  "tags" : "_ref" } }, 
      "Token" : {
        "_feature_types" : {"sofa" : "_ref",  "parent" : "_ref",  "lemma" : "_ref",  "stem" : "_ref",  "pos" : "_ref",  "morph" : "_ref",  "form" : "_ref" } }, 
      "DocumentAnnotation" : {
        "_feature_types" : {"sofa" : "_ref" }, 
        "_subtypes" : ["DocumentMetaData" ] }, 
      "Annotation" : {
        "_feature_types" : {"sofa" : "_ref" }, 
        "_subtypes" : ["DocumentAnnotation",  "Eventclauses",  "Sentence",  "TagsetDescription",  "Token" ] }, 
      "AnnotationBase" : {
        "_feature_types" : {"sofa" : "_ref" }, 
        "_subtypes" : ["Annotation" ] }, 
      "TOP" : {
        "_subtypes" : ["AnnotationBase",  "Sofa" ] } } }, 
  "_views" : {
    "_InitialView" : {
      "DocumentMetaData" : [
        {"sofa" : 12,  "end" : 315,  "language" : "x-unspecified",  "documentTitle" : "c67a18c.txt",  "documentId" : "WoutBoven",  "documentUri" : "file:/export/repository/project/114/document/44410/source/WoutBoven",  "collectionId" : "file:/export/repository/project/114/document/44410/source/",  "documentBaseUri" : "file:/export/repository/project/114/document/44410/source/",  "isLastSegment" : false } ], 
      "TagsetDescription" : [
        {"sofa" : 12,  "layer" : "de.tudarmstadt.ukp.dkpro.core.api.syntax.type.dependency.Dependency",  "name" : "UD Universal Dependencies",  "input" : false }, 
        {"sofa" : 12,  "layer" : "webanno.custom.Entities",  "name" : "Entity - mention level types",  "input" : false }, 
        {"sofa" : 12,  "layer" : "webanno.custom.Eventclauses",  "name" : "Event - tense",  "input" : false }, 
        {"sofa" : 12,  "layer" : "webanno.custom.Eventsarguments",  "name" : "eventdna_argument_entities_(auto)",  "input" : false }, 
        {"sofa" : 12,  "layer" : "webanno.custom.Namedentities",  "name" : "NE types",  "input" : false }, 
        {"sofa" : 12,  "layer" : "webanno.custom.EntitiesLETSpreanno",  "name" : "Named entity - types",  "input" : false }, 
        {"sofa" : 12,  "layer" : "de.tudarmstadt.ukp.dkpro.core.api.transform.type.SofaChangeAnnotation",  "name" : "Operation",  "input" : false }, 
        {"sofa" : 12,  "layer" : "de.tudarmstadt.ukp.dkpro.core.api.lexmorph.type.pos.POS",  "name" : "UD Universal POS tags",  "input" : false }, 
        {"sofa" : 12,  "layer" : "webanno.custom.Polaritytriggers",  "name" : "Polarity",  "input" : false }, 
        {"sofa" : 12,  "layer" : "de.tudarmstadt.ukp.dkpro.core.api.segmentation.type.SurfaceForm",  "name" : "Named Entity tags",  "input" : false } ], 
      "Sentence" : [
        {"sofa" : 12,  "end" : 92 }, 
        {"sofa" : 12,  "begin" : 94,  "end" : 169 }, 
        {"sofa" : 12,  "begin" : 171,  "end" : 270 }, 
        {"sofa" : 12,  "begin" : 272,  "end" : 313 } ], 
      "Token" : [
        {"sofa" : 12,  "end" : 6 }, 
        {"sofa" : 12,  "begin" : 7,  "end" : 12 }, 
        {"sofa" : 12,  "begin" : 13,  "end" : 14 }, 
        {"sofa" : 12,  "begin" : 15,  "end" : 17 }, 
        {"sofa" : 12,  "begin" : 18,  "end" : 21 }, 
        {"sofa" : 12,  "begin" : 22,  "end" : 32 }, 
        {"sofa" : 12,  "begin" : 33,  "end" : 34 }, 
        {"sofa" : 12,  "begin" : 35,  "end" : 37 }, 
        {"sofa" : 12,  "begin" : 38,  "end" : 43 }, 
        {"sofa" : 12,  "begin" : 44,  "end" : 46 }, 
        {"sofa" : 12,  "begin" : 47,  "end" : 53 }, 
        {"sofa" : 12,  "begin" : 54,  "end" : 55 }, 
        {"sofa" : 12,  "begin" : 56,  "end" : 60 }, 
        {"sofa" : 12,  "begin" : 61,  "end" : 65 }, 
        {"sofa" : 12,  "begin" : 66,  "end" : 72 }, 
        {"sofa" : 12,  "begin" : 73,  "end" : 78 }, 
        {"sofa" : 12,  "begin" : 79,  "end" : 83 }, 
        {"sofa" : 12,  "begin" : 84,  "end" : 92 }, 
        {"sofa" : 12,  "begin" : 94,  "end" : 98 }, 
        {"sofa" : 12,  "begin" : 99,  "end" : 103 }, 
        {"sofa" : 12,  "begin" : 104,  "end" : 107 }, 
        {"sofa" : 12,  "begin" : 108,  "end" : 118 }, 
        {"sofa" : 12,  "begin" : 119,  "end" : 122 }, 
        {"sofa" : 12,  "begin" : 123,  "end" : 125 }, 
        {"sofa" : 12,  "begin" : 126,  "end" : 134 }, 
        {"sofa" : 12,  "begin" : 135,  "end" : 138 }, 
        {"sofa" : 12,  "begin" : 139,  "end" : 156 }, 
        {"sofa" : 12,  "begin" : 157,  "end" : 167 }, 
        {"sofa" : 12,  "begin" : 168,  "end" : 169 }, 
        {"sofa" : 12,  "begin" : 171,  "end" : 173 }, 
        {"sofa" : 12,  "begin" : 174,  "end" : 177 }, 
        {"sofa" : 12,  "begin" : 178,  "end" : 186 }, 
        {"sofa" : 12,  "begin" : 187,  "end" : 191 }, 
        {"sofa" : 12,  "begin" : 192,  "end" : 200 }, 
        {"sofa" : 12,  "begin" : 201,  "end" : 204 }, 
        {"sofa" : 12,  "begin" : 205,  "end" : 214 }, 
        {"sofa" : 12,  "begin" : 215,  "end" : 216 }, 
        {"sofa" : 12,  "begin" : 217,  "end" : 218 }, 
        {"sofa" : 12,  "begin" : 218,  "end" : 219 }, 
        {"sofa" : 12,  "begin" : 219,  "end" : 220 }, 
        {"sofa" : 12,  "begin" : 221,  "end" : 223 }, 
        {"sofa" : 12,  "begin" : 224,  "end" : 226 }, 
        {"sofa" : 12,  "begin" : 226,  "end" : 227 }, 
        {"sofa" : 12,  "begin" : 227,  "end" : 229 }, 
        {"sofa" : 12,  "begin" : 229,  "end" : 230 }, 
        {"sofa" : 12,  "begin" : 230,  "end" : 234 }, 
        {"sofa" : 12,  "begin" : 235,  "end" : 236 }, 
        {"sofa" : 12,  "begin" : 237,  "end" : 239 }, 
        {"sofa" : 12,  "begin" : 240,  "end" : 247 }, 
        {"sofa" : 12,  "begin" : 248,  "end" : 249 }, 
        {"sofa" : 12,  "begin" : 250,  "end" : 251 }, 
        {"sofa" : 12,  "begin" : 251,  "end" : 252 }, 
        {"sofa" : 12,  "begin" : 252,  "end" : 253 }, 
        {"sofa" : 12,  "begin" : 254,  "end" : 256 }, 
        {"sofa" : 12,  "begin" : 257,  "end" : 258 }, 
        {"sofa" : 12,  "begin" : 258,  "end" : 259 }, 
        {"sofa" : 12,  "begin" : 259,  "end" : 261 }, 
        {"sofa" : 12,  "begin" : 261,  "end" : 262 }, 
        {"sofa" : 12,  "begin" : 262,  "end" : 266 }, 
        {"sofa" : 12,  "begin" : 267,  "end" : 268 }, 
        {"sofa" : 12,  "begin" : 269,  "end" : 270 }, 
        {"sofa" : 12,  "begin" : 272,  "end" : 278 }, 
        {"sofa" : 12,  "begin" : 279,  "end" : 284 }, 
        {"sofa" : 12,  "begin" : 285,  "end" : 289 }, 
        {"sofa" : 12,  "begin" : 290,  "end" : 294 }, 
        {"sofa" : 12,  "begin" : 295,  "end" : 301 }, 
        {"sofa" : 12,  "begin" : 302,  "end" : 304 }, 
        {"sofa" : 12,  "begin" : 305,  "end" : 311 }, 
        {"sofa" : 12,  "begin" : 312,  "end" : 313 } ], 
      "Eventclauses" : [
        {"sofa" : 12,  "end" : 53,  "EventPolarity" : "EVE positive",  "Prominence" : "Background" }, 
        {"sofa" : 12,  "begin" : 56,  "end" : 92,  "EventPolarity" : "EVE positive",  "Prominence" : "Main" }, 
        {"sofa" : 12,  "begin" : 94,  "end" : 167,  "EventPolarity" : "EVE positive",  "Prominence" : "Background" }, 
        {"sofa" : 12,  "begin" : 171,  "end" : 247,  "EventPolarity" : "EVE positive",  "Prominence" : "Background" }, 
        {"sofa" : 12,  "begin" : 272,  "end" : 311,  "EventPolarity" : "EVE positive",  "Prominence" : "Main" } ] } }, 
  "_referenced_fss" : {
    "12" : {"_type" : "Sofa",  "sofaNum" : 1,  "sofaID" : "_InitialView",  "mimeType" : "text",  "sofaString" : "Stefan Leleu ( T1 KSV Oudenaarde ) na winst op Daknam : Deze drie punten zeker niet gestolen\n Soms doet KSV Oudenaarde het in stadions van ex - eersteklassers uitstekend .\n In het verleden werd gewonnen bij Moeskroen ( 0 - 1 op 21 / 10 /2012 ) en Antwerp ( 1 - 2 op 1 / 12/ 2012 ) .\n Zondag pakte KSVO drie punten op Daknam .\n " } } }
