{"_context" : {
    "_types" : {
      "DocumentMetaData" : {
        "_feature_types" : {"sofa" : "_ref" } }, 
      "Eventclauses" : {
        "_feature_types" : {"sofa" : "_ref",  "Arguments" : "_ref",  "Polarity" : "_ref",  "PolarityTrigger" : "_ref",  "Sameclause" : "_ref" } }, 
      "Sentence" : {
        "_feature_types" : {"sofa" : "_ref" } }, 
      "Sofa" : {
        "_feature_types" : {"sofaArray" : "_ref" } }, 
      "TagsetDescription" : {
        "_feature_types" : {"sofa" : "_ref",  "tags" : "_ref" } }, 
      "Token" : {
        "_feature_types" : {"sofa" : "_ref",  "parent" : "_ref",  "lemma" : "_ref",  "stem" : "_ref",  "pos" : "_ref",  "morph" : "_ref",  "form" : "_ref" } }, 
      "DocumentAnnotation" : {
        "_feature_types" : {"sofa" : "_ref" }, 
        "_subtypes" : ["DocumentMetaData" ] }, 
      "Annotation" : {
        "_feature_types" : {"sofa" : "_ref" }, 
        "_subtypes" : ["DocumentAnnotation",  "Eventclauses",  "Sentence",  "TagsetDescription",  "Token" ] }, 
      "AnnotationBase" : {
        "_feature_types" : {"sofa" : "_ref" }, 
        "_subtypes" : ["Annotation" ] }, 
      "TOP" : {
        "_subtypes" : ["AnnotationBase",  "Sofa" ] } } }, 
  "_views" : {
    "_InitialView" : {
      "DocumentMetaData" : [
        {"sofa" : 12,  "end" : 396,  "language" : "x-unspecified",  "documentTitle" : "c9b9021c.txt",  "documentId" : "WoutBoven",  "documentUri" : "file:/export/repository/project/114/document/44412/source/WoutBoven",  "collectionId" : "file:/export/repository/project/114/document/44412/source/",  "documentBaseUri" : "file:/export/repository/project/114/document/44412/source/",  "isLastSegment" : false } ], 
      "TagsetDescription" : [
        {"sofa" : 12,  "layer" : "de.tudarmstadt.ukp.dkpro.core.api.syntax.type.dependency.Dependency",  "name" : "UD Universal Dependencies",  "input" : false }, 
        {"sofa" : 12,  "layer" : "webanno.custom.Entities",  "name" : "Entity - mention level types",  "input" : false }, 
        {"sofa" : 12,  "layer" : "webanno.custom.Eventclauses",  "name" : "Event - tense",  "input" : false }, 
        {"sofa" : 12,  "layer" : "webanno.custom.Eventsarguments",  "name" : "eventdna_argument_entities_(auto)",  "input" : false }, 
        {"sofa" : 12,  "layer" : "webanno.custom.Namedentities",  "name" : "NE types",  "input" : false }, 
        {"sofa" : 12,  "layer" : "webanno.custom.EntitiesLETSpreanno",  "name" : "Named entity - types",  "input" : false }, 
        {"sofa" : 12,  "layer" : "de.tudarmstadt.ukp.dkpro.core.api.transform.type.SofaChangeAnnotation",  "name" : "Operation",  "input" : false }, 
        {"sofa" : 12,  "layer" : "de.tudarmstadt.ukp.dkpro.core.api.lexmorph.type.pos.POS",  "name" : "UD Universal POS tags",  "input" : false }, 
        {"sofa" : 12,  "layer" : "webanno.custom.Polaritytriggers",  "name" : "Polarity",  "input" : false }, 
        {"sofa" : 12,  "layer" : "de.tudarmstadt.ukp.dkpro.core.api.segmentation.type.SurfaceForm",  "name" : "Named Entity tags",  "input" : false } ], 
      "Sentence" : [
        {"sofa" : 12,  "end" : 88 }, 
        {"sofa" : 12,  "begin" : 90,  "end" : 170 }, 
        {"sofa" : 12,  "begin" : 172,  "end" : 394 } ], 
      "Token" : [
        {"sofa" : 12,  "end" : 11 }, 
        {"sofa" : 12,  "begin" : 12,  "end" : 18 }, 
        {"sofa" : 12,  "begin" : 19,  "end" : 24 }, 
        {"sofa" : 12,  "begin" : 25,  "end" : 33 }, 
        {"sofa" : 12,  "begin" : 34,  "end" : 38 }, 
        {"sofa" : 12,  "begin" : 39,  "end" : 47 }, 
        {"sofa" : 12,  "begin" : 48,  "end" : 49 }, 
        {"sofa" : 12,  "begin" : 50,  "end" : 60 }, 
        {"sofa" : 12,  "begin" : 61,  "end" : 70 }, 
        {"sofa" : 12,  "begin" : 71,  "end" : 75 }, 
        {"sofa" : 12,  "begin" : 76,  "end" : 88 }, 
        {"sofa" : 12,  "begin" : 90,  "end" : 93 }, 
        {"sofa" : 12,  "begin" : 94,  "end" : 105 }, 
        {"sofa" : 12,  "begin" : 106,  "end" : 115 }, 
        {"sofa" : 12,  "begin" : 116,  "end" : 121 }, 
        {"sofa" : 12,  "begin" : 122,  "end" : 129 }, 
        {"sofa" : 12,  "begin" : 130,  "end" : 132 }, 
        {"sofa" : 12,  "begin" : 133,  "end" : 141 }, 
        {"sofa" : 12,  "begin" : 142,  "end" : 145 }, 
        {"sofa" : 12,  "begin" : 146,  "end" : 154 }, 
        {"sofa" : 12,  "begin" : 155,  "end" : 168 }, 
        {"sofa" : 12,  "begin" : 169,  "end" : 170 }, 
        {"sofa" : 12,  "begin" : 172,  "end" : 174 }, 
        {"sofa" : 12,  "begin" : 175,  "end" : 181 }, 
        {"sofa" : 12,  "begin" : 182,  "end" : 191 }, 
        {"sofa" : 12,  "begin" : 192,  "end" : 197 }, 
        {"sofa" : 12,  "begin" : 198,  "end" : 200 }, 
        {"sofa" : 12,  "begin" : 201,  "end" : 213 }, 
        {"sofa" : 12,  "begin" : 214,  "end" : 218 }, 
        {"sofa" : 12,  "begin" : 219,  "end" : 224 }, 
        {"sofa" : 12,  "begin" : 225,  "end" : 228 }, 
        {"sofa" : 12,  "begin" : 229,  "end" : 236 }, 
        {"sofa" : 12,  "begin" : 237,  "end" : 242 }, 
        {"sofa" : 12,  "begin" : 243,  "end" : 247 }, 
        {"sofa" : 12,  "begin" : 248,  "end" : 251 }, 
        {"sofa" : 12,  "begin" : 252,  "end" : 261 }, 
        {"sofa" : 12,  "begin" : 262,  "end" : 272 }, 
        {"sofa" : 12,  "begin" : 273,  "end" : 277 }, 
        {"sofa" : 12,  "begin" : 278,  "end" : 286 }, 
        {"sofa" : 12,  "begin" : 287,  "end" : 294 }, 
        {"sofa" : 12,  "begin" : 295,  "end" : 296 }, 
        {"sofa" : 12,  "begin" : 297,  "end" : 305 }, 
        {"sofa" : 12,  "begin" : 306,  "end" : 309 }, 
        {"sofa" : 12,  "begin" : 310,  "end" : 323 }, 
        {"sofa" : 12,  "begin" : 324,  "end" : 331 }, 
        {"sofa" : 12,  "begin" : 332,  "end" : 335 }, 
        {"sofa" : 12,  "begin" : 336,  "end" : 347 }, 
        {"sofa" : 12,  "begin" : 348,  "end" : 350 }, 
        {"sofa" : 12,  "begin" : 351,  "end" : 357 }, 
        {"sofa" : 12,  "begin" : 358,  "end" : 361 }, 
        {"sofa" : 12,  "begin" : 362,  "end" : 375 }, 
        {"sofa" : 12,  "begin" : 376,  "end" : 385 }, 
        {"sofa" : 12,  "begin" : 386,  "end" : 392 }, 
        {"sofa" : 12,  "begin" : 393,  "end" : 394 } ], 
      "Eventclauses" : [
        {"sofa" : 12,  "end" : 47,  "EventPolarity" : "EVE positive",  "Prominence" : "Main" }, 
        {"sofa" : 12,  "begin" : 50,  "end" : 88,  "EventPolarity" : "EVE negative",  "Prominence" : "Background" }, 
        {"sofa" : 12,  "begin" : 90,  "end" : 168,  "EventPolarity" : "EVE positive",  "Prominence" : "Main" }, 
        {"sofa" : 12,  "begin" : 172,  "end" : 392,  "EventPolarity" : "EVE positive",  "Prominence" : "Background" } ] } }, 
  "_referenced_fss" : {
    "12" : {"_type" : "Sofa",  "sofaNum" : 1,  "sofaID" : "_InitialView",  "mimeType" : "text",  "sofaString" : "Kerelsplein krijgt vanaf volgende week makeover , speelplein tijdelijk niet toegankelijk\n Het Kerelsplein ondergaat vanaf maandag 15 november een grondige transformatie .\n De groene speelzone langs de Acaciastraat moet tegen ten laatste april 2022 een vernieuwd speelplein voor kleuters vooraan , centraal een heraangelegde zandbak met waterpartij en rondom een avontuurlijke speelzone bieden .\n " } } }