{"_context" : {
    "_types" : {
      "DocumentMetaData" : {
        "_feature_types" : {"sofa" : "_ref" } }, 
      "Eventclauses" : {
        "_feature_types" : {"sofa" : "_ref",  "Arguments" : "_ref",  "Polarity" : "_ref",  "PolarityTrigger" : "_ref",  "Sameclause" : "_ref" } }, 
      "Sentence" : {
        "_feature_types" : {"sofa" : "_ref" } }, 
      "Sofa" : {
        "_feature_types" : {"sofaArray" : "_ref" } }, 
      "TagsetDescription" : {
        "_feature_types" : {"sofa" : "_ref",  "tags" : "_ref" } }, 
      "Token" : {
        "_feature_types" : {"sofa" : "_ref",  "parent" : "_ref",  "lemma" : "_ref",  "stem" : "_ref",  "pos" : "_ref",  "morph" : "_ref",  "form" : "_ref" } }, 
      "DocumentAnnotation" : {
        "_feature_types" : {"sofa" : "_ref" }, 
        "_subtypes" : ["DocumentMetaData" ] }, 
      "Annotation" : {
        "_feature_types" : {"sofa" : "_ref" }, 
        "_subtypes" : ["DocumentAnnotation",  "Eventclauses",  "Sentence",  "TagsetDescription",  "Token" ] }, 
      "AnnotationBase" : {
        "_feature_types" : {"sofa" : "_ref" }, 
        "_subtypes" : ["Annotation" ] }, 
      "TOP" : {
        "_subtypes" : ["AnnotationBase",  "Sofa" ] } } }, 
  "_views" : {
    "_InitialView" : {
      "DocumentMetaData" : [
        {"sofa" : 12,  "end" : 310,  "language" : "x-unspecified",  "documentTitle" : "ca0e044.txt",  "documentId" : "WoutBoven",  "documentUri" : "file:/export/repository/project/114/document/44409/source/WoutBoven",  "collectionId" : "file:/export/repository/project/114/document/44409/source/",  "documentBaseUri" : "file:/export/repository/project/114/document/44409/source/",  "isLastSegment" : false } ], 
      "TagsetDescription" : [
        {"sofa" : 12,  "layer" : "de.tudarmstadt.ukp.dkpro.core.api.syntax.type.dependency.Dependency",  "name" : "UD Universal Dependencies",  "input" : false }, 
        {"sofa" : 12,  "layer" : "webanno.custom.Entities",  "name" : "Entity - mention level types",  "input" : false }, 
        {"sofa" : 12,  "layer" : "webanno.custom.Eventclauses",  "name" : "Event - tense",  "input" : false }, 
        {"sofa" : 12,  "layer" : "webanno.custom.Eventsarguments",  "name" : "eventdna_argument_entities_(auto)",  "input" : false }, 
        {"sofa" : 12,  "layer" : "webanno.custom.Namedentities",  "name" : "NE types",  "input" : false }, 
        {"sofa" : 12,  "layer" : "webanno.custom.EntitiesLETSpreanno",  "name" : "Named entity - types",  "input" : false }, 
        {"sofa" : 12,  "layer" : "de.tudarmstadt.ukp.dkpro.core.api.transform.type.SofaChangeAnnotation",  "name" : "Operation",  "input" : false }, 
        {"sofa" : 12,  "layer" : "de.tudarmstadt.ukp.dkpro.core.api.lexmorph.type.pos.POS",  "name" : "UD Universal POS tags",  "input" : false }, 
        {"sofa" : 12,  "layer" : "webanno.custom.Polaritytriggers",  "name" : "Polarity",  "input" : false }, 
        {"sofa" : 12,  "layer" : "de.tudarmstadt.ukp.dkpro.core.api.segmentation.type.SurfaceForm",  "name" : "Named Entity tags",  "input" : false } ], 
      "Sentence" : [
        {"sofa" : 12,  "end" : 71 }, 
        {"sofa" : 12,  "begin" : 73,  "end" : 216 }, 
        {"sofa" : 12,  "begin" : 218,  "end" : 308 } ], 
      "Token" : [
        {"sofa" : 12,  "end" : 8 }, 
        {"sofa" : 12,  "begin" : 9,  "end" : 11 }, 
        {"sofa" : 12,  "begin" : 12,  "end" : 14 }, 
        {"sofa" : 12,  "begin" : 15,  "end" : 25 }, 
        {"sofa" : 12,  "begin" : 26,  "end" : 31 }, 
        {"sofa" : 12,  "begin" : 32,  "end" : 36 }, 
        {"sofa" : 12,  "begin" : 37,  "end" : 58 }, 
        {"sofa" : 12,  "begin" : 59,  "end" : 62 }, 
        {"sofa" : 12,  "begin" : 63,  "end" : 71 }, 
        {"sofa" : 12,  "begin" : 73,  "end" : 75 }, 
        {"sofa" : 12,  "begin" : 76,  "end" : 87 }, 
        {"sofa" : 12,  "begin" : 88,  "end" : 91 }, 
        {"sofa" : 12,  "begin" : 92,  "end" : 100 }, 
        {"sofa" : 12,  "begin" : 101,  "end" : 106 }, 
        {"sofa" : 12,  "begin" : 107,  "end" : 119 }, 
        {"sofa" : 12,  "begin" : 120,  "end" : 127 }, 
        {"sofa" : 12,  "begin" : 128,  "end" : 130 }, 
        {"sofa" : 12,  "begin" : 131,  "end" : 136 }, 
        {"sofa" : 12,  "begin" : 137,  "end" : 144 }, 
        {"sofa" : 12,  "begin" : 145,  "end" : 148 }, 
        {"sofa" : 12,  "begin" : 149,  "end" : 164 }, 
        {"sofa" : 12,  "begin" : 165,  "end" : 173 }, 
        {"sofa" : 12,  "begin" : 174,  "end" : 179 }, 
        {"sofa" : 12,  "begin" : 180,  "end" : 187 }, 
        {"sofa" : 12,  "begin" : 188,  "end" : 196 }, 
        {"sofa" : 12,  "begin" : 197,  "end" : 200 }, 
        {"sofa" : 12,  "begin" : 201,  "end" : 204 }, 
        {"sofa" : 12,  "begin" : 205,  "end" : 214 }, 
        {"sofa" : 12,  "begin" : 215,  "end" : 216 }, 
        {"sofa" : 12,  "begin" : 218,  "end" : 220 }, 
        {"sofa" : 12,  "begin" : 221,  "end" : 226 }, 
        {"sofa" : 12,  "begin" : 227,  "end" : 231 }, 
        {"sofa" : 12,  "begin" : 232,  "end" : 235 }, 
        {"sofa" : 12,  "begin" : 236,  "end" : 246 }, 
        {"sofa" : 12,  "begin" : 247,  "end" : 248 }, 
        {"sofa" : 12,  "begin" : 249,  "end" : 253 }, 
        {"sofa" : 12,  "begin" : 254,  "end" : 261 }, 
        {"sofa" : 12,  "begin" : 262,  "end" : 268 }, 
        {"sofa" : 12,  "begin" : 269,  "end" : 271 }, 
        {"sofa" : 12,  "begin" : 272,  "end" : 274 }, 
        {"sofa" : 12,  "begin" : 275,  "end" : 283 }, 
        {"sofa" : 12,  "begin" : 284,  "end" : 286 }, 
        {"sofa" : 12,  "begin" : 287,  "end" : 289 }, 
        {"sofa" : 12,  "begin" : 290,  "end" : 300 }, 
        {"sofa" : 12,  "begin" : 301,  "end" : 306 }, 
        {"sofa" : 12,  "begin" : 307,  "end" : 308 } ], 
      "Eventclauses" : [
        {"sofa" : 12,  "end" : 31,  "EventPolarity" : "EVE positive",  "Prominence" : "Main" }, 
        {"sofa" : 12,  "begin" : 37,  "end" : 58,  "EventPolarity" : "EVE positive",  "Prominence" : "Background" }, 
        {"sofa" : 12,  "begin" : 76,  "end" : 214,  "EventPolarity" : "EVE positive",  "Prominence" : "Background" }, 
        {"sofa" : 12,  "begin" : 218,  "end" : 246,  "EventPolarity" : "EVE positive",  "Prominence" : "Background" }, 
        {"sofa" : 12,  "begin" : 254,  "end" : 306,  "EventPolarity" : "EVE positive",  "Prominence" : "Main" } ] } }, 
  "_referenced_fss" : {
    "12" : {"_type" : "Sofa",  "sofaNum" : 1,  "sofaID" : "_InitialView",  "mimeType" : "text",  "sofaString" : "Winnaars in de bloemetjes gezet voor herfstwandelzoektocht van 11.11.11\n De organisatie van 11.11.11 Hamme organiseerde tijdens de maand oktober een wandelzoektocht doorheen Hamme waarbij iedereen kon aan deelnemen .\n Er waren heel wat deelnemers , maar vandaag werden de 11 winnaars in de bloemetjes gezet .\n " } } }