{"_context" : {
    "_types" : {
      "DocumentMetaData" : {
        "_feature_types" : {"sofa" : "_ref" } }, 
      "Eventclauses" : {
        "_feature_types" : {"sofa" : "_ref",  "Arguments" : "_ref",  "Polarity" : "_ref",  "PolarityTrigger" : "_ref",  "Sameclause" : "_ref" } }, 
      "Sentence" : {
        "_feature_types" : {"sofa" : "_ref" } }, 
      "Sofa" : {
        "_feature_types" : {"sofaArray" : "_ref" } }, 
      "TagsetDescription" : {
        "_feature_types" : {"sofa" : "_ref",  "tags" : "_ref" } }, 
      "Token" : {
        "_feature_types" : {"sofa" : "_ref",  "parent" : "_ref",  "lemma" : "_ref",  "stem" : "_ref",  "pos" : "_ref",  "morph" : "_ref",  "form" : "_ref" } }, 
      "DocumentAnnotation" : {
        "_feature_types" : {"sofa" : "_ref" }, 
        "_subtypes" : ["DocumentMetaData" ] }, 
      "Annotation" : {
        "_feature_types" : {"sofa" : "_ref" }, 
        "_subtypes" : ["DocumentAnnotation",  "Eventclauses",  "Sentence",  "TagsetDescription",  "Token" ] }, 
      "AnnotationBase" : {
        "_feature_types" : {"sofa" : "_ref" }, 
        "_subtypes" : ["Annotation" ] }, 
      "TOP" : {
        "_subtypes" : ["AnnotationBase",  "Sofa" ] } } }, 
  "_views" : {
    "_InitialView" : {
      "DocumentMetaData" : [
        {"sofa" : 12,  "end" : 300,  "language" : "x-unspecified",  "documentTitle" : "cdbe896.txt",  "documentId" : "WoutBoven",  "documentUri" : "file:/export/repository/project/114/document/44408/source/WoutBoven",  "collectionId" : "file:/export/repository/project/114/document/44408/source/",  "documentBaseUri" : "file:/export/repository/project/114/document/44408/source/",  "isLastSegment" : false } ], 
      "TagsetDescription" : [
        {"sofa" : 12,  "layer" : "de.tudarmstadt.ukp.dkpro.core.api.syntax.type.dependency.Dependency",  "name" : "UD Universal Dependencies",  "input" : false }, 
        {"sofa" : 12,  "layer" : "webanno.custom.Entities",  "name" : "Entity - mention level types",  "input" : false }, 
        {"sofa" : 12,  "layer" : "webanno.custom.Eventclauses",  "name" : "Event - tense",  "input" : false }, 
        {"sofa" : 12,  "layer" : "webanno.custom.Eventsarguments",  "name" : "eventdna_argument_entities_(auto)",  "input" : false }, 
        {"sofa" : 12,  "layer" : "webanno.custom.Namedentities",  "name" : "NE types",  "input" : false }, 
        {"sofa" : 12,  "layer" : "webanno.custom.EntitiesLETSpreanno",  "name" : "Named entity - types",  "input" : false }, 
        {"sofa" : 12,  "layer" : "de.tudarmstadt.ukp.dkpro.core.api.transform.type.SofaChangeAnnotation",  "name" : "Operation",  "input" : false }, 
        {"sofa" : 12,  "layer" : "de.tudarmstadt.ukp.dkpro.core.api.lexmorph.type.pos.POS",  "name" : "UD Universal POS tags",  "input" : false }, 
        {"sofa" : 12,  "layer" : "webanno.custom.Polaritytriggers",  "name" : "Polarity",  "input" : false }, 
        {"sofa" : 12,  "layer" : "de.tudarmstadt.ukp.dkpro.core.api.segmentation.type.SurfaceForm",  "name" : "Named Entity tags",  "input" : false } ], 
      "Sentence" : [
        {"sofa" : 12,  "end" : 33 }, 
        {"sofa" : 12,  "begin" : 35,  "end" : 80 }, 
        {"sofa" : 12,  "begin" : 82,  "end" : 270 }, 
        {"sofa" : 12,  "begin" : 272,  "end" : 298 } ], 
      "Token" : [
        {"sofa" : 12,  "end" : 2 }, 
        {"sofa" : 12,  "begin" : 3,  "end" : 6 }, 
        {"sofa" : 12,  "begin" : 7,  "end" : 10 }, 
        {"sofa" : 12,  "begin" : 11,  "end" : 19 }, 
        {"sofa" : 12,  "begin" : 20,  "end" : 22 }, 
        {"sofa" : 12,  "begin" : 23,  "end" : 31 }, 
        {"sofa" : 12,  "begin" : 32,  "end" : 33 }, 
        {"sofa" : 12,  "begin" : 35,  "end" : 47 }, 
        {"sofa" : 12,  "begin" : 48,  "end" : 57 }, 
        {"sofa" : 12,  "begin" : 58,  "end" : 69 }, 
        {"sofa" : 12,  "begin" : 70,  "end" : 80 }, 
        {"sofa" : 12,  "begin" : 82,  "end" : 84 }, 
        {"sofa" : 12,  "begin" : 85,  "end" : 97 }, 
        {"sofa" : 12,  "begin" : 98,  "end" : 107 }, 
        {"sofa" : 12,  "begin" : 108,  "end" : 119 }, 
        {"sofa" : 12,  "begin" : 120,  "end" : 122 }, 
        {"sofa" : 12,  "begin" : 123,  "end" : 130 }, 
        {"sofa" : 12,  "begin" : 131,  "end" : 133 }, 
        {"sofa" : 12,  "begin" : 134,  "end" : 142 }, 
        {"sofa" : 12,  "begin" : 143,  "end" : 145 }, 
        {"sofa" : 12,  "begin" : 146,  "end" : 152 }, 
        {"sofa" : 12,  "begin" : 152,  "end" : 153 }, 
        {"sofa" : 12,  "begin" : 154,  "end" : 157 }, 
        {"sofa" : 12,  "begin" : 158,  "end" : 167 }, 
        {"sofa" : 12,  "begin" : 168,  "end" : 172 }, 
        {"sofa" : 12,  "begin" : 173,  "end" : 175 }, 
        {"sofa" : 12,  "begin" : 176,  "end" : 179 }, 
        {"sofa" : 12,  "begin" : 180,  "end" : 183 }, 
        {"sofa" : 12,  "begin" : 184,  "end" : 186 }, 
        {"sofa" : 12,  "begin" : 187,  "end" : 194 }, 
        {"sofa" : 12,  "begin" : 195,  "end" : 198 }, 
        {"sofa" : 12,  "begin" : 199,  "end" : 203 }, 
        {"sofa" : 12,  "begin" : 204,  "end" : 211 }, 
        {"sofa" : 12,  "begin" : 212,  "end" : 215 }, 
        {"sofa" : 12,  "begin" : 216,  "end" : 224 }, 
        {"sofa" : 12,  "begin" : 225,  "end" : 227 }, 
        {"sofa" : 12,  "begin" : 228,  "end" : 241 }, 
        {"sofa" : 12,  "begin" : 242,  "end" : 245 }, 
        {"sofa" : 12,  "begin" : 246,  "end" : 248 }, 
        {"sofa" : 12,  "begin" : 249,  "end" : 253 }, 
        {"sofa" : 12,  "begin" : 254,  "end" : 258 }, 
        {"sofa" : 12,  "begin" : 259,  "end" : 268 }, 
        {"sofa" : 12,  "begin" : 269,  "end" : 270 }, 
        {"sofa" : 12,  "begin" : 272,  "end" : 276 }, 
        {"sofa" : 12,  "begin" : 277,  "end" : 286 }, 
        {"sofa" : 12,  "begin" : 287,  "end" : 289 }, 
        {"sofa" : 12,  "begin" : 290,  "end" : 296 }, 
        {"sofa" : 12,  "begin" : 297,  "end" : 298 } ], 
      "Eventclauses" : [
        {"sofa" : 12,  "begin" : 35,  "end" : 80,  "EventPolarity" : "EVE neutral",  "Prominence" : "Main" }, 
        {"sofa" : 12,  "begin" : 82,  "end" : 268,  "EventPolarity" : "EVE neutral",  "Prominence" : "Main" } ] } }, 
  "_referenced_fss" : {
    "12" : {"_type" : "Sofa",  "sofaNum" : 1,  "sofaID" : "_InitialView",  "mimeType" : "text",  "sofaString" : "En wat met fietsers na Ringland ?\n Fietsersbond Wommelgem organiseert infosessie\n De Fietsersbond Wommelgem organiseert op dinsdag 16 november om 19.30u. een infoavond over de rol van de fietsin het hele concept van Ringland en deoverkapping van de Ring rond Antwerpen .\n Deze infoavond is gratis .\n " } } }