{"_context" : {
    "_types" : {
      "DocumentMetaData" : {
        "_feature_types" : {"sofa" : "_ref" } }, 
      "Eventclauses" : {
        "_feature_types" : {"sofa" : "_ref",  "Arguments" : "_ref",  "Polarity" : "_ref",  "PolarityTrigger" : "_ref",  "Sameclause" : "_ref" } }, 
      "Sentence" : {
        "_feature_types" : {"sofa" : "_ref" } }, 
      "Sofa" : {
        "_feature_types" : {"sofaArray" : "_ref" } }, 
      "TagsetDescription" : {
        "_feature_types" : {"sofa" : "_ref",  "tags" : "_ref" } }, 
      "Token" : {
        "_feature_types" : {"sofa" : "_ref",  "parent" : "_ref",  "lemma" : "_ref",  "stem" : "_ref",  "pos" : "_ref",  "morph" : "_ref",  "form" : "_ref" } }, 
      "DocumentAnnotation" : {
        "_feature_types" : {"sofa" : "_ref" }, 
        "_subtypes" : ["DocumentMetaData" ] }, 
      "Annotation" : {
        "_feature_types" : {"sofa" : "_ref" }, 
        "_subtypes" : ["DocumentAnnotation",  "Eventclauses",  "Sentence",  "TagsetDescription",  "Token" ] }, 
      "AnnotationBase" : {
        "_feature_types" : {"sofa" : "_ref" }, 
        "_subtypes" : ["Annotation" ] }, 
      "TOP" : {
        "_subtypes" : ["AnnotationBase",  "Sofa" ] } } }, 
  "_views" : {
    "_InitialView" : {
      "DocumentMetaData" : [
        {"sofa" : 12,  "end" : 481,  "language" : "x-unspecified",  "documentTitle" : "cf04506.txt",  "documentId" : "WoutBoven",  "documentUri" : "file:/export/repository/project/114/document/44407/source/WoutBoven",  "collectionId" : "file:/export/repository/project/114/document/44407/source/",  "documentBaseUri" : "file:/export/repository/project/114/document/44407/source/",  "isLastSegment" : false } ], 
      "TagsetDescription" : [
        {"sofa" : 12,  "layer" : "de.tudarmstadt.ukp.dkpro.core.api.syntax.type.dependency.Dependency",  "name" : "UD Universal Dependencies",  "input" : false }, 
        {"sofa" : 12,  "layer" : "webanno.custom.Entities",  "name" : "Entity - mention level types",  "input" : false }, 
        {"sofa" : 12,  "layer" : "webanno.custom.Eventclauses",  "name" : "Event - tense",  "input" : false }, 
        {"sofa" : 12,  "layer" : "webanno.custom.Eventsarguments",  "name" : "eventdna_argument_entities_(auto)",  "input" : false }, 
        {"sofa" : 12,  "layer" : "webanno.custom.Namedentities",  "name" : "NE types",  "input" : false }, 
        {"sofa" : 12,  "layer" : "webanno.custom.EntitiesLETSpreanno",  "name" : "Named entity - types",  "input" : false }, 
        {"sofa" : 12,  "layer" : "de.tudarmstadt.ukp.dkpro.core.api.transform.type.SofaChangeAnnotation",  "name" : "Operation",  "input" : false }, 
        {"sofa" : 12,  "layer" : "de.tudarmstadt.ukp.dkpro.core.api.lexmorph.type.pos.POS",  "name" : "UD Universal POS tags",  "input" : false }, 
        {"sofa" : 12,  "layer" : "webanno.custom.Polaritytriggers",  "name" : "Polarity",  "input" : false }, 
        {"sofa" : 12,  "layer" : "de.tudarmstadt.ukp.dkpro.core.api.segmentation.type.SurfaceForm",  "name" : "Named Entity tags",  "input" : false } ], 
      "Sentence" : [
        {"sofa" : 12,  "end" : 40 }, 
        {"sofa" : 12,  "begin" : 42,  "end" : 173 }, 
        {"sofa" : 12,  "begin" : 175,  "end" : 331 }, 
        {"sofa" : 12,  "begin" : 333,  "end" : 479 } ], 
      "Token" : [
        {"sofa" : 12,  "end" : 10 }, 
        {"sofa" : 12,  "begin" : 11,  "end" : 19 }, 
        {"sofa" : 12,  "begin" : 20,  "end" : 24 }, 
        {"sofa" : 12,  "begin" : 25,  "end" : 29 }, 
        {"sofa" : 12,  "begin" : 30,  "end" : 37 }, 
        {"sofa" : 12,  "begin" : 38,  "end" : 40 }, 
        {"sofa" : 12,  "begin" : 42,  "end" : 52 }, 
        {"sofa" : 12,  "begin" : 53,  "end" : 61 }, 
        {"sofa" : 12,  "begin" : 62,  "end" : 67 }, 
        {"sofa" : 12,  "begin" : 68,  "end" : 74 }, 
        {"sofa" : 12,  "begin" : 75,  "end" : 78 }, 
        {"sofa" : 12,  "begin" : 79,  "end" : 83 }, 
        {"sofa" : 12,  "begin" : 84,  "end" : 96 }, 
        {"sofa" : 12,  "begin" : 97,  "end" : 100 }, 
        {"sofa" : 12,  "begin" : 101,  "end" : 105 }, 
        {"sofa" : 12,  "begin" : 106,  "end" : 109 }, 
        {"sofa" : 12,  "begin" : 110,  "end" : 113 }, 
        {"sofa" : 12,  "begin" : 114,  "end" : 122 }, 
        {"sofa" : 12,  "begin" : 123,  "end" : 129 }, 
        {"sofa" : 12,  "begin" : 130,  "end" : 149 }, 
        {"sofa" : 12,  "begin" : 150,  "end" : 151 }, 
        {"sofa" : 12,  "begin" : 152,  "end" : 154 }, 
        {"sofa" : 12,  "begin" : 155,  "end" : 159 }, 
        {"sofa" : 12,  "begin" : 160,  "end" : 171 }, 
        {"sofa" : 12,  "begin" : 172,  "end" : 173 }, 
        {"sofa" : 12,  "begin" : 175,  "end" : 178 }, 
        {"sofa" : 12,  "begin" : 179,  "end" : 191 }, 
        {"sofa" : 12,  "begin" : 192,  "end" : 198 }, 
        {"sofa" : 12,  "begin" : 199,  "end" : 202 }, 
        {"sofa" : 12,  "begin" : 203,  "end" : 205 }, 
        {"sofa" : 12,  "begin" : 206,  "end" : 208 }, 
        {"sofa" : 12,  "begin" : 209,  "end" : 212 }, 
        {"sofa" : 12,  "begin" : 213,  "end" : 216 }, 
        {"sofa" : 12,  "begin" : 217,  "end" : 220 }, 
        {"sofa" : 12,  "begin" : 221,  "end" : 224 }, 
        {"sofa" : 12,  "begin" : 225,  "end" : 227 }, 
        {"sofa" : 12,  "begin" : 228,  "end" : 234 }, 
        {"sofa" : 12,  "begin" : 235,  "end" : 240 }, 
        {"sofa" : 12,  "begin" : 241,  "end" : 243 }, 
        {"sofa" : 12,  "begin" : 244,  "end" : 245 }, 
        {"sofa" : 12,  "begin" : 246,  "end" : 251 }, 
        {"sofa" : 12,  "begin" : 252,  "end" : 259 }, 
        {"sofa" : 12,  "begin" : 260,  "end" : 263 }, 
        {"sofa" : 12,  "begin" : 264,  "end" : 267 }, 
        {"sofa" : 12,  "begin" : 268,  "end" : 270 }, 
        {"sofa" : 12,  "begin" : 271,  "end" : 273 }, 
        {"sofa" : 12,  "begin" : 274,  "end" : 276 }, 
        {"sofa" : 12,  "begin" : 277,  "end" : 281 }, 
        {"sofa" : 12,  "begin" : 282,  "end" : 287 }, 
        {"sofa" : 12,  "begin" : 288,  "end" : 290 }, 
        {"sofa" : 12,  "begin" : 291,  "end" : 293 }, 
        {"sofa" : 12,  "begin" : 294,  "end" : 297 }, 
        {"sofa" : 12,  "begin" : 298,  "end" : 304 }, 
        {"sofa" : 12,  "begin" : 305,  "end" : 308 }, 
        {"sofa" : 12,  "begin" : 309,  "end" : 320 }, 
        {"sofa" : 12,  "begin" : 321,  "end" : 323 }, 
        {"sofa" : 12,  "begin" : 324,  "end" : 329 }, 
        {"sofa" : 12,  "begin" : 330,  "end" : 331 }, 
        {"sofa" : 12,  "begin" : 333,  "end" : 337 }, 
        {"sofa" : 12,  "begin" : 338,  "end" : 345 }, 
        {"sofa" : 12,  "begin" : 346,  "end" : 347 }, 
        {"sofa" : 12,  "begin" : 348,  "end" : 352 }, 
        {"sofa" : 12,  "begin" : 353,  "end" : 359 }, 
        {"sofa" : 12,  "begin" : 360,  "end" : 361 }, 
        {"sofa" : 12,  "begin" : 362,  "end" : 366 }, 
        {"sofa" : 12,  "begin" : 367,  "end" : 380 }, 
        {"sofa" : 12,  "begin" : 381,  "end" : 382 }, 
        {"sofa" : 12,  "begin" : 383,  "end" : 387 }, 
        {"sofa" : 12,  "begin" : 388,  "end" : 395 }, 
        {"sofa" : 12,  "begin" : 396,  "end" : 402 }, 
        {"sofa" : 12,  "begin" : 403,  "end" : 404 }, 
        {"sofa" : 12,  "begin" : 405,  "end" : 411 }, 
        {"sofa" : 12,  "begin" : 412,  "end" : 416 }, 
        {"sofa" : 12,  "begin" : 417,  "end" : 425 }, 
        {"sofa" : 12,  "begin" : 426,  "end" : 427 }, 
        {"sofa" : 12,  "begin" : 428,  "end" : 434 }, 
        {"sofa" : 12,  "begin" : 435,  "end" : 437 }, 
        {"sofa" : 12,  "begin" : 438,  "end" : 442 }, 
        {"sofa" : 12,  "begin" : 443,  "end" : 450 }, 
        {"sofa" : 12,  "begin" : 451,  "end" : 452 }, 
        {"sofa" : 12,  "begin" : 453,  "end" : 465 }, 
        {"sofa" : 12,  "begin" : 466,  "end" : 468 }, 
        {"sofa" : 12,  "begin" : 469,  "end" : 473 }, 
        {"sofa" : 12,  "begin" : 474,  "end" : 477 }, 
        {"sofa" : 12,  "begin" : 478,  "end" : 479 } ], 
      "Eventclauses" : [
        {"sofa" : 12,  "end" : 40,  "EventPolarity" : "EVE neutral",  "Prominence" : "Main" }, 
        {"sofa" : 12,  "begin" : 42,  "end" : 149,  "EventPolarity" : "EVE neutral",  "Prominence" : "Background" }, 
        {"sofa" : 12,  "begin" : 175,  "end" : 329,  "EventPolarity" : "EVE positive",  "Prominence" : "Background" } ] } }, 
  "_referenced_fss" : {
    "12" : {"_type" : "Sofa",  "sofaNum" : 1,  "sofaID" : "_InitialView",  "mimeType" : "text",  "sofaString" : "Goochelaar Nicholas komt naar Hangaar 44\n Goochelaar Nicholas Arnst bekend via zijn tv-programma VTM komt met een volledig nieuwe theatervoorstelling : In alle eerlijkheid .\n Een voorstelling waarin hij af en toe een tip van de sluier licht ja , zelfs uitlegt hoe hij je om de tuin leidt om je dan alsnog met verstomming te slaan .\n Geen toeters , geen bellen , geen rookgordijnen , geen dubbele bodems , gewoon puur Nicholas : groots in zijn eenvoud , ongeëvenaard in zijn vak .\n " } } }