{"_context" : {
    "_types" : {
      "DocumentMetaData" : {
        "_feature_types" : {"sofa" : "_ref" } }, 
      "Eventclauses" : {
        "_feature_types" : {"sofa" : "_ref",  "Arguments" : "_ref",  "Polarity" : "_ref",  "PolarityTrigger" : "_ref",  "Sameclause" : "_ref" } }, 
      "Sentence" : {
        "_feature_types" : {"sofa" : "_ref" } }, 
      "Sofa" : {
        "_feature_types" : {"sofaArray" : "_ref" } }, 
      "TagsetDescription" : {
        "_feature_types" : {"sofa" : "_ref",  "tags" : "_ref" } }, 
      "Token" : {
        "_feature_types" : {"sofa" : "_ref",  "parent" : "_ref",  "lemma" : "_ref",  "stem" : "_ref",  "pos" : "_ref",  "morph" : "_ref",  "form" : "_ref" } }, 
      "DocumentAnnotation" : {
        "_feature_types" : {"sofa" : "_ref" }, 
        "_subtypes" : ["DocumentMetaData" ] }, 
      "Annotation" : {
        "_feature_types" : {"sofa" : "_ref" }, 
        "_subtypes" : ["DocumentAnnotation",  "Eventclauses",  "Sentence",  "TagsetDescription",  "Token" ] }, 
      "AnnotationBase" : {
        "_feature_types" : {"sofa" : "_ref" }, 
        "_subtypes" : ["Annotation" ] }, 
      "TOP" : {
        "_subtypes" : ["AnnotationBase",  "Sofa" ] } } }, 
  "_views" : {
    "_InitialView" : {
      "DocumentMetaData" : [
        {"sofa" : 12,  "end" : 396,  "language" : "x-unspecified",  "documentTitle" : "d3e535b.txt",  "documentId" : "WoutBoven",  "documentUri" : "file:/export/repository/project/114/document/44405/source/WoutBoven",  "collectionId" : "file:/export/repository/project/114/document/44405/source/",  "documentBaseUri" : "file:/export/repository/project/114/document/44405/source/",  "isLastSegment" : false } ], 
      "TagsetDescription" : [
        {"sofa" : 12,  "layer" : "de.tudarmstadt.ukp.dkpro.core.api.syntax.type.dependency.Dependency",  "name" : "UD Universal Dependencies",  "input" : false }, 
        {"sofa" : 12,  "layer" : "webanno.custom.Entities",  "name" : "Entity - mention level types",  "input" : false }, 
        {"sofa" : 12,  "layer" : "webanno.custom.Eventclauses",  "name" : "Event - tense",  "input" : false }, 
        {"sofa" : 12,  "layer" : "webanno.custom.Eventsarguments",  "name" : "eventdna_argument_entities_(auto)",  "input" : false }, 
        {"sofa" : 12,  "layer" : "webanno.custom.Namedentities",  "name" : "NE types",  "input" : false }, 
        {"sofa" : 12,  "layer" : "webanno.custom.EntitiesLETSpreanno",  "name" : "Named entity - types",  "input" : false }, 
        {"sofa" : 12,  "layer" : "de.tudarmstadt.ukp.dkpro.core.api.transform.type.SofaChangeAnnotation",  "name" : "Operation",  "input" : false }, 
        {"sofa" : 12,  "layer" : "de.tudarmstadt.ukp.dkpro.core.api.lexmorph.type.pos.POS",  "name" : "UD Universal POS tags",  "input" : false }, 
        {"sofa" : 12,  "layer" : "webanno.custom.Polaritytriggers",  "name" : "Polarity",  "input" : false }, 
        {"sofa" : 12,  "layer" : "de.tudarmstadt.ukp.dkpro.core.api.segmentation.type.SurfaceForm",  "name" : "Named Entity tags",  "input" : false } ], 
      "Sentence" : [
        {"sofa" : 12,  "end" : 67 }, 
        {"sofa" : 12,  "begin" : 69,  "end" : 133 }, 
        {"sofa" : 12,  "begin" : 135,  "end" : 265 }, 
        {"sofa" : 12,  "begin" : 267,  "end" : 394 } ], 
      "Token" : [
        {"sofa" : 12,  "end" : 10 }, 
        {"sofa" : 12,  "begin" : 11,  "end" : 15 }, 
        {"sofa" : 12,  "begin" : 16,  "end" : 24 }, 
        {"sofa" : 12,  "begin" : 25,  "end" : 31 }, 
        {"sofa" : 12,  "begin" : 32,  "end" : 39 }, 
        {"sofa" : 12,  "begin" : 40,  "end" : 42 }, 
        {"sofa" : 12,  "begin" : 43,  "end" : 53 }, 
        {"sofa" : 12,  "begin" : 54,  "end" : 56 }, 
        {"sofa" : 12,  "begin" : 57,  "end" : 67 }, 
        {"sofa" : 12,  "begin" : 69,  "end" : 71 }, 
        {"sofa" : 12,  "begin" : 72,  "end" : 78 }, 
        {"sofa" : 12,  "begin" : 79,  "end" : 81 }, 
        {"sofa" : 12,  "begin" : 82,  "end" : 90 }, 
        {"sofa" : 12,  "begin" : 91,  "end" : 96 }, 
        {"sofa" : 12,  "begin" : 97,  "end" : 99 }, 
        {"sofa" : 12,  "begin" : 100,  "end" : 110 }, 
        {"sofa" : 12,  "begin" : 111,  "end" : 115 }, 
        {"sofa" : 12,  "begin" : 116,  "end" : 124 }, 
        {"sofa" : 12,  "begin" : 125,  "end" : 131 }, 
        {"sofa" : 12,  "begin" : 132,  "end" : 133 }, 
        {"sofa" : 12,  "begin" : 135,  "end" : 137 }, 
        {"sofa" : 12,  "begin" : 138,  "end" : 154 }, 
        {"sofa" : 12,  "begin" : 155,  "end" : 159 }, 
        {"sofa" : 12,  "begin" : 160,  "end" : 162 }, 
        {"sofa" : 12,  "begin" : 163,  "end" : 175 }, 
        {"sofa" : 12,  "begin" : 176,  "end" : 186 }, 
        {"sofa" : 12,  "begin" : 187,  "end" : 191 }, 
        {"sofa" : 12,  "begin" : 192,  "end" : 195 }, 
        {"sofa" : 12,  "begin" : 196,  "end" : 202 }, 
        {"sofa" : 12,  "begin" : 203,  "end" : 209 }, 
        {"sofa" : 12,  "begin" : 210,  "end" : 213 }, 
        {"sofa" : 12,  "begin" : 214,  "end" : 223 }, 
        {"sofa" : 12,  "begin" : 224,  "end" : 225 }, 
        {"sofa" : 12,  "begin" : 226,  "end" : 233 }, 
        {"sofa" : 12,  "begin" : 234,  "end" : 235 }, 
        {"sofa" : 12,  "begin" : 236,  "end" : 241 }, 
        {"sofa" : 12,  "begin" : 241,  "end" : 242 }, 
        {"sofa" : 12,  "begin" : 243,  "end" : 245 }, 
        {"sofa" : 12,  "begin" : 246,  "end" : 263 }, 
        {"sofa" : 12,  "begin" : 264,  "end" : 265 }, 
        {"sofa" : 12,  "begin" : 267,  "end" : 272 }, 
        {"sofa" : 12,  "begin" : 273,  "end" : 281 }, 
        {"sofa" : 12,  "begin" : 282,  "end" : 284 }, 
        {"sofa" : 12,  "begin" : 285,  "end" : 287 }, 
        {"sofa" : 12,  "begin" : 288,  "end" : 296 }, 
        {"sofa" : 12,  "begin" : 297,  "end" : 299 }, 
        {"sofa" : 12,  "begin" : 300,  "end" : 306 }, 
        {"sofa" : 12,  "begin" : 307,  "end" : 315 }, 
        {"sofa" : 12,  "begin" : 316,  "end" : 328 }, 
        {"sofa" : 12,  "begin" : 329,  "end" : 337 }, 
        {"sofa" : 12,  "begin" : 338,  "end" : 340 }, 
        {"sofa" : 12,  "begin" : 341,  "end" : 347 }, 
        {"sofa" : 12,  "begin" : 348,  "end" : 350 }, 
        {"sofa" : 12,  "begin" : 351,  "end" : 360 }, 
        {"sofa" : 12,  "begin" : 361,  "end" : 363 }, 
        {"sofa" : 12,  "begin" : 364,  "end" : 371 }, 
        {"sofa" : 12,  "begin" : 372,  "end" : 375 }, 
        {"sofa" : 12,  "begin" : 376,  "end" : 381 }, 
        {"sofa" : 12,  "begin" : 382,  "end" : 384 }, 
        {"sofa" : 12,  "begin" : 385,  "end" : 392 }, 
        {"sofa" : 12,  "begin" : 393,  "end" : 394 } ], 
      "Eventclauses" : [
        {"sofa" : 12,  "end" : 53,  "EventPolarity" : "EVE positive",  "Prominence" : "Main" }, 
        {"sofa" : 12,  "begin" : 69,  "end" : 131,  "EventPolarity" : "EVE positive",  "Prominence" : "Main" }, 
        {"sofa" : 12,  "begin" : 135,  "end" : 263,  "EventPolarity" : "EVE positive",  "Prominence" : "Background" }, 
        {"sofa" : 12,  "begin" : 267,  "end" : 296,  "EventPolarity" : "EVE positive",  "Prominence" : "Background" }, 
        {"sofa" : 12,  "begin" : 300,  "end" : 392,  "EventPolarity" : "EVE positive",  "Prominence" : "Background" } ] } }, 
  "_referenced_fss" : {
    "12" : {"_type" : "Sofa",  "sofaNum" : 1,  "sofaID" : "_InitialView",  "mimeType" : "text",  "sofaString" : "Kunstendag voor Kinderen brengt cultuur op kindermaat in Borgerhout\n Op zondag 21 november vindt de Kunstendag voor Kinderen plaats .\n De initiatiefnemers voor de Borgerhoutse Kunstendag zijn een sterke tandem van culturele , sociale , jeugd- en onderwijspartners .\n Samen bundelen ze de krachten om zoveel mogelijk Borgerhoutse kinderen en ouders in aanraking te brengen met kunst en cultuur .\n " } } }