{"_context" : {
    "_types" : {
      "DocumentMetaData" : {
        "_feature_types" : {"sofa" : "_ref" } }, 
      "Eventclauses" : {
        "_feature_types" : {"sofa" : "_ref",  "Arguments" : "_ref",  "Polarity" : "_ref",  "PolarityTrigger" : "_ref",  "Sameclause" : "_ref" } }, 
      "Sentence" : {
        "_feature_types" : {"sofa" : "_ref" } }, 
      "Sofa" : {
        "_feature_types" : {"sofaArray" : "_ref" } }, 
      "TagsetDescription" : {
        "_feature_types" : {"sofa" : "_ref",  "tags" : "_ref" } }, 
      "Token" : {
        "_feature_types" : {"sofa" : "_ref",  "parent" : "_ref",  "lemma" : "_ref",  "stem" : "_ref",  "pos" : "_ref",  "morph" : "_ref",  "form" : "_ref" } }, 
      "DocumentAnnotation" : {
        "_feature_types" : {"sofa" : "_ref" }, 
        "_subtypes" : ["DocumentMetaData" ] }, 
      "Annotation" : {
        "_feature_types" : {"sofa" : "_ref" }, 
        "_subtypes" : ["DocumentAnnotation",  "Eventclauses",  "Sentence",  "TagsetDescription",  "Token" ] }, 
      "AnnotationBase" : {
        "_feature_types" : {"sofa" : "_ref" }, 
        "_subtypes" : ["Annotation" ] }, 
      "TOP" : {
        "_subtypes" : ["AnnotationBase",  "Sofa" ] } } }, 
  "_views" : {
    "_InitialView" : {
      "DocumentMetaData" : [
        {"sofa" : 12,  "end" : 517,  "language" : "x-unspecified",  "documentTitle" : "d51b5c2.txt",  "documentId" : "WoutBoven",  "documentUri" : "file:/export/repository/project/114/document/44404/source/WoutBoven",  "collectionId" : "file:/export/repository/project/114/document/44404/source/",  "documentBaseUri" : "file:/export/repository/project/114/document/44404/source/",  "isLastSegment" : false } ], 
      "TagsetDescription" : [
        {"sofa" : 12,  "layer" : "de.tudarmstadt.ukp.dkpro.core.api.syntax.type.dependency.Dependency",  "name" : "UD Universal Dependencies",  "input" : false }, 
        {"sofa" : 12,  "layer" : "webanno.custom.Entities",  "name" : "Entity - mention level types",  "input" : false }, 
        {"sofa" : 12,  "layer" : "webanno.custom.Eventclauses",  "name" : "Event - tense",  "input" : false }, 
        {"sofa" : 12,  "layer" : "webanno.custom.Eventsarguments",  "name" : "eventdna_argument_entities_(auto)",  "input" : false }, 
        {"sofa" : 12,  "layer" : "webanno.custom.Namedentities",  "name" : "NE types",  "input" : false }, 
        {"sofa" : 12,  "layer" : "webanno.custom.EntitiesLETSpreanno",  "name" : "Named entity - types",  "input" : false }, 
        {"sofa" : 12,  "layer" : "de.tudarmstadt.ukp.dkpro.core.api.transform.type.SofaChangeAnnotation",  "name" : "Operation",  "input" : false }, 
        {"sofa" : 12,  "layer" : "de.tudarmstadt.ukp.dkpro.core.api.lexmorph.type.pos.POS",  "name" : "UD Universal POS tags",  "input" : false }, 
        {"sofa" : 12,  "layer" : "webanno.custom.Polaritytriggers",  "name" : "Polarity",  "input" : false }, 
        {"sofa" : 12,  "layer" : "de.tudarmstadt.ukp.dkpro.core.api.segmentation.type.SurfaceForm",  "name" : "Named Entity tags",  "input" : false } ], 
      "Sentence" : [
        {"sofa" : 12,  "end" : 71 }, 
        {"sofa" : 12,  "begin" : 73,  "end" : 322 }, 
        {"sofa" : 12,  "begin" : 324,  "end" : 452 }, 
        {"sofa" : 12,  "begin" : 454,  "end" : 515 } ], 
      "Token" : [
        {"sofa" : 12,  "end" : 8 }, 
        {"sofa" : 12,  "begin" : 9,  "end" : 18 }, 
        {"sofa" : 12,  "begin" : 19,  "end" : 25 }, 
        {"sofa" : 12,  "begin" : 26,  "end" : 31 }, 
        {"sofa" : 12,  "begin" : 32,  "end" : 34 }, 
        {"sofa" : 12,  "begin" : 35,  "end" : 44 }, 
        {"sofa" : 12,  "begin" : 45,  "end" : 47 }, 
        {"sofa" : 12,  "begin" : 48,  "end" : 54 }, 
        {"sofa" : 12,  "begin" : 55,  "end" : 59 }, 
        {"sofa" : 12,  "begin" : 60,  "end" : 71 }, 
        {"sofa" : 12,  "begin" : 73,  "end" : 75 }, 
        {"sofa" : 12,  "begin" : 76,  "end" : 84 }, 
        {"sofa" : 12,  "begin" : 85,  "end" : 94 }, 
        {"sofa" : 12,  "begin" : 95,  "end" : 98 }, 
        {"sofa" : 12,  "begin" : 99,  "end" : 106 }, 
        {"sofa" : 12,  "begin" : 107,  "end" : 113 }, 
        {"sofa" : 12,  "begin" : 114,  "end" : 118 }, 
        {"sofa" : 12,  "begin" : 119,  "end" : 124 }, 
        {"sofa" : 12,  "begin" : 125,  "end" : 127 }, 
        {"sofa" : 12,  "begin" : 128,  "end" : 137 }, 
        {"sofa" : 12,  "begin" : 138,  "end" : 139 }, 
        {"sofa" : 12,  "begin" : 140,  "end" : 142 }, 
        {"sofa" : 12,  "begin" : 143,  "end" : 145 }, 
        {"sofa" : 12,  "begin" : 146,  "end" : 149 }, 
        {"sofa" : 12,  "begin" : 150,  "end" : 158 }, 
        {"sofa" : 12,  "begin" : 159,  "end" : 163 }, 
        {"sofa" : 12,  "begin" : 164,  "end" : 175 }, 
        {"sofa" : 12,  "begin" : 176,  "end" : 178 }, 
        {"sofa" : 12,  "begin" : 179,  "end" : 184 }, 
        {"sofa" : 12,  "begin" : 185,  "end" : 188 }, 
        {"sofa" : 12,  "begin" : 189,  "end" : 194 }, 
        {"sofa" : 12,  "begin" : 195,  "end" : 201 }, 
        {"sofa" : 12,  "begin" : 202,  "end" : 204 }, 
        {"sofa" : 12,  "begin" : 205,  "end" : 214 }, 
        {"sofa" : 12,  "begin" : 215,  "end" : 221 }, 
        {"sofa" : 12,  "begin" : 222,  "end" : 226 }, 
        {"sofa" : 12,  "begin" : 227,  "end" : 229 }, 
        {"sofa" : 12,  "begin" : 230,  "end" : 247 }, 
        {"sofa" : 12,  "begin" : 248,  "end" : 251 }, 
        {"sofa" : 12,  "begin" : 252,  "end" : 255 }, 
        {"sofa" : 12,  "begin" : 256,  "end" : 263 }, 
        {"sofa" : 12,  "begin" : 264,  "end" : 266 }, 
        {"sofa" : 12,  "begin" : 267,  "end" : 270 }, 
        {"sofa" : 12,  "begin" : 271,  "end" : 278 }, 
        {"sofa" : 12,  "begin" : 279,  "end" : 283 }, 
        {"sofa" : 12,  "begin" : 284,  "end" : 286 }, 
        {"sofa" : 12,  "begin" : 287,  "end" : 295 }, 
        {"sofa" : 12,  "begin" : 296,  "end" : 305 }, 
        {"sofa" : 12,  "begin" : 306,  "end" : 308 }, 
        {"sofa" : 12,  "begin" : 309,  "end" : 320 }, 
        {"sofa" : 12,  "begin" : 321,  "end" : 322 }, 
        {"sofa" : 12,  "begin" : 324,  "end" : 326 }, 
        {"sofa" : 12,  "begin" : 327,  "end" : 329 }, 
        {"sofa" : 12,  "begin" : 330,  "end" : 339 }, 
        {"sofa" : 12,  "begin" : 340,  "end" : 345 }, 
        {"sofa" : 12,  "begin" : 346,  "end" : 349 }, 
        {"sofa" : 12,  "begin" : 350,  "end" : 352 }, 
        {"sofa" : 12,  "begin" : 353,  "end" : 362 }, 
        {"sofa" : 12,  "begin" : 363,  "end" : 366 }, 
        {"sofa" : 12,  "begin" : 367,  "end" : 373 }, 
        {"sofa" : 12,  "begin" : 374,  "end" : 378 }, 
        {"sofa" : 12,  "begin" : 379,  "end" : 388 }, 
        {"sofa" : 12,  "begin" : 389,  "end" : 392 }, 
        {"sofa" : 12,  "begin" : 393,  "end" : 401 }, 
        {"sofa" : 12,  "begin" : 402,  "end" : 416 }, 
        {"sofa" : 12,  "begin" : 417,  "end" : 418 }, 
        {"sofa" : 12,  "begin" : 419,  "end" : 437 }, 
        {"sofa" : 12,  "begin" : 438,  "end" : 440 }, 
        {"sofa" : 12,  "begin" : 441,  "end" : 450 }, 
        {"sofa" : 12,  "begin" : 451,  "end" : 452 }, 
        {"sofa" : 12,  "begin" : 454,  "end" : 456 }, 
        {"sofa" : 12,  "begin" : 457,  "end" : 461 }, 
        {"sofa" : 12,  "begin" : 462,  "end" : 468 }, 
        {"sofa" : 12,  "begin" : 469,  "end" : 475 }, 
        {"sofa" : 12,  "begin" : 476,  "end" : 480 }, 
        {"sofa" : 12,  "begin" : 481,  "end" : 488 }, 
        {"sofa" : 12,  "begin" : 489,  "end" : 491 }, 
        {"sofa" : 12,  "begin" : 492,  "end" : 496 }, 
        {"sofa" : 12,  "begin" : 497,  "end" : 499 }, 
        {"sofa" : 12,  "begin" : 500,  "end" : 502 }, 
        {"sofa" : 12,  "begin" : 503,  "end" : 513 }, 
        {"sofa" : 12,  "begin" : 514,  "end" : 515 } ], 
      "Eventclauses" : [
        {"sofa" : 12,  "end" : 44,  "EventPolarity" : "EVE neutral",  "Prominence" : "Background" }, 
        {"sofa" : 12,  "begin" : 48,  "end" : 71,  "EventPolarity" : "EVE neutral",  "Prominence" : "Main" }, 
        {"sofa" : 12,  "begin" : 73,  "end" : 137,  "EventPolarity" : "EVE neutral",  "Prominence" : "Background" }, 
        {"sofa" : 12,  "begin" : 176,  "end" : 320,  "EventPolarity" : "EVE neutral",  "Prominence" : "Main" }, 
        {"sofa" : 12,  "begin" : 324,  "end" : 450,  "EventPolarity" : "EVE negative",  "Prominence" : "Background" }, 
        {"sofa" : 12,  "begin" : 454,  "end" : 513,  "EventPolarity" : "EVE neutral",  "Prominence" : "Background" } ] } }, 
  "_referenced_fss" : {
    "12" : {"_type" : "Sofa",  "sofaNum" : 1,  "sofaID" : "_InitialView",  "mimeType" : "text",  "sofaString" : "Europese Commissie vraagt Polen en Hongarije om uitleg over rechtsstaat\n De Europese Commissie zal brieven sturen naar Polen en Hongarije , zo is uit Europese bron vernomen.In de brief aan Polen vraagt de Commissie uitleg over de onafhankelijkheid van het gerecht en het respect voor de Europese wetgeving en rechtspraak .\n In de Hongaarse brief zou de Commissie het hebben over problemen met openbare aanbestedingen , belangenconflicten en corruptie .\n De twee landen hebben twee maanden de tijd om te antwoorden .\n " } } }