{"_context" : {
    "_types" : {
      "DocumentMetaData" : {
        "_feature_types" : {"sofa" : "_ref" } }, 
      "Eventclauses" : {
        "_feature_types" : {"sofa" : "_ref",  "Arguments" : "_ref",  "Polarity" : "_ref",  "PolarityTrigger" : "_ref",  "Sameclause" : "_ref" } }, 
      "Sentence" : {
        "_feature_types" : {"sofa" : "_ref" } }, 
      "Sofa" : {
        "_feature_types" : {"sofaArray" : "_ref" } }, 
      "TagsetDescription" : {
        "_feature_types" : {"sofa" : "_ref",  "tags" : "_ref" } }, 
      "Token" : {
        "_feature_types" : {"sofa" : "_ref",  "parent" : "_ref",  "lemma" : "_ref",  "stem" : "_ref",  "pos" : "_ref",  "morph" : "_ref",  "form" : "_ref" } }, 
      "DocumentAnnotation" : {
        "_feature_types" : {"sofa" : "_ref" }, 
        "_subtypes" : ["DocumentMetaData" ] }, 
      "Annotation" : {
        "_feature_types" : {"sofa" : "_ref" }, 
        "_subtypes" : ["DocumentAnnotation",  "Eventclauses",  "Sentence",  "TagsetDescription",  "Token" ] }, 
      "AnnotationBase" : {
        "_feature_types" : {"sofa" : "_ref" }, 
        "_subtypes" : ["Annotation" ] }, 
      "TOP" : {
        "_subtypes" : ["AnnotationBase",  "Sofa" ] } } }, 
  "_views" : {
    "_InitialView" : {
      "DocumentMetaData" : [
        {"sofa" : 12,  "end" : 363,  "language" : "x-unspecified",  "documentTitle" : "dd75b0e.txt",  "documentId" : "WoutBoven",  "documentUri" : "file:/export/repository/project/114/document/44403/source/WoutBoven",  "collectionId" : "file:/export/repository/project/114/document/44403/source/",  "documentBaseUri" : "file:/export/repository/project/114/document/44403/source/",  "isLastSegment" : false } ], 
      "TagsetDescription" : [
        {"sofa" : 12,  "layer" : "de.tudarmstadt.ukp.dkpro.core.api.syntax.type.dependency.Dependency",  "name" : "UD Universal Dependencies",  "input" : false }, 
        {"sofa" : 12,  "layer" : "webanno.custom.Entities",  "name" : "Entity - mention level types",  "input" : false }, 
        {"sofa" : 12,  "layer" : "webanno.custom.Eventclauses",  "name" : "Event - tense",  "input" : false }, 
        {"sofa" : 12,  "layer" : "webanno.custom.Eventsarguments",  "name" : "eventdna_argument_entities_(auto)",  "input" : false }, 
        {"sofa" : 12,  "layer" : "webanno.custom.Namedentities",  "name" : "NE types",  "input" : false }, 
        {"sofa" : 12,  "layer" : "webanno.custom.EntitiesLETSpreanno",  "name" : "Named entity - types",  "input" : false }, 
        {"sofa" : 12,  "layer" : "de.tudarmstadt.ukp.dkpro.core.api.transform.type.SofaChangeAnnotation",  "name" : "Operation",  "input" : false }, 
        {"sofa" : 12,  "layer" : "de.tudarmstadt.ukp.dkpro.core.api.lexmorph.type.pos.POS",  "name" : "UD Universal POS tags",  "input" : false }, 
        {"sofa" : 12,  "layer" : "webanno.custom.Polaritytriggers",  "name" : "Polarity",  "input" : false }, 
        {"sofa" : 12,  "layer" : "de.tudarmstadt.ukp.dkpro.core.api.segmentation.type.SurfaceForm",  "name" : "Named Entity tags",  "input" : false } ], 
      "Sentence" : [
        {"sofa" : 12,  "end" : 93 }, 
        {"sofa" : 12,  "begin" : 95,  "end" : 214 }, 
        {"sofa" : 12,  "begin" : 216,  "end" : 361 } ], 
      "Token" : [
        {"sofa" : 12,  "end" : 11 }, 
        {"sofa" : 12,  "begin" : 12,  "end" : 19 }, 
        {"sofa" : 12,  "begin" : 20,  "end" : 22 }, 
        {"sofa" : 12,  "begin" : 23,  "end" : 36 }, 
        {"sofa" : 12,  "begin" : 37,  "end" : 42 }, 
        {"sofa" : 12,  "begin" : 43,  "end" : 47 }, 
        {"sofa" : 12,  "begin" : 48,  "end" : 50 }, 
        {"sofa" : 12,  "begin" : 51,  "end" : 56 }, 
        {"sofa" : 12,  "begin" : 57,  "end" : 61 }, 
        {"sofa" : 12,  "begin" : 62,  "end" : 66 }, 
        {"sofa" : 12,  "begin" : 67,  "end" : 69 }, 
        {"sofa" : 12,  "begin" : 70,  "end" : 76 }, 
        {"sofa" : 12,  "begin" : 77,  "end" : 81 }, 
        {"sofa" : 12,  "begin" : 82,  "end" : 93 }, 
        {"sofa" : 12,  "begin" : 95,  "end" : 97 }, 
        {"sofa" : 12,  "begin" : 98,  "end" : 109 }, 
        {"sofa" : 12,  "begin" : 110,  "end" : 117 }, 
        {"sofa" : 12,  "begin" : 118,  "end" : 120 }, 
        {"sofa" : 12,  "begin" : 121,  "end" : 134 }, 
        {"sofa" : 12,  "begin" : 135,  "end" : 139 }, 
        {"sofa" : 12,  "begin" : 140,  "end" : 142 }, 
        {"sofa" : 12,  "begin" : 143,  "end" : 151 }, 
        {"sofa" : 12,  "begin" : 152,  "end" : 154 }, 
        {"sofa" : 12,  "begin" : 155,  "end" : 163 }, 
        {"sofa" : 12,  "begin" : 164,  "end" : 167 }, 
        {"sofa" : 12,  "begin" : 168,  "end" : 171 }, 
        {"sofa" : 12,  "begin" : 172,  "end" : 176 }, 
        {"sofa" : 12,  "begin" : 177,  "end" : 187 }, 
        {"sofa" : 12,  "begin" : 188,  "end" : 199 }, 
        {"sofa" : 12,  "begin" : 200,  "end" : 202 }, 
        {"sofa" : 12,  "begin" : 203,  "end" : 205 }, 
        {"sofa" : 12,  "begin" : 206,  "end" : 212 }, 
        {"sofa" : 12,  "begin" : 213,  "end" : 214 }, 
        {"sofa" : 12,  "begin" : 216,  "end" : 226 }, 
        {"sofa" : 12,  "begin" : 227,  "end" : 229 }, 
        {"sofa" : 12,  "begin" : 230,  "end" : 232 }, 
        {"sofa" : 12,  "begin" : 233,  "end" : 238 }, 
        {"sofa" : 12,  "begin" : 239,  "end" : 242 }, 
        {"sofa" : 12,  "begin" : 243,  "end" : 246 }, 
        {"sofa" : 12,  "begin" : 247,  "end" : 254 }, 
        {"sofa" : 12,  "begin" : 255,  "end" : 259 }, 
        {"sofa" : 12,  "begin" : 260,  "end" : 262 }, 
        {"sofa" : 12,  "begin" : 263,  "end" : 269 }, 
        {"sofa" : 12,  "begin" : 270,  "end" : 271 }, 
        {"sofa" : 12,  "begin" : 272,  "end" : 275 }, 
        {"sofa" : 12,  "begin" : 276,  "end" : 279 }, 
        {"sofa" : 12,  "begin" : 279,  "end" : 280 }, 
        {"sofa" : 12,  "begin" : 280,  "end" : 287 }, 
        {"sofa" : 12,  "begin" : 288,  "end" : 298 }, 
        {"sofa" : 12,  "begin" : 299,  "end" : 311 }, 
        {"sofa" : 12,  "begin" : 312,  "end" : 317 }, 
        {"sofa" : 12,  "begin" : 318,  "end" : 319 }, 
        {"sofa" : 12,  "begin" : 320,  "end" : 325 }, 
        {"sofa" : 12,  "begin" : 326,  "end" : 329 }, 
        {"sofa" : 12,  "begin" : 330,  "end" : 334 }, 
        {"sofa" : 12,  "begin" : 335,  "end" : 337 }, 
        {"sofa" : 12,  "begin" : 338,  "end" : 343 }, 
        {"sofa" : 12,  "begin" : 344,  "end" : 345 }, 
        {"sofa" : 12,  "begin" : 346,  "end" : 349 }, 
        {"sofa" : 12,  "begin" : 350,  "end" : 359 }, 
        {"sofa" : 12,  "begin" : 360,  "end" : 361 } ], 
      "Eventclauses" : [
        {"sofa" : 12,  "end" : 93,  "EventPolarity" : "EVE neutral",  "Prominence" : "Main" }, 
        {"sofa" : 12,  "begin" : 95,  "end" : 212,  "EventPolarity" : "EVE neutral",  "Prominence" : "Main" }, 
        {"sofa" : 12,  "begin" : 263,  "end" : 359,  "EventPolarity" : "EVE neutral",  "Prominence" : "Background" } ] } }, 
  "_referenced_fss" : {
    "12" : {"_type" : "Sofa",  "sofaNum" : 1,  "sofaID" : "_InitialView",  "mimeType" : "text",  "sofaString" : "Koninklijke Fanfare de Werkmanszonen trekt voor de 25ste keer naar De Velinx voor galaconcert\n De Koninklijke Fanfare de Werkmanszonen pakt op zaterdag 20 november uit met haar jaarlijkse galaconcert in De Velinx .\n Grenzeloos is de titel van het concert want de gasten , het 100 - koppige mannenkoor Mastreechter Staar , komen van over de grens , uit Nederland .\n " } } }
