{"_context" : {
    "_types" : {
      "DocumentMetaData" : {
        "_feature_types" : {"sofa" : "_ref" } }, 
      "Eventclauses" : {
        "_feature_types" : {"sofa" : "_ref",  "Arguments" : "_ref",  "Polarity" : "_ref",  "PolarityTrigger" : "_ref",  "Sameclause" : "_ref" } }, 
      "Sentence" : {
        "_feature_types" : {"sofa" : "_ref" } }, 
      "Sofa" : {
        "_feature_types" : {"sofaArray" : "_ref" } }, 
      "TagsetDescription" : {
        "_feature_types" : {"sofa" : "_ref",  "tags" : "_ref" } }, 
      "Token" : {
        "_feature_types" : {"sofa" : "_ref",  "parent" : "_ref",  "lemma" : "_ref",  "stem" : "_ref",  "pos" : "_ref",  "morph" : "_ref",  "form" : "_ref" } }, 
      "DocumentAnnotation" : {
        "_feature_types" : {"sofa" : "_ref" }, 
        "_subtypes" : ["DocumentMetaData" ] }, 
      "Annotation" : {
        "_feature_types" : {"sofa" : "_ref" }, 
        "_subtypes" : ["DocumentAnnotation",  "Eventclauses",  "Sentence",  "TagsetDescription",  "Token" ] }, 
      "AnnotationBase" : {
        "_feature_types" : {"sofa" : "_ref" }, 
        "_subtypes" : ["Annotation" ] }, 
      "TOP" : {
        "_subtypes" : ["AnnotationBase",  "Sofa" ] } } }, 
  "_views" : {
    "_InitialView" : {
      "DocumentMetaData" : [
        {"sofa" : 12,  "end" : 388,  "language" : "x-unspecified",  "documentTitle" : "dfaddd7.txt",  "documentId" : "WoutBoven",  "documentUri" : "file:/export/repository/project/114/document/44402/source/WoutBoven",  "collectionId" : "file:/export/repository/project/114/document/44402/source/",  "documentBaseUri" : "file:/export/repository/project/114/document/44402/source/",  "isLastSegment" : false } ], 
      "TagsetDescription" : [
        {"sofa" : 12,  "layer" : "de.tudarmstadt.ukp.dkpro.core.api.syntax.type.dependency.Dependency",  "name" : "UD Universal Dependencies",  "input" : false }, 
        {"sofa" : 12,  "layer" : "webanno.custom.Entities",  "name" : "Entity - mention level types",  "input" : false }, 
        {"sofa" : 12,  "layer" : "webanno.custom.Eventclauses",  "name" : "Event - tense",  "input" : false }, 
        {"sofa" : 12,  "layer" : "webanno.custom.Eventsarguments",  "name" : "eventdna_argument_entities_(auto)",  "input" : false }, 
        {"sofa" : 12,  "layer" : "webanno.custom.Namedentities",  "name" : "NE types",  "input" : false }, 
        {"sofa" : 12,  "layer" : "webanno.custom.EntitiesLETSpreanno",  "name" : "Named entity - types",  "input" : false }, 
        {"sofa" : 12,  "layer" : "de.tudarmstadt.ukp.dkpro.core.api.transform.type.SofaChangeAnnotation",  "name" : "Operation",  "input" : false }, 
        {"sofa" : 12,  "layer" : "de.tudarmstadt.ukp.dkpro.core.api.lexmorph.type.pos.POS",  "name" : "UD Universal POS tags",  "input" : false }, 
        {"sofa" : 12,  "layer" : "webanno.custom.Polaritytriggers",  "name" : "Polarity",  "input" : false }, 
        {"sofa" : 12,  "layer" : "de.tudarmstadt.ukp.dkpro.core.api.segmentation.type.SurfaceForm",  "name" : "Named Entity tags",  "input" : false } ], 
      "Sentence" : [
        {"sofa" : 12,  "end" : 55 }, 
        {"sofa" : 12,  "begin" : 57,  "end" : 94 }, 
        {"sofa" : 12,  "begin" : 96,  "end" : 183 }, 
        {"sofa" : 12,  "begin" : 185,  "end" : 273 }, 
        {"sofa" : 12,  "begin" : 275,  "end" : 386 } ], 
      "Token" : [
        {"sofa" : 12,  "end" : 4 }, 
        {"sofa" : 12,  "begin" : 5,  "end" : 13 }, 
        {"sofa" : 12,  "begin" : 14,  "end" : 17 }, 
        {"sofa" : 12,  "begin" : 18,  "end" : 35 }, 
        {"sofa" : 12,  "begin" : 36,  "end" : 41 }, 
        {"sofa" : 12,  "begin" : 42,  "end" : 53 }, 
        {"sofa" : 12,  "begin" : 54,  "end" : 55 }, 
        {"sofa" : 12,  "begin" : 57,  "end" : 63 }, 
        {"sofa" : 12,  "begin" : 64,  "end" : 76 }, 
        {"sofa" : 12,  "begin" : 77,  "end" : 79 }, 
        {"sofa" : 12,  "begin" : 80,  "end" : 89 }, 
        {"sofa" : 12,  "begin" : 90,  "end" : 94 }, 
        {"sofa" : 12,  "begin" : 96,  "end" : 101 }, 
        {"sofa" : 12,  "begin" : 102,  "end" : 106 }, 
        {"sofa" : 12,  "begin" : 107,  "end" : 114 }, 
        {"sofa" : 12,  "begin" : 115,  "end" : 117 }, 
        {"sofa" : 12,  "begin" : 118,  "end" : 121 }, 
        {"sofa" : 12,  "begin" : 122,  "end" : 128 }, 
        {"sofa" : 12,  "begin" : 129,  "end" : 147 }, 
        {"sofa" : 12,  "begin" : 148,  "end" : 151 }, 
        {"sofa" : 12,  "begin" : 152,  "end" : 158 }, 
        {"sofa" : 12,  "begin" : 159,  "end" : 169 }, 
        {"sofa" : 12,  "begin" : 170,  "end" : 172 }, 
        {"sofa" : 12,  "begin" : 173,  "end" : 181 }, 
        {"sofa" : 12,  "begin" : 182,  "end" : 183 }, 
        {"sofa" : 12,  "begin" : 185,  "end" : 187 }, 
        {"sofa" : 12,  "begin" : 188,  "end" : 208 }, 
        {"sofa" : 12,  "begin" : 209,  "end" : 212 }, 
        {"sofa" : 12,  "begin" : 213,  "end" : 222 }, 
        {"sofa" : 12,  "begin" : 223,  "end" : 225 }, 
        {"sofa" : 12,  "begin" : 226,  "end" : 238 }, 
        {"sofa" : 12,  "begin" : 239,  "end" : 240 }, 
        {"sofa" : 12,  "begin" : 241,  "end" : 249 }, 
        {"sofa" : 12,  "begin" : 250,  "end" : 252 }, 
        {"sofa" : 12,  "begin" : 253,  "end" : 257 }, 
        {"sofa" : 12,  "begin" : 258,  "end" : 260 }, 
        {"sofa" : 12,  "begin" : 261,  "end" : 266 }, 
        {"sofa" : 12,  "begin" : 267,  "end" : 271 }, 
        {"sofa" : 12,  "begin" : 272,  "end" : 273 }, 
        {"sofa" : 12,  "begin" : 275,  "end" : 279 }, 
        {"sofa" : 12,  "begin" : 280,  "end" : 283 }, 
        {"sofa" : 12,  "begin" : 284,  "end" : 288 }, 
        {"sofa" : 12,  "begin" : 289,  "end" : 294 }, 
        {"sofa" : 12,  "begin" : 295,  "end" : 297 }, 
        {"sofa" : 12,  "begin" : 298,  "end" : 302 }, 
        {"sofa" : 12,  "begin" : 303,  "end" : 305 }, 
        {"sofa" : 12,  "begin" : 306,  "end" : 308 }, 
        {"sofa" : 12,  "begin" : 309,  "end" : 311 }, 
        {"sofa" : 12,  "begin" : 312,  "end" : 323 }, 
        {"sofa" : 12,  "begin" : 324,  "end" : 330 }, 
        {"sofa" : 12,  "begin" : 331,  "end" : 333 }, 
        {"sofa" : 12,  "begin" : 334,  "end" : 336 }, 
        {"sofa" : 12,  "begin" : 337,  "end" : 343 }, 
        {"sofa" : 12,  "begin" : 344,  "end" : 346 }, 
        {"sofa" : 12,  "begin" : 347,  "end" : 349 }, 
        {"sofa" : 12,  "begin" : 350,  "end" : 353 }, 
        {"sofa" : 12,  "begin" : 354,  "end" : 357 }, 
        {"sofa" : 12,  "begin" : 358,  "end" : 363 }, 
        {"sofa" : 12,  "begin" : 364,  "end" : 377 }, 
        {"sofa" : 12,  "begin" : 378,  "end" : 384 }, 
        {"sofa" : 12,  "begin" : 385,  "end" : 386 } ], 
      "Eventclauses" : [
        {"sofa" : 12,  "end" : 53,  "EventPolarity" : "EVE negative",  "Prominence" : "Main" }, 
        {"sofa" : 12,  "begin" : 57,  "end" : 94,  "EventPolarity" : "EVE negative",  "Prominence" : "Background" }, 
        {"sofa" : 12,  "begin" : 96,  "end" : 181,  "EventPolarity" : "EVE negative",  "Prominence" : "Background" }, 
        {"sofa" : 12,  "begin" : 185,  "end" : 238,  "EventPolarity" : "EVE negative",  "Prominence" : "Background" }, 
        {"sofa" : 12,  "begin" : 250,  "end" : 271,  "EventPolarity" : "EVE negative",  "Prominence" : "Background" }, 
        {"sofa" : 12,  "begin" : 275,  "end" : 343,  "EventPolarity" : "EVE neutral",  "Prominence" : "Background" }, 
        {"sofa" : 12,  "begin" : 347,  "end" : 384,  "EventPolarity" : "EVE negative",  "Prominence" : "Main" } ] } }, 
  "_referenced_fss" : {
    "12" : {"_type" : "Sofa",  "sofaNum" : 1,  "sofaID" : "_InitialView",  "mimeType" : "text",  "sofaString" : "Stad Oostende zal coronamaatregelen extra controleren .\n Aantal besmettingen in stijgende lijn\n Sinds eind oktober is het aantal coronabesmettingen nog verder toegenomen in Oostende .\n De waarschuwingsdrempel van Sciensano is overschreden , waardoor de stad in alert gaat .\n Meer dan ooit roept de stad op om de maatregelen strikt op te volgen en er zal ook extra gecontroleerd worden .\n " } } }