{"_context" : {
    "_types" : {
      "DocumentMetaData" : {
        "_feature_types" : {"sofa" : "_ref" } }, 
      "Eventclauses" : {
        "_feature_types" : {"sofa" : "_ref",  "Arguments" : "_ref",  "Polarity" : "_ref",  "PolarityTrigger" : "_ref",  "Sameclause" : "_ref" } }, 
      "Sentence" : {
        "_feature_types" : {"sofa" : "_ref" } }, 
      "Sofa" : {
        "_feature_types" : {"sofaArray" : "_ref" } }, 
      "TagsetDescription" : {
        "_feature_types" : {"sofa" : "_ref",  "tags" : "_ref" } }, 
      "Token" : {
        "_feature_types" : {"sofa" : "_ref",  "parent" : "_ref",  "lemma" : "_ref",  "stem" : "_ref",  "pos" : "_ref",  "morph" : "_ref",  "form" : "_ref" } }, 
      "DocumentAnnotation" : {
        "_feature_types" : {"sofa" : "_ref" }, 
        "_subtypes" : ["DocumentMetaData" ] }, 
      "Annotation" : {
        "_feature_types" : {"sofa" : "_ref" }, 
        "_subtypes" : ["DocumentAnnotation",  "Eventclauses",  "Sentence",  "TagsetDescription",  "Token" ] }, 
      "AnnotationBase" : {
        "_feature_types" : {"sofa" : "_ref" }, 
        "_subtypes" : ["Annotation" ] }, 
      "TOP" : {
        "_subtypes" : ["AnnotationBase",  "Sofa" ] } } }, 
  "_views" : {
    "_InitialView" : {
      "DocumentMetaData" : [
        {"sofa" : 12,  "end" : 280,  "language" : "x-unspecified",  "documentTitle" : "dmf20211106_97737810.txt",  "documentId" : "WoutBoven",  "documentUri" : "file:/export/repository/project/114/document/44397/source/WoutBoven",  "collectionId" : "file:/export/repository/project/114/document/44397/source/",  "documentBaseUri" : "file:/export/repository/project/114/document/44397/source/",  "isLastSegment" : false } ], 
      "TagsetDescription" : [
        {"sofa" : 12,  "layer" : "de.tudarmstadt.ukp.dkpro.core.api.syntax.type.dependency.Dependency",  "name" : "UD Universal Dependencies",  "input" : false }, 
        {"sofa" : 12,  "layer" : "webanno.custom.Entities",  "name" : "Entity - mention level types",  "input" : false }, 
        {"sofa" : 12,  "layer" : "webanno.custom.Eventclauses",  "name" : "Event - tense",  "input" : false }, 
        {"sofa" : 12,  "layer" : "webanno.custom.Eventsarguments",  "name" : "eventdna_argument_entities_(auto)",  "input" : false }, 
        {"sofa" : 12,  "layer" : "webanno.custom.Namedentities",  "name" : "NE types",  "input" : false }, 
        {"sofa" : 12,  "layer" : "webanno.custom.EntitiesLETSpreanno",  "name" : "Named entity - types",  "input" : false }, 
        {"sofa" : 12,  "layer" : "de.tudarmstadt.ukp.dkpro.core.api.transform.type.SofaChangeAnnotation",  "name" : "Operation",  "input" : false }, 
        {"sofa" : 12,  "layer" : "de.tudarmstadt.ukp.dkpro.core.api.lexmorph.type.pos.POS",  "name" : "UD Universal POS tags",  "input" : false }, 
        {"sofa" : 12,  "layer" : "webanno.custom.Polaritytriggers",  "name" : "Polarity",  "input" : false }, 
        {"sofa" : 12,  "layer" : "de.tudarmstadt.ukp.dkpro.core.api.segmentation.type.SurfaceForm",  "name" : "Named Entity tags",  "input" : false } ], 
      "Sentence" : [
        {"sofa" : 12,  "end" : 41 }, 
        {"sofa" : 12,  "begin" : 43,  "end" : 107 }, 
        {"sofa" : 12,  "begin" : 109,  "end" : 278 } ], 
      "Token" : [
        {"sofa" : 12,  "end" : 3 }, 
        {"sofa" : 12,  "begin" : 4,  "end" : 7 }, 
        {"sofa" : 12,  "begin" : 8,  "end" : 12 }, 
        {"sofa" : 12,  "begin" : 13,  "end" : 17 }, 
        {"sofa" : 12,  "begin" : 18,  "end" : 28 }, 
        {"sofa" : 12,  "begin" : 29,  "end" : 31 }, 
        {"sofa" : 12,  "begin" : 32,  "end" : 41 }, 
        {"sofa" : 12,  "begin" : 43,  "end" : 52 }, 
        {"sofa" : 12,  "begin" : 53,  "end" : 56 }, 
        {"sofa" : 12,  "begin" : 57,  "end" : 60 }, 
        {"sofa" : 12,  "begin" : 61,  "end" : 64 }, 
        {"sofa" : 12,  "begin" : 65,  "end" : 67 }, 
        {"sofa" : 12,  "begin" : 68,  "end" : 72 }, 
        {"sofa" : 12,  "begin" : 73,  "end" : 79 }, 
        {"sofa" : 12,  "begin" : 80,  "end" : 90 }, 
        {"sofa" : 12,  "begin" : 91,  "end" : 97 }, 
        {"sofa" : 12,  "begin" : 98,  "end" : 105 }, 
        {"sofa" : 12,  "begin" : 106,  "end" : 107 }, 
        {"sofa" : 12,  "begin" : 109,  "end" : 111 }, 
        {"sofa" : 12,  "begin" : 112,  "end" : 122 }, 
        {"sofa" : 12,  "begin" : 123,  "end" : 133 }, 
        {"sofa" : 12,  "begin" : 134,  "end" : 143 }, 
        {"sofa" : 12,  "begin" : 144,  "end" : 148 }, 
        {"sofa" : 12,  "begin" : 149,  "end" : 150 }, 
        {"sofa" : 12,  "begin" : 151,  "end" : 154 }, 
        {"sofa" : 12,  "begin" : 155,  "end" : 157 }, 
        {"sofa" : 12,  "begin" : 158,  "end" : 169 }, 
        {"sofa" : 12,  "begin" : 170,  "end" : 172 }, 
        {"sofa" : 12,  "begin" : 173,  "end" : 177 }, 
        {"sofa" : 12,  "begin" : 178,  "end" : 183 }, 
        {"sofa" : 12,  "begin" : 184,  "end" : 185 }, 
        {"sofa" : 12,  "begin" : 186,  "end" : 190 }, 
        {"sofa" : 12,  "begin" : 191,  "end" : 194 }, 
        {"sofa" : 12,  "begin" : 195,  "end" : 199 }, 
        {"sofa" : 12,  "begin" : 200,  "end" : 210 }, 
        {"sofa" : 12,  "begin" : 211,  "end" : 215 }, 
        {"sofa" : 12,  "begin" : 216,  "end" : 218 }, 
        {"sofa" : 12,  "begin" : 219,  "end" : 224 }, 
        {"sofa" : 12,  "begin" : 225,  "end" : 233 }, 
        {"sofa" : 12,  "begin" : 234,  "end" : 236 }, 
        {"sofa" : 12,  "begin" : 237,  "end" : 239 }, 
        {"sofa" : 12,  "begin" : 240,  "end" : 247 }, 
        {"sofa" : 12,  "begin" : 248,  "end" : 256 }, 
        {"sofa" : 12,  "begin" : 257,  "end" : 276 }, 
        {"sofa" : 12,  "begin" : 277,  "end" : 278 } ], 
      "Eventclauses" : [
        {"sofa" : 12,  "end" : 41,  "EventPolarity" : "EVE negative",  "Prominence" : "Main" }, 
        {"sofa" : 12,  "begin" : 43,  "end" : 105,  "EventPolarity" : "EVE negative",  "Prominence" : "Main" }, 
        {"sofa" : 12,  "begin" : 109,  "end" : 233,  "EventPolarity" : "EVE negative",  "Prominence" : "Background" } ] } }, 
  "_referenced_fss" : {
    "12" : {"_type" : "Sofa",  "sofaNum" : 1,  "sofaID" : "_InitialView",  "mimeType" : "text",  "sofaString" : "Ook dit jaar geen kerstmarkt in Lochristi\n Lochristi zal het ook in 2021 zonder kerstmarkt moeten stellen .\n De Vereniging Kerstmarkt Lochristi Dorp , die de organisatie op zich neemt , acht het niet aangewezen deze te laten doorgaan in de huidige onzekere gezondheidssituatie .\n " } } }