{"_context" : {
    "_types" : {
      "DocumentMetaData" : {
        "_feature_types" : {"sofa" : "_ref" } }, 
      "Eventclauses" : {
        "_feature_types" : {"sofa" : "_ref",  "Arguments" : "_ref",  "Polarity" : "_ref",  "PolarityTrigger" : "_ref",  "Sameclause" : "_ref" } }, 
      "Sentence" : {
        "_feature_types" : {"sofa" : "_ref" } }, 
      "Sofa" : {
        "_feature_types" : {"sofaArray" : "_ref" } }, 
      "TagsetDescription" : {
        "_feature_types" : {"sofa" : "_ref",  "tags" : "_ref" } }, 
      "Token" : {
        "_feature_types" : {"sofa" : "_ref",  "parent" : "_ref",  "lemma" : "_ref",  "stem" : "_ref",  "pos" : "_ref",  "morph" : "_ref",  "form" : "_ref" } }, 
      "DocumentAnnotation" : {
        "_feature_types" : {"sofa" : "_ref" }, 
        "_subtypes" : ["DocumentMetaData" ] }, 
      "Annotation" : {
        "_feature_types" : {"sofa" : "_ref" }, 
        "_subtypes" : ["DocumentAnnotation",  "Eventclauses",  "Sentence",  "TagsetDescription",  "Token" ] }, 
      "AnnotationBase" : {
        "_feature_types" : {"sofa" : "_ref" }, 
        "_subtypes" : ["Annotation" ] }, 
      "TOP" : {
        "_subtypes" : ["AnnotationBase",  "Sofa" ] } } }, 
  "_views" : {
    "_InitialView" : {
      "DocumentMetaData" : [
        {"sofa" : 12,  "end" : 695,  "language" : "x-unspecified",  "documentTitle" : "dmf20211111_96564661.txt",  "documentId" : "WoutBoven",  "documentUri" : "file:/export/repository/project/114/document/44364/source/WoutBoven",  "collectionId" : "file:/export/repository/project/114/document/44364/source/",  "documentBaseUri" : "file:/export/repository/project/114/document/44364/source/",  "isLastSegment" : false } ], 
      "TagsetDescription" : [
        {"sofa" : 12,  "layer" : "de.tudarmstadt.ukp.dkpro.core.api.syntax.type.dependency.Dependency",  "name" : "UD Universal Dependencies",  "input" : false }, 
        {"sofa" : 12,  "layer" : "webanno.custom.Entities",  "name" : "Entity - mention level types",  "input" : false }, 
        {"sofa" : 12,  "layer" : "webanno.custom.Eventclauses",  "name" : "Event - tense",  "input" : false }, 
        {"sofa" : 12,  "layer" : "webanno.custom.Eventsarguments",  "name" : "eventdna_argument_entities_(auto)",  "input" : false }, 
        {"sofa" : 12,  "layer" : "webanno.custom.Namedentities",  "name" : "NE types",  "input" : false }, 
        {"sofa" : 12,  "layer" : "webanno.custom.EntitiesLETSpreanno",  "name" : "Named entity - types",  "input" : false }, 
        {"sofa" : 12,  "layer" : "de.tudarmstadt.ukp.dkpro.core.api.transform.type.SofaChangeAnnotation",  "name" : "Operation",  "input" : false }, 
        {"sofa" : 12,  "layer" : "de.tudarmstadt.ukp.dkpro.core.api.lexmorph.type.pos.POS",  "name" : "UD Universal POS tags",  "input" : false }, 
        {"sofa" : 12,  "layer" : "webanno.custom.Polaritytriggers",  "name" : "Polarity",  "input" : false }, 
        {"sofa" : 12,  "layer" : "de.tudarmstadt.ukp.dkpro.core.api.segmentation.type.SurfaceForm",  "name" : "Named Entity tags",  "input" : false } ], 
      "Sentence" : [
        {"sofa" : 12,  "end" : 99 }, 
        {"sofa" : 12,  "begin" : 101,  "end" : 146 }, 
        {"sofa" : 12,  "begin" : 148,  "end" : 331 }, 
        {"sofa" : 12,  "begin" : 333,  "end" : 487 }, 
        {"sofa" : 12,  "begin" : 489,  "end" : 693 } ], 
      "Token" : [
        {"sofa" : 12,  "end" : 5 }, 
        {"sofa" : 12,  "begin" : 6,  "end" : 16 }, 
        {"sofa" : 12,  "begin" : 17,  "end" : 22 }, 
        {"sofa" : 12,  "begin" : 23,  "end" : 26 }, 
        {"sofa" : 12,  "begin" : 27,  "end" : 32 }, 
        {"sofa" : 12,  "begin" : 33,  "end" : 40 }, 
        {"sofa" : 12,  "begin" : 41,  "end" : 49 }, 
        {"sofa" : 12,  "begin" : 50,  "end" : 54 }, 
        {"sofa" : 12,  "begin" : 55,  "end" : 56 }, 
        {"sofa" : 12,  "begin" : 57,  "end" : 62 }, 
        {"sofa" : 12,  "begin" : 63,  "end" : 73 }, 
        {"sofa" : 12,  "begin" : 74,  "end" : 78 }, 
        {"sofa" : 12,  "begin" : 79,  "end" : 83 }, 
        {"sofa" : 12,  "begin" : 84,  "end" : 88 }, 
        {"sofa" : 12,  "begin" : 89,  "end" : 93 }, 
        {"sofa" : 12,  "begin" : 94,  "end" : 99 }, 
        {"sofa" : 12,  "begin" : 101,  "end" : 104 }, 
        {"sofa" : 12,  "begin" : 105,  "end" : 109 }, 
        {"sofa" : 12,  "begin" : 110,  "end" : 116 }, 
        {"sofa" : 12,  "begin" : 117,  "end" : 123 }, 
        {"sofa" : 12,  "begin" : 124,  "end" : 128 }, 
        {"sofa" : 12,  "begin" : 129,  "end" : 144 }, 
        {"sofa" : 12,  "begin" : 145,  "end" : 146 }, 
        {"sofa" : 12,  "begin" : 148,  "end" : 150 }, 
        {"sofa" : 12,  "begin" : 151,  "end" : 160 }, 
        {"sofa" : 12,  "begin" : 161,  "end" : 170 }, 
        {"sofa" : 12,  "begin" : 171,  "end" : 179 }, 
        {"sofa" : 12,  "begin" : 180,  "end" : 184 }, 
        {"sofa" : 12,  "begin" : 185,  "end" : 190 }, 
        {"sofa" : 12,  "begin" : 191,  "end" : 194 }, 
        {"sofa" : 12,  "begin" : 195,  "end" : 198 }, 
        {"sofa" : 12,  "begin" : 199,  "end" : 204 }, 
        {"sofa" : 12,  "begin" : 205,  "end" : 221 }, 
        {"sofa" : 12,  "begin" : 222,  "end" : 224 }, 
        {"sofa" : 12,  "begin" : 225,  "end" : 229 }, 
        {"sofa" : 12,  "begin" : 230,  "end" : 237 }, 
        {"sofa" : 12,  "begin" : 238,  "end" : 240 }, 
        {"sofa" : 12,  "begin" : 241,  "end" : 247 }, 
        {"sofa" : 12,  "begin" : 248,  "end" : 260 }, 
        {"sofa" : 12,  "begin" : 261,  "end" : 264 }, 
        {"sofa" : 12,  "begin" : 265,  "end" : 276 }, 
        {"sofa" : 12,  "begin" : 277,  "end" : 298 }, 
        {"sofa" : 12,  "begin" : 299,  "end" : 303 }, 
        {"sofa" : 12,  "begin" : 304,  "end" : 307 }, 
        {"sofa" : 12,  "begin" : 308,  "end" : 310 }, 
        {"sofa" : 12,  "begin" : 311,  "end" : 315 }, 
        {"sofa" : 12,  "begin" : 316,  "end" : 321 }, 
        {"sofa" : 12,  "begin" : 322,  "end" : 329 }, 
        {"sofa" : 12,  "begin" : 330,  "end" : 331 }, 
        {"sofa" : 12,  "begin" : 333,  "end" : 335 }, 
        {"sofa" : 12,  "begin" : 336,  "end" : 339 }, 
        {"sofa" : 12,  "begin" : 340,  "end" : 351 }, 
        {"sofa" : 12,  "begin" : 352,  "end" : 357 }, 
        {"sofa" : 12,  "begin" : 358,  "end" : 361 }, 
        {"sofa" : 12,  "begin" : 362,  "end" : 366 }, 
        {"sofa" : 12,  "begin" : 367,  "end" : 380 }, 
        {"sofa" : 12,  "begin" : 381,  "end" : 384 }, 
        {"sofa" : 12,  "begin" : 385,  "end" : 389 }, 
        {"sofa" : 12,  "begin" : 390,  "end" : 401 }, 
        {"sofa" : 12,  "begin" : 402,  "end" : 408 }, 
        {"sofa" : 12,  "begin" : 409,  "end" : 411 }, 
        {"sofa" : 12,  "begin" : 412,  "end" : 417 }, 
        {"sofa" : 12,  "begin" : 418,  "end" : 425 }, 
        {"sofa" : 12,  "begin" : 426,  "end" : 431 }, 
        {"sofa" : 12,  "begin" : 432,  "end" : 434 }, 
        {"sofa" : 12,  "begin" : 435,  "end" : 441 }, 
        {"sofa" : 12,  "begin" : 442,  "end" : 445 }, 
        {"sofa" : 12,  "begin" : 446,  "end" : 457 }, 
        {"sofa" : 12,  "begin" : 458,  "end" : 462 }, 
        {"sofa" : 12,  "begin" : 463,  "end" : 471 }, 
        {"sofa" : 12,  "begin" : 472,  "end" : 475 }, 
        {"sofa" : 12,  "begin" : 476,  "end" : 478 }, 
        {"sofa" : 12,  "begin" : 479,  "end" : 485 }, 
        {"sofa" : 12,  "begin" : 486,  "end" : 487 }, 
        {"sofa" : 12,  "begin" : 489,  "end" : 493 }, 
        {"sofa" : 12,  "begin" : 494,  "end" : 506 }, 
        {"sofa" : 12,  "begin" : 507,  "end" : 509 }, 
        {"sofa" : 12,  "begin" : 510,  "end" : 514 }, 
        {"sofa" : 12,  "begin" : 515,  "end" : 518 }, 
        {"sofa" : 12,  "begin" : 519,  "end" : 524 }, 
        {"sofa" : 12,  "begin" : 525,  "end" : 529 }, 
        {"sofa" : 12,  "begin" : 530,  "end" : 531 }, 
        {"sofa" : 12,  "begin" : 532,  "end" : 534 }, 
        {"sofa" : 12,  "begin" : 535,  "end" : 541 }, 
        {"sofa" : 12,  "begin" : 542,  "end" : 545 }, 
        {"sofa" : 12,  "begin" : 546,  "end" : 555 }, 
        {"sofa" : 12,  "begin" : 556,  "end" : 567 }, 
        {"sofa" : 12,  "begin" : 568,  "end" : 574 }, 
        {"sofa" : 12,  "begin" : 575,  "end" : 577 }, 
        {"sofa" : 12,  "begin" : 578,  "end" : 581 }, 
        {"sofa" : 12,  "begin" : 582,  "end" : 594 }, 
        {"sofa" : 12,  "begin" : 595,  "end" : 596 }, 
        {"sofa" : 12,  "begin" : 597,  "end" : 603 }, 
        {"sofa" : 12,  "begin" : 604,  "end" : 607 }, 
        {"sofa" : 12,  "begin" : 608,  "end" : 611 }, 
        {"sofa" : 12,  "begin" : 612,  "end" : 617 }, 
        {"sofa" : 12,  "begin" : 618,  "end" : 623 }, 
        {"sofa" : 12,  "begin" : 624,  "end" : 634 }, 
        {"sofa" : 12,  "begin" : 635,  "end" : 636 }, 
        {"sofa" : 12,  "begin" : 637,  "end" : 640 }, 
        {"sofa" : 12,  "begin" : 641,  "end" : 645 }, 
        {"sofa" : 12,  "begin" : 646,  "end" : 649 }, 
        {"sofa" : 12,  "begin" : 650,  "end" : 656 }, 
        {"sofa" : 12,  "begin" : 657,  "end" : 662 }, 
        {"sofa" : 12,  "begin" : 663,  "end" : 665 }, 
        {"sofa" : 12,  "begin" : 666,  "end" : 668 }, 
        {"sofa" : 12,  "begin" : 669,  "end" : 675 }, 
        {"sofa" : 12,  "begin" : 676,  "end" : 691 }, 
        {"sofa" : 12,  "begin" : 692,  "end" : 693 } ], 
      "Eventclauses" : [
        {"sofa" : 12,  "end" : 54,  "EventPolarity" : "EVE negative",  "Prominence" : "Background" }, 
        {"sofa" : 12,  "begin" : 57,  "end" : 99,  "EventPolarity" : "EVE negative",  "Prominence" : "Main" }, 
        {"sofa" : 12,  "begin" : 148,  "end" : 221,  "EventPolarity" : "EVE positive",  "Prominence" : "Background" }, 
        {"sofa" : 12,  "begin" : 241,  "end" : 298,  "EventPolarity" : "EVE positive",  "Prominence" : "Background" }, 
        {"sofa" : 12,  "begin" : 340,  "end" : 401,  "EventPolarity" : "EVE positive",  "Prominence" : "Background" }, 
        {"sofa" : 12,  "begin" : 402,  "end" : 485,  "EventPolarity" : "EVE positive",  "Prominence" : "Background" }, 
        {"sofa" : 12,  "begin" : 532,  "end" : 594,  "EventPolarity" : "EVE positive",  "Prominence" : "Main" }, 
        {"sofa" : 12,  "begin" : 641,  "end" : 691,  "EventPolarity" : "EVE negative",  "Prominence" : "Background" } ] } }, 
  "_referenced_fss" : {
    "12" : {"_type" : "Sofa",  "sofaNum" : 1,  "sofaID" : "_InitialView",  "mimeType" : "text",  "sofaString" : "Jacky Mathijssen merkt dat Jonge Duivels vermoeid zijn : Meest belastende week ooit voor deze groep\n Het zijn drukke tijden voor profvoetballers .\n De Belgische nationale beloften zijn bezig aan hun derde interlandperiode in drie maanden en spelen vrijdagavond een belangrijke kwalificatiewedstrijd voor het EK 2023 tegen Turkije .\n Na hun uitstekende start met vier overwinningen uit vier wedstrijden kunnen de Jonge Duivels tegen de Turken een belangrijke stap richting het EK zetten .\n Maar kwalificatie is niet het enige doel , we willen ook effectief wedstrijden winnen op dat eindtoernooi , klinkt het bij coach Jacky Mathijssen , die zich ook zorgen maakt om de drukke voetbalkalender .\n " } } }