{"_context" : {
    "_types" : {
      "DocumentMetaData" : {
        "_feature_types" : {"sofa" : "_ref" } }, 
      "Eventclauses" : {
        "_feature_types" : {"sofa" : "_ref",  "Arguments" : "_ref",  "Polarity" : "_ref",  "PolarityTrigger" : "_ref",  "Sameclause" : "_ref" } }, 
      "Sentence" : {
        "_feature_types" : {"sofa" : "_ref" } }, 
      "Sofa" : {
        "_feature_types" : {"sofaArray" : "_ref" } }, 
      "TagsetDescription" : {
        "_feature_types" : {"sofa" : "_ref",  "tags" : "_ref" } }, 
      "Token" : {
        "_feature_types" : {"sofa" : "_ref",  "parent" : "_ref",  "lemma" : "_ref",  "stem" : "_ref",  "pos" : "_ref",  "morph" : "_ref",  "form" : "_ref" } }, 
      "DocumentAnnotation" : {
        "_feature_types" : {"sofa" : "_ref" }, 
        "_subtypes" : ["DocumentMetaData" ] }, 
      "Annotation" : {
        "_feature_types" : {"sofa" : "_ref" }, 
        "_subtypes" : ["DocumentAnnotation",  "Eventclauses",  "Sentence",  "TagsetDescription",  "Token" ] }, 
      "AnnotationBase" : {
        "_feature_types" : {"sofa" : "_ref" }, 
        "_subtypes" : ["Annotation" ] }, 
      "TOP" : {
        "_subtypes" : ["AnnotationBase",  "Sofa" ] } } }, 
  "_views" : {
    "_InitialView" : {
      "DocumentMetaData" : [
        {"sofa" : 12,  "end" : 244,  "language" : "x-unspecified",  "documentTitle" : "dmf20211115_94119264.txt",  "documentId" : "WoutBoven",  "documentUri" : "file:/export/repository/project/114/document/44341/source/WoutBoven",  "collectionId" : "file:/export/repository/project/114/document/44341/source/",  "documentBaseUri" : "file:/export/repository/project/114/document/44341/source/",  "isLastSegment" : false } ], 
      "TagsetDescription" : [
        {"sofa" : 12,  "layer" : "de.tudarmstadt.ukp.dkpro.core.api.syntax.type.dependency.Dependency",  "name" : "UD Universal Dependencies",  "input" : false }, 
        {"sofa" : 12,  "layer" : "webanno.custom.Entities",  "name" : "Entity - mention level types",  "input" : false }, 
        {"sofa" : 12,  "layer" : "webanno.custom.Eventclauses",  "name" : "Event - tense",  "input" : false }, 
        {"sofa" : 12,  "layer" : "webanno.custom.Eventsarguments",  "name" : "eventdna_argument_entities_(auto)",  "input" : false }, 
        {"sofa" : 12,  "layer" : "webanno.custom.Namedentities",  "name" : "NE types",  "input" : false }, 
        {"sofa" : 12,  "layer" : "webanno.custom.EntitiesLETSpreanno",  "name" : "Named entity - types",  "input" : false }, 
        {"sofa" : 12,  "layer" : "de.tudarmstadt.ukp.dkpro.core.api.transform.type.SofaChangeAnnotation",  "name" : "Operation",  "input" : false }, 
        {"sofa" : 12,  "layer" : "de.tudarmstadt.ukp.dkpro.core.api.lexmorph.type.pos.POS",  "name" : "UD Universal POS tags",  "input" : false }, 
        {"sofa" : 12,  "layer" : "webanno.custom.Polaritytriggers",  "name" : "Polarity",  "input" : false }, 
        {"sofa" : 12,  "layer" : "de.tudarmstadt.ukp.dkpro.core.api.segmentation.type.SurfaceForm",  "name" : "Named Entity tags",  "input" : false } ], 
      "Sentence" : [
        {"sofa" : 12,  "end" : 62 }, 
        {"sofa" : 12,  "begin" : 64,  "end" : 168 }, 
        {"sofa" : 12,  "begin" : 170,  "end" : 242 } ], 
      "Token" : [
        {"sofa" : 12,  "end" : 13 }, 
        {"sofa" : 12,  "begin" : 14,  "end" : 23 }, 
        {"sofa" : 12,  "begin" : 24,  "end" : 27 }, 
        {"sofa" : 12,  "begin" : 28,  "end" : 41 }, 
        {"sofa" : 12,  "begin" : 42,  "end" : 45 }, 
        {"sofa" : 12,  "begin" : 46,  "end" : 62 }, 
        {"sofa" : 12,  "begin" : 64,  "end" : 67 }, 
        {"sofa" : 12,  "begin" : 68,  "end" : 70 }, 
        {"sofa" : 12,  "begin" : 71,  "end" : 82 }, 
        {"sofa" : 12,  "begin" : 83,  "end" : 87 }, 
        {"sofa" : 12,  "begin" : 88,  "end" : 93 }, 
        {"sofa" : 12,  "begin" : 94,  "end" : 97 }, 
        {"sofa" : 12,  "begin" : 98,  "end" : 112 }, 
        {"sofa" : 12,  "begin" : 113,  "end" : 116 }, 
        {"sofa" : 12,  "begin" : 117,  "end" : 120 }, 
        {"sofa" : 12,  "begin" : 121,  "end" : 137 }, 
        {"sofa" : 12,  "begin" : 138,  "end" : 142 }, 
        {"sofa" : 12,  "begin" : 143,  "end" : 156 }, 
        {"sofa" : 12,  "begin" : 157,  "end" : 166 }, 
        {"sofa" : 12,  "begin" : 167,  "end" : 168 }, 
        {"sofa" : 12,  "begin" : 170,  "end" : 172 }, 
        {"sofa" : 12,  "begin" : 173,  "end" : 185 }, 
        {"sofa" : 12,  "begin" : 186,  "end" : 189 }, 
        {"sofa" : 12,  "begin" : 190,  "end" : 194 }, 
        {"sofa" : 12,  "begin" : 195,  "end" : 198 }, 
        {"sofa" : 12,  "begin" : 199,  "end" : 212 }, 
        {"sofa" : 12,  "begin" : 213,  "end" : 219 }, 
        {"sofa" : 12,  "begin" : 220,  "end" : 222 }, 
        {"sofa" : 12,  "begin" : 223,  "end" : 232 }, 
        {"sofa" : 12,  "begin" : 233,  "end" : 240 }, 
        {"sofa" : 12,  "begin" : 241,  "end" : 242 } ], 
      "Eventclauses" : [
        {"sofa" : 12,  "begin" : 64,  "end" : 166,  "EventPolarity" : "EVE positive",  "Prominence" : "Main" }, 
        {"sofa" : 12,  "begin" : 170,  "end" : 240,  "EventPolarity" : "EVE positive",  "Prominence" : "Main" } ] } }, 
  "_referenced_fss" : {
    "12" : {"_type" : "Sofa",  "sofaNum" : 1,  "sofaID" : "_InitialView",  "mimeType" : "text",  "sofaString" : "Buurtbewoners opgetogen met petanquebanen aan Arteveldestadion\n Aan de Kroonstraat zijn naast het voetbalterrein van het Arteveldestadion twee petanquebanen aangelegd .\n In aanwezigheid van heel wat buurtbewoners werden ze officieel geopend .\n " } } }