{"_context" : {
    "_types" : {
      "DocumentMetaData" : {
        "_feature_types" : {"sofa" : "_ref" } }, 
      "Eventclauses" : {
        "_feature_types" : {"sofa" : "_ref",  "Arguments" : "_ref",  "Polarity" : "_ref",  "PolarityTrigger" : "_ref",  "Sameclause" : "_ref" } }, 
      "Sentence" : {
        "_feature_types" : {"sofa" : "_ref" } }, 
      "Sofa" : {
        "_feature_types" : {"sofaArray" : "_ref" } }, 
      "TagsetDescription" : {
        "_feature_types" : {"sofa" : "_ref",  "tags" : "_ref" } }, 
      "Token" : {
        "_feature_types" : {"sofa" : "_ref",  "parent" : "_ref",  "lemma" : "_ref",  "stem" : "_ref",  "pos" : "_ref",  "morph" : "_ref",  "form" : "_ref" } }, 
      "DocumentAnnotation" : {
        "_feature_types" : {"sofa" : "_ref" }, 
        "_subtypes" : ["DocumentMetaData" ] }, 
      "Annotation" : {
        "_feature_types" : {"sofa" : "_ref" }, 
        "_subtypes" : ["DocumentAnnotation",  "Eventclauses",  "Sentence",  "TagsetDescription",  "Token" ] }, 
      "AnnotationBase" : {
        "_feature_types" : {"sofa" : "_ref" }, 
        "_subtypes" : ["Annotation" ] }, 
      "TOP" : {
        "_subtypes" : ["AnnotationBase",  "Sofa" ] } } }, 
  "_views" : {
    "_InitialView" : {
      "DocumentMetaData" : [
        {"sofa" : 12,  "end" : 310,  "language" : "x-unspecified",  "documentTitle" : "dmf20211126_96649493.txt",  "documentId" : "WoutBoven",  "documentUri" : "file:/export/repository/project/114/document/44250/source/WoutBoven",  "collectionId" : "file:/export/repository/project/114/document/44250/source/",  "documentBaseUri" : "file:/export/repository/project/114/document/44250/source/",  "isLastSegment" : false } ], 
      "TagsetDescription" : [
        {"sofa" : 12,  "layer" : "de.tudarmstadt.ukp.dkpro.core.api.syntax.type.dependency.Dependency",  "name" : "UD Universal Dependencies",  "input" : false }, 
        {"sofa" : 12,  "layer" : "webanno.custom.Entities",  "name" : "Entity - mention level types",  "input" : false }, 
        {"sofa" : 12,  "layer" : "webanno.custom.Eventclauses",  "name" : "Event - tense",  "input" : false }, 
        {"sofa" : 12,  "layer" : "webanno.custom.Eventsarguments",  "name" : "eventdna_argument_entities_(auto)",  "input" : false }, 
        {"sofa" : 12,  "layer" : "webanno.custom.Namedentities",  "name" : "NE types",  "input" : false }, 
        {"sofa" : 12,  "layer" : "webanno.custom.EntitiesLETSpreanno",  "name" : "Named entity - types",  "input" : false }, 
        {"sofa" : 12,  "layer" : "de.tudarmstadt.ukp.dkpro.core.api.transform.type.SofaChangeAnnotation",  "name" : "Operation",  "input" : false }, 
        {"sofa" : 12,  "layer" : "de.tudarmstadt.ukp.dkpro.core.api.lexmorph.type.pos.POS",  "name" : "UD Universal POS tags",  "input" : false }, 
        {"sofa" : 12,  "layer" : "webanno.custom.Polaritytriggers",  "name" : "Polarity",  "input" : false }, 
        {"sofa" : 12,  "layer" : "de.tudarmstadt.ukp.dkpro.core.api.segmentation.type.SurfaceForm",  "name" : "Named Entity tags",  "input" : false } ], 
      "Sentence" : [
        {"sofa" : 12,  "end" : 92 }, 
        {"sofa" : 12,  "begin" : 94,  "end" : 209 }, 
        {"sofa" : 12,  "begin" : 211,  "end" : 308 } ], 
      "Token" : [
        {"sofa" : 12,  "end" : 8 }, 
        {"sofa" : 12,  "begin" : 9,  "end" : 14 }, 
        {"sofa" : 12,  "begin" : 15,  "end" : 19 }, 
        {"sofa" : 12,  "begin" : 20,  "end" : 25 }, 
        {"sofa" : 12,  "begin" : 26,  "end" : 28 }, 
        {"sofa" : 12,  "begin" : 29,  "end" : 35 }, 
        {"sofa" : 12,  "begin" : 36,  "end" : 37 }, 
        {"sofa" : 12,  "begin" : 38,  "end" : 42 }, 
        {"sofa" : 12,  "begin" : 43,  "end" : 45 }, 
        {"sofa" : 12,  "begin" : 46,  "end" : 54 }, 
        {"sofa" : 12,  "begin" : 55,  "end" : 59 }, 
        {"sofa" : 12,  "begin" : 60,  "end" : 67 }, 
        {"sofa" : 12,  "begin" : 68,  "end" : 72 }, 
        {"sofa" : 12,  "begin" : 73,  "end" : 80 }, 
        {"sofa" : 12,  "begin" : 81,  "end" : 83 }, 
        {"sofa" : 12,  "begin" : 84,  "end" : 92 }, 
        {"sofa" : 12,  "begin" : 94,  "end" : 96 }, 
        {"sofa" : 12,  "begin" : 97,  "end" : 103 }, 
        {"sofa" : 12,  "begin" : 104,  "end" : 106 }, 
        {"sofa" : 12,  "begin" : 107,  "end" : 115 }, 
        {"sofa" : 12,  "begin" : 116,  "end" : 119 }, 
        {"sofa" : 12,  "begin" : 120,  "end" : 122 }, 
        {"sofa" : 12,  "begin" : 123,  "end" : 130 }, 
        {"sofa" : 12,  "begin" : 131,  "end" : 142 }, 
        {"sofa" : 12,  "begin" : 143,  "end" : 147 }, 
        {"sofa" : 12,  "begin" : 148,  "end" : 150 }, 
        {"sofa" : 12,  "begin" : 151,  "end" : 153 }, 
        {"sofa" : 12,  "begin" : 154,  "end" : 169 }, 
        {"sofa" : 12,  "begin" : 170,  "end" : 172 }, 
        {"sofa" : 12,  "begin" : 173,  "end" : 181 }, 
        {"sofa" : 12,  "begin" : 182,  "end" : 187 }, 
        {"sofa" : 12,  "begin" : 188,  "end" : 198 }, 
        {"sofa" : 12,  "begin" : 199,  "end" : 207 }, 
        {"sofa" : 12,  "begin" : 208,  "end" : 209 }, 
        {"sofa" : 12,  "begin" : 211,  "end" : 217 }, 
        {"sofa" : 12,  "begin" : 218,  "end" : 223 }, 
        {"sofa" : 12,  "begin" : 224,  "end" : 225 }, 
        {"sofa" : 12,  "begin" : 226,  "end" : 229 }, 
        {"sofa" : 12,  "begin" : 230,  "end" : 234 }, 
        {"sofa" : 12,  "begin" : 235,  "end" : 243 }, 
        {"sofa" : 12,  "begin" : 244,  "end" : 247 }, 
        {"sofa" : 12,  "begin" : 248,  "end" : 250 }, 
        {"sofa" : 12,  "begin" : 251,  "end" : 256 }, 
        {"sofa" : 12,  "begin" : 257,  "end" : 265 }, 
        {"sofa" : 12,  "begin" : 266,  "end" : 271 }, 
        {"sofa" : 12,  "begin" : 272,  "end" : 273 }, 
        {"sofa" : 12,  "begin" : 274,  "end" : 277 }, 
        {"sofa" : 12,  "begin" : 278,  "end" : 280 }, 
        {"sofa" : 12,  "begin" : 281,  "end" : 283 }, 
        {"sofa" : 12,  "begin" : 284,  "end" : 286 }, 
        {"sofa" : 12,  "begin" : 287,  "end" : 295 }, 
        {"sofa" : 12,  "begin" : 296,  "end" : 306 }, 
        {"sofa" : 12,  "begin" : 307,  "end" : 308 } ], 
      "Eventclauses" : [
        {"sofa" : 12,  "end" : 35,  "EventPolarity" : "EVE negative",  "Prominence" : "Main" }, 
        {"sofa" : 12,  "begin" : 94,  "end" : 207,  "EventPolarity" : "EVE negative",  "Prominence" : "Main" }, 
        {"sofa" : 12,  "begin" : 211,  "end" : 306,  "EventPolarity" : "EVE neutral",  "Prominence" : "Background" } ] } }, 
  "_referenced_fss" : {
    "12" : {"_type" : "Sofa",  "sofaNum" : 1,  "sofaID" : "_InitialView",  "mimeType" : "text",  "sofaString" : "Limburgs icoon gaat tegen de vlakte : pand in Lanklaar waar Leco-tv werd gemaakt en verkocht\n De winkel en toonzaal van de bekende elektrozaak Leco op de Nijverheidslaan in Lanklaar wordt binnenkort gesloopt .\n Altaan Beton , dat deel uitmaakt van de Willy Naessens Group , zal er in de toekomst uitbreiden .\n " } } }