{"_context" : {
    "_types" : {
      "DocumentMetaData" : {
        "_feature_types" : {"sofa" : "_ref" } }, 
      "Eventclauses" : {
        "_feature_types" : {"sofa" : "_ref",  "Arguments" : "_ref",  "Polarity" : "_ref",  "PolarityTrigger" : "_ref",  "Sameclause" : "_ref" } }, 
      "Sentence" : {
        "_feature_types" : {"sofa" : "_ref" } }, 
      "Sofa" : {
        "_feature_types" : {"sofaArray" : "_ref" } }, 
      "TagsetDescription" : {
        "_feature_types" : {"sofa" : "_ref",  "tags" : "_ref" } }, 
      "Token" : {
        "_feature_types" : {"sofa" : "_ref",  "parent" : "_ref",  "lemma" : "_ref",  "stem" : "_ref",  "pos" : "_ref",  "morph" : "_ref",  "form" : "_ref" } }, 
      "DocumentAnnotation" : {
        "_feature_types" : {"sofa" : "_ref" }, 
        "_subtypes" : ["DocumentMetaData" ] }, 
      "Annotation" : {
        "_feature_types" : {"sofa" : "_ref" }, 
        "_subtypes" : ["DocumentAnnotation",  "Eventclauses",  "Sentence",  "TagsetDescription",  "Token" ] }, 
      "AnnotationBase" : {
        "_feature_types" : {"sofa" : "_ref" }, 
        "_subtypes" : ["Annotation" ] }, 
      "TOP" : {
        "_subtypes" : ["AnnotationBase",  "Sofa" ] } } }, 
  "_views" : {
    "_InitialView" : {
      "DocumentMetaData" : [
        {"sofa" : 12,  "end" : 392,  "language" : "x-unspecified",  "documentTitle" : "dmf20211121_94371352.txt",  "documentId" : "WoutBoven",  "documentUri" : "file:/export/repository/project/114/document/44299/source/WoutBoven",  "collectionId" : "file:/export/repository/project/114/document/44299/source/",  "documentBaseUri" : "file:/export/repository/project/114/document/44299/source/",  "isLastSegment" : false } ], 
      "TagsetDescription" : [
        {"sofa" : 12,  "layer" : "de.tudarmstadt.ukp.dkpro.core.api.syntax.type.dependency.Dependency",  "name" : "UD Universal Dependencies",  "input" : false }, 
        {"sofa" : 12,  "layer" : "webanno.custom.Entities",  "name" : "Entity - mention level types",  "input" : false }, 
        {"sofa" : 12,  "layer" : "webanno.custom.Eventclauses",  "name" : "Event - tense",  "input" : false }, 
        {"sofa" : 12,  "layer" : "webanno.custom.Eventsarguments",  "name" : "eventdna_argument_entities_(auto)",  "input" : false }, 
        {"sofa" : 12,  "layer" : "webanno.custom.Namedentities",  "name" : "NE types",  "input" : false }, 
        {"sofa" : 12,  "layer" : "webanno.custom.EntitiesLETSpreanno",  "name" : "Named entity - types",  "input" : false }, 
        {"sofa" : 12,  "layer" : "de.tudarmstadt.ukp.dkpro.core.api.transform.type.SofaChangeAnnotation",  "name" : "Operation",  "input" : false }, 
        {"sofa" : 12,  "layer" : "de.tudarmstadt.ukp.dkpro.core.api.lexmorph.type.pos.POS",  "name" : "UD Universal POS tags",  "input" : false }, 
        {"sofa" : 12,  "layer" : "webanno.custom.Polaritytriggers",  "name" : "Polarity",  "input" : false }, 
        {"sofa" : 12,  "layer" : "de.tudarmstadt.ukp.dkpro.core.api.segmentation.type.SurfaceForm",  "name" : "Named Entity tags",  "input" : false } ], 
      "Sentence" : [
        {"sofa" : 12,  "end" : 108 }, 
        {"sofa" : 12,  "begin" : 110,  "end" : 248 }, 
        {"sofa" : 12,  "begin" : 250,  "end" : 302 }, 
        {"sofa" : 12,  "begin" : 304,  "end" : 390 } ], 
      "Token" : [
        {"sofa" : 12,  "end" : 6 }, 
        {"sofa" : 12,  "begin" : 7,  "end" : 17 }, 
        {"sofa" : 12,  "begin" : 18,  "end" : 20 }, 
        {"sofa" : 12,  "begin" : 21,  "end" : 34 }, 
        {"sofa" : 12,  "begin" : 35,  "end" : 46 }, 
        {"sofa" : 12,  "begin" : 47,  "end" : 51 }, 
        {"sofa" : 12,  "begin" : 52,  "end" : 55 }, 
        {"sofa" : 12,  "begin" : 56,  "end" : 59 }, 
        {"sofa" : 12,  "begin" : 60,  "end" : 64 }, 
        {"sofa" : 12,  "begin" : 65,  "end" : 66 }, 
        {"sofa" : 12,  "begin" : 67,  "end" : 69 }, 
        {"sofa" : 12,  "begin" : 70,  "end" : 76 }, 
        {"sofa" : 12,  "begin" : 77,  "end" : 81 }, 
        {"sofa" : 12,  "begin" : 82,  "end" : 90 }, 
        {"sofa" : 12,  "begin" : 91,  "end" : 93 }, 
        {"sofa" : 12,  "begin" : 94,  "end" : 98 }, 
        {"sofa" : 12,  "begin" : 99,  "end" : 102 }, 
        {"sofa" : 12,  "begin" : 103,  "end" : 108 }, 
        {"sofa" : 12,  "begin" : 110,  "end" : 114 }, 
        {"sofa" : 12,  "begin" : 115,  "end" : 128 }, 
        {"sofa" : 12,  "begin" : 129,  "end" : 131 }, 
        {"sofa" : 12,  "begin" : 132,  "end" : 138 }, 
        {"sofa" : 12,  "begin" : 139,  "end" : 140 }, 
        {"sofa" : 12,  "begin" : 141,  "end" : 143 }, 
        {"sofa" : 12,  "begin" : 144,  "end" : 157 }, 
        {"sofa" : 12,  "begin" : 158,  "end" : 161 }, 
        {"sofa" : 12,  "begin" : 162,  "end" : 167 }, 
        {"sofa" : 12,  "begin" : 168,  "end" : 174 }, 
        {"sofa" : 12,  "begin" : 175,  "end" : 179 }, 
        {"sofa" : 12,  "begin" : 180,  "end" : 182 }, 
        {"sofa" : 12,  "begin" : 183,  "end" : 189 }, 
        {"sofa" : 12,  "begin" : 190,  "end" : 194 }, 
        {"sofa" : 12,  "begin" : 195,  "end" : 197 }, 
        {"sofa" : 12,  "begin" : 198,  "end" : 204 }, 
        {"sofa" : 12,  "begin" : 205,  "end" : 215 }, 
        {"sofa" : 12,  "begin" : 216,  "end" : 222 }, 
        {"sofa" : 12,  "begin" : 223,  "end" : 227 }, 
        {"sofa" : 12,  "begin" : 228,  "end" : 229 }, 
        {"sofa" : 12,  "begin" : 230,  "end" : 233 }, 
        {"sofa" : 12,  "begin" : 234,  "end" : 246 }, 
        {"sofa" : 12,  "begin" : 247,  "end" : 248 }, 
        {"sofa" : 12,  "begin" : 250,  "end" : 253 }, 
        {"sofa" : 12,  "begin" : 254,  "end" : 267 }, 
        {"sofa" : 12,  "begin" : 268,  "end" : 279 }, 
        {"sofa" : 12,  "begin" : 280,  "end" : 285 }, 
        {"sofa" : 12,  "begin" : 286,  "end" : 290 }, 
        {"sofa" : 12,  "begin" : 291,  "end" : 300 }, 
        {"sofa" : 12,  "begin" : 301,  "end" : 302 }, 
        {"sofa" : 12,  "begin" : 304,  "end" : 306 }, 
        {"sofa" : 12,  "begin" : 307,  "end" : 313 }, 
        {"sofa" : 12,  "begin" : 314,  "end" : 320 }, 
        {"sofa" : 12,  "begin" : 321,  "end" : 323 }, 
        {"sofa" : 12,  "begin" : 324,  "end" : 332 }, 
        {"sofa" : 12,  "begin" : 333,  "end" : 344 }, 
        {"sofa" : 12,  "begin" : 345,  "end" : 346 }, 
        {"sofa" : 12,  "begin" : 347,  "end" : 351 }, 
        {"sofa" : 12,  "begin" : 352,  "end" : 364 }, 
        {"sofa" : 12,  "begin" : 365,  "end" : 369 }, 
        {"sofa" : 12,  "begin" : 370,  "end" : 372 }, 
        {"sofa" : 12,  "begin" : 373,  "end" : 377 }, 
        {"sofa" : 12,  "begin" : 378,  "end" : 379 }, 
        {"sofa" : 12,  "begin" : 380,  "end" : 382 }, 
        {"sofa" : 12,  "begin" : 383,  "end" : 384 }, 
        {"sofa" : 12,  "begin" : 385,  "end" : 386 }, 
        {"sofa" : 12,  "begin" : 387,  "end" : 388 }, 
        {"sofa" : 12,  "begin" : 389,  "end" : 390 } ], 
      "Eventclauses" : [
        {"sofa" : 12,  "end" : 64,  "EventPolarity" : "EVE positive",  "Prominence" : "Main" }, 
        {"sofa" : 12,  "begin" : 110,  "end" : 138,  "EventPolarity" : "EVE positive",  "Prominence" : "Background" }, 
        {"sofa" : 12,  "begin" : 190,  "end" : 227,  "EventPolarity" : "EVE positive",  "Prominence" : "Main" }, 
        {"sofa" : 12,  "begin" : 250,  "end" : 300,  "EventPolarity" : "EVE positive",  "Prominence" : "Main" }, 
        {"sofa" : 12,  "begin" : 304,  "end" : 344,  "EventPolarity" : "EVE positive",  "Prominence" : "Background" } ] } }, 
  "_referenced_fss" : {
    "12" : {"_type" : "Sofa",  "sofaNum" : 1,  "sofaID" : "_InitialView",  "mimeType" : "text",  "sofaString" : "Brugse kerstmarkt en lichtparcours Wintergloed gaan wél nog door : We hoeven niet strenger te zijn dan nodig\n Geen afgelastingen in Brugge : in tegenstelling tot onder andere Gent en Leuven gaat de Brugse kerstmarkt gewoon door , met CST-controle .\n Ook lichtparcours Wintergloed wordt niet geschrapt .\n We volgen gewoon de federale richtlijnen , zegt burgemeester Dirk De fauw ( CD & V ) .\n " } } }