{"_context" : {
    "_types" : {
      "DocumentMetaData" : {
        "_feature_types" : {"sofa" : "_ref" } }, 
      "Eventclauses" : {
        "_feature_types" : {"sofa" : "_ref",  "Arguments" : "_ref",  "Polarity" : "_ref",  "PolarityTrigger" : "_ref",  "Sameclause" : "_ref" } }, 
      "Sentence" : {
        "_feature_types" : {"sofa" : "_ref" } }, 
      "Sofa" : {
        "_feature_types" : {"sofaArray" : "_ref" } }, 
      "TagsetDescription" : {
        "_feature_types" : {"sofa" : "_ref",  "tags" : "_ref" } }, 
      "Token" : {
        "_feature_types" : {"sofa" : "_ref",  "parent" : "_ref",  "lemma" : "_ref",  "stem" : "_ref",  "pos" : "_ref",  "morph" : "_ref",  "form" : "_ref" } }, 
      "DocumentAnnotation" : {
        "_feature_types" : {"sofa" : "_ref" }, 
        "_subtypes" : ["DocumentMetaData" ] }, 
      "Annotation" : {
        "_feature_types" : {"sofa" : "_ref" }, 
        "_subtypes" : ["DocumentAnnotation",  "Eventclauses",  "Sentence",  "TagsetDescription",  "Token" ] }, 
      "AnnotationBase" : {
        "_feature_types" : {"sofa" : "_ref" }, 
        "_subtypes" : ["Annotation" ] }, 
      "TOP" : {
        "_subtypes" : ["AnnotationBase",  "Sofa" ] } } }, 
  "_views" : {
    "_InitialView" : {
      "DocumentMetaData" : [
        {"sofa" : 12,  "end" : 265,  "language" : "x-unspecified",  "documentTitle" : "dmf20211112_93646710.txt",  "documentId" : "WoutBoven",  "documentUri" : "file:/export/repository/project/114/document/44361/source/WoutBoven",  "collectionId" : "file:/export/repository/project/114/document/44361/source/",  "documentBaseUri" : "file:/export/repository/project/114/document/44361/source/",  "isLastSegment" : false } ], 
      "TagsetDescription" : [
        {"sofa" : 12,  "layer" : "de.tudarmstadt.ukp.dkpro.core.api.syntax.type.dependency.Dependency",  "name" : "UD Universal Dependencies",  "input" : false }, 
        {"sofa" : 12,  "layer" : "webanno.custom.Entities",  "name" : "Entity - mention level types",  "input" : false }, 
        {"sofa" : 12,  "layer" : "webanno.custom.Eventclauses",  "name" : "Event - tense",  "input" : false }, 
        {"sofa" : 12,  "layer" : "webanno.custom.Eventsarguments",  "name" : "eventdna_argument_entities_(auto)",  "input" : false }, 
        {"sofa" : 12,  "layer" : "webanno.custom.Namedentities",  "name" : "NE types",  "input" : false }, 
        {"sofa" : 12,  "layer" : "webanno.custom.EntitiesLETSpreanno",  "name" : "Named entity - types",  "input" : false }, 
        {"sofa" : 12,  "layer" : "de.tudarmstadt.ukp.dkpro.core.api.transform.type.SofaChangeAnnotation",  "name" : "Operation",  "input" : false }, 
        {"sofa" : 12,  "layer" : "de.tudarmstadt.ukp.dkpro.core.api.lexmorph.type.pos.POS",  "name" : "UD Universal POS tags",  "input" : false }, 
        {"sofa" : 12,  "layer" : "webanno.custom.Polaritytriggers",  "name" : "Polarity",  "input" : false }, 
        {"sofa" : 12,  "layer" : "de.tudarmstadt.ukp.dkpro.core.api.segmentation.type.SurfaceForm",  "name" : "Named Entity tags",  "input" : false } ], 
      "Sentence" : [
        {"sofa" : 12,  "end" : 76 }, 
        {"sofa" : 12,  "begin" : 78,  "end" : 137 }, 
        {"sofa" : 12,  "begin" : 139,  "end" : 204 }, 
        {"sofa" : 12,  "begin" : 206,  "end" : 263 } ], 
      "Token" : [
        {"sofa" : 12,  "end" : 5 }, 
        {"sofa" : 12,  "begin" : 6,  "end" : 13 }, 
        {"sofa" : 12,  "begin" : 14,  "end" : 25 }, 
        {"sofa" : 12,  "begin" : 26,  "end" : 43 }, 
        {"sofa" : 12,  "begin" : 44,  "end" : 45 }, 
        {"sofa" : 12,  "begin" : 46,  "end" : 52 }, 
        {"sofa" : 12,  "begin" : 53,  "end" : 57 }, 
        {"sofa" : 12,  "begin" : 58,  "end" : 61 }, 
        {"sofa" : 12,  "begin" : 62,  "end" : 66 }, 
        {"sofa" : 12,  "begin" : 67,  "end" : 76 }, 
        {"sofa" : 12,  "begin" : 78,  "end" : 81 }, 
        {"sofa" : 12,  "begin" : 82,  "end" : 94 }, 
        {"sofa" : 12,  "begin" : 95,  "end" : 102 }, 
        {"sofa" : 12,  "begin" : 103,  "end" : 107 }, 
        {"sofa" : 12,  "begin" : 108,  "end" : 113 }, 
        {"sofa" : 12,  "begin" : 114,  "end" : 131 }, 
        {"sofa" : 12,  "begin" : 132,  "end" : 135 }, 
        {"sofa" : 12,  "begin" : 136,  "end" : 137 }, 
        {"sofa" : 12,  "begin" : 139,  "end" : 141 }, 
        {"sofa" : 12,  "begin" : 142,  "end" : 153 }, 
        {"sofa" : 12,  "begin" : 154,  "end" : 160 }, 
        {"sofa" : 12,  "begin" : 161,  "end" : 165 }, 
        {"sofa" : 12,  "begin" : 166,  "end" : 171 }, 
        {"sofa" : 12,  "begin" : 172,  "end" : 179 }, 
        {"sofa" : 12,  "begin" : 180,  "end" : 182 }, 
        {"sofa" : 12,  "begin" : 183,  "end" : 191 }, 
        {"sofa" : 12,  "begin" : 192,  "end" : 195 }, 
        {"sofa" : 12,  "begin" : 196,  "end" : 202 }, 
        {"sofa" : 12,  "begin" : 203,  "end" : 204 }, 
        {"sofa" : 12,  "begin" : 206,  "end" : 208 }, 
        {"sofa" : 12,  "begin" : 209,  "end" : 217 }, 
        {"sofa" : 12,  "begin" : 218,  "end" : 229 }, 
        {"sofa" : 12,  "begin" : 230,  "end" : 236 }, 
        {"sofa" : 12,  "begin" : 237,  "end" : 246 }, 
        {"sofa" : 12,  "begin" : 247,  "end" : 251 }, 
        {"sofa" : 12,  "begin" : 252,  "end" : 261 }, 
        {"sofa" : 12,  "begin" : 262,  "end" : 263 } ], 
      "Eventclauses" : [
        {"sofa" : 12,  "end" : 43,  "EventPolarity" : "EVE negative",  "Prominence" : "Main" }, 
        {"sofa" : 12,  "begin" : 46,  "end" : 76,  "EventPolarity" : "EVE positive",  "Prominence" : "Background" }, 
        {"sofa" : 12,  "begin" : 78,  "end" : 135,  "EventPolarity" : "EVE negative",  "Prominence" : "Main" }, 
        {"sofa" : 12,  "begin" : 139,  "end" : 202,  "EventPolarity" : "EVE negative",  "Prominence" : "Background" }, 
        {"sofa" : 12,  "begin" : 206,  "end" : 261,  "EventPolarity" : "EVE positive",  "Prominence" : "Background" } ] } }, 
  "_referenced_fss" : {
    "12" : {"_type" : "Sofa",  "sofaNum" : 1,  "sofaID" : "_InitialView",  "mimeType" : "text",  "sofaString" : "Vanaf maandag verscherpte coronamaatregelen : Vierde golf een halt toeroepen\n Het stadsbestuur scherpt haar eigen coronamaatregelen aan .\n De verscherpte regels zijn vanaf maandag 15 november van kracht .\n De geplande evenementen worden voorlopig niet geschrapt .\n " } } }