{"_context" : {
    "_types" : {
      "DocumentMetaData" : {
        "_feature_types" : {"sofa" : "_ref" } }, 
      "Eventclauses" : {
        "_feature_types" : {"sofa" : "_ref",  "Arguments" : "_ref",  "Polarity" : "_ref",  "PolarityTrigger" : "_ref",  "Sameclause" : "_ref" } }, 
      "Sentence" : {
        "_feature_types" : {"sofa" : "_ref" } }, 
      "Sofa" : {
        "_feature_types" : {"sofaArray" : "_ref" } }, 
      "TagsetDescription" : {
        "_feature_types" : {"sofa" : "_ref",  "tags" : "_ref" } }, 
      "Token" : {
        "_feature_types" : {"sofa" : "_ref",  "parent" : "_ref",  "lemma" : "_ref",  "stem" : "_ref",  "pos" : "_ref",  "morph" : "_ref",  "form" : "_ref" } }, 
      "DocumentAnnotation" : {
        "_feature_types" : {"sofa" : "_ref" }, 
        "_subtypes" : ["DocumentMetaData" ] }, 
      "Annotation" : {
        "_feature_types" : {"sofa" : "_ref" }, 
        "_subtypes" : ["DocumentAnnotation",  "Eventclauses",  "Sentence",  "TagsetDescription",  "Token" ] }, 
      "AnnotationBase" : {
        "_feature_types" : {"sofa" : "_ref" }, 
        "_subtypes" : ["Annotation" ] }, 
      "TOP" : {
        "_subtypes" : ["AnnotationBase",  "Sofa" ] } } }, 
  "_views" : {
    "_InitialView" : {
      "DocumentMetaData" : [
        {"sofa" : 12,  "end" : 395,  "language" : "x-unspecified",  "documentTitle" : "dmf20211119_95364864.txt",  "documentId" : "WoutBoven",  "documentUri" : "file:/export/repository/project/114/document/44308/source/WoutBoven",  "collectionId" : "file:/export/repository/project/114/document/44308/source/",  "documentBaseUri" : "file:/export/repository/project/114/document/44308/source/",  "isLastSegment" : false } ], 
      "TagsetDescription" : [
        {"sofa" : 12,  "layer" : "de.tudarmstadt.ukp.dkpro.core.api.syntax.type.dependency.Dependency",  "name" : "UD Universal Dependencies",  "input" : false }, 
        {"sofa" : 12,  "layer" : "webanno.custom.Entities",  "name" : "Entity - mention level types",  "input" : false }, 
        {"sofa" : 12,  "layer" : "webanno.custom.Eventclauses",  "name" : "Event - tense",  "input" : false }, 
        {"sofa" : 12,  "layer" : "webanno.custom.Eventsarguments",  "name" : "eventdna_argument_entities_(auto)",  "input" : false }, 
        {"sofa" : 12,  "layer" : "webanno.custom.Namedentities",  "name" : "NE types",  "input" : false }, 
        {"sofa" : 12,  "layer" : "webanno.custom.EntitiesLETSpreanno",  "name" : "Named entity - types",  "input" : false }, 
        {"sofa" : 12,  "layer" : "de.tudarmstadt.ukp.dkpro.core.api.transform.type.SofaChangeAnnotation",  "name" : "Operation",  "input" : false }, 
        {"sofa" : 12,  "layer" : "de.tudarmstadt.ukp.dkpro.core.api.lexmorph.type.pos.POS",  "name" : "UD Universal POS tags",  "input" : false }, 
        {"sofa" : 12,  "layer" : "webanno.custom.Polaritytriggers",  "name" : "Polarity",  "input" : false }, 
        {"sofa" : 12,  "layer" : "de.tudarmstadt.ukp.dkpro.core.api.segmentation.type.SurfaceForm",  "name" : "Named Entity tags",  "input" : false } ], 
      "Sentence" : [
        {"sofa" : 12,  "end" : 87 }, 
        {"sofa" : 12,  "begin" : 89,  "end" : 290 }, 
        {"sofa" : 12,  "begin" : 292,  "end" : 393 } ], 
      "Token" : [
        {"sofa" : 12,  "end" : 8 }, 
        {"sofa" : 12,  "begin" : 9,  "end" : 15 }, 
        {"sofa" : 12,  "begin" : 16,  "end" : 18 }, 
        {"sofa" : 12,  "begin" : 19,  "end" : 27 }, 
        {"sofa" : 12,  "begin" : 28,  "end" : 30 }, 
        {"sofa" : 12,  "begin" : 31,  "end" : 40 }, 
        {"sofa" : 12,  "begin" : 41,  "end" : 44 }, 
        {"sofa" : 12,  "begin" : 45,  "end" : 51 }, 
        {"sofa" : 12,  "begin" : 52,  "end" : 63 }, 
        {"sofa" : 12,  "begin" : 64,  "end" : 69 }, 
        {"sofa" : 12,  "begin" : 70,  "end" : 76 }, 
        {"sofa" : 12,  "begin" : 77,  "end" : 87 }, 
        {"sofa" : 12,  "begin" : 89,  "end" : 97 }, 
        {"sofa" : 12,  "begin" : 98,  "end" : 103 }, 
        {"sofa" : 12,  "begin" : 104,  "end" : 111 }, 
        {"sofa" : 12,  "begin" : 112,  "end" : 124 }, 
        {"sofa" : 12,  "begin" : 125,  "end" : 128 }, 
        {"sofa" : 12,  "begin" : 129,  "end" : 138 }, 
        {"sofa" : 12,  "begin" : 139,  "end" : 142 }, 
        {"sofa" : 12,  "begin" : 143,  "end" : 149 }, 
        {"sofa" : 12,  "begin" : 150,  "end" : 161 }, 
        {"sofa" : 12,  "begin" : 162,  "end" : 164 }, 
        {"sofa" : 12,  "begin" : 165,  "end" : 170 }, 
        {"sofa" : 12,  "begin" : 171,  "end" : 174 }, 
        {"sofa" : 12,  "begin" : 175,  "end" : 177 }, 
        {"sofa" : 12,  "begin" : 178,  "end" : 180 }, 
        {"sofa" : 12,  "begin" : 181,  "end" : 189 }, 
        {"sofa" : 12,  "begin" : 190,  "end" : 194 }, 
        {"sofa" : 12,  "begin" : 195,  "end" : 197 }, 
        {"sofa" : 12,  "begin" : 198,  "end" : 204 }, 
        {"sofa" : 12,  "begin" : 205,  "end" : 206 }, 
        {"sofa" : 12,  "begin" : 207,  "end" : 210 }, 
        {"sofa" : 12,  "begin" : 211,  "end" : 215 }, 
        {"sofa" : 12,  "begin" : 216,  "end" : 225 }, 
        {"sofa" : 12,  "begin" : 226,  "end" : 234 }, 
        {"sofa" : 12,  "begin" : 235,  "end" : 236 }, 
        {"sofa" : 12,  "begin" : 237,  "end" : 246 }, 
        {"sofa" : 12,  "begin" : 247,  "end" : 257 }, 
        {"sofa" : 12,  "begin" : 258,  "end" : 259 }, 
        {"sofa" : 12,  "begin" : 260,  "end" : 266 }, 
        {"sofa" : 12,  "begin" : 267,  "end" : 273 }, 
        {"sofa" : 12,  "begin" : 274,  "end" : 288 }, 
        {"sofa" : 12,  "begin" : 289,  "end" : 290 }, 
        {"sofa" : 12,  "begin" : 292,  "end" : 303 }, 
        {"sofa" : 12,  "begin" : 304,  "end" : 310 }, 
        {"sofa" : 12,  "begin" : 311,  "end" : 317 }, 
        {"sofa" : 12,  "begin" : 318,  "end" : 330 }, 
        {"sofa" : 12,  "begin" : 331,  "end" : 333 }, 
        {"sofa" : 12,  "begin" : 334,  "end" : 343 }, 
        {"sofa" : 12,  "begin" : 344,  "end" : 356 }, 
        {"sofa" : 12,  "begin" : 357,  "end" : 360 }, 
        {"sofa" : 12,  "begin" : 361,  "end" : 363 }, 
        {"sofa" : 12,  "begin" : 364,  "end" : 369 }, 
        {"sofa" : 12,  "begin" : 370,  "end" : 380 }, 
        {"sofa" : 12,  "begin" : 381,  "end" : 391 }, 
        {"sofa" : 12,  "begin" : 392,  "end" : 393 } ], 
      "Eventclauses" : [
        {"sofa" : 12,  "end" : 87,  "EventPolarity" : "EVE negative",  "Prominence" : "Main" }, 
        {"sofa" : 12,  "begin" : 129,  "end" : 288,  "EventPolarity" : "EVE negative",  "Prominence" : "Main" }, 
        {"sofa" : 12,  "begin" : 292,  "end" : 391,  "EventPolarity" : "EVE negative",  "Prominence" : "Background" } ] } }, 
  "_referenced_fss" : {
    "12" : {"_type" : "Sofa",  "sofaNum" : 1,  "sofaID" : "_InitialView",  "mimeType" : "text",  "sofaString" : "Oekraïne dreigt te schieten op migranten die vanuit Wit-Rusland grens willen oversteken\n Oekraïne heeft vrijdag gewaarschuwd dat migranten die vanuit Wit-Rusland de grens met de EU proberen over te steken , met alle mogelijke middelen , waaronder vuurwapens , zullen worden teruggedrongen .\n Ondertussen hebben Poolse autoriteiten 45 migranten gearresteerd die de grens probeerden oversteken .\n " } } }