{"_context" : {
    "_types" : {
      "DocumentMetaData" : {
        "_feature_types" : {"sofa" : "_ref" } }, 
      "Eventclauses" : {
        "_feature_types" : {"sofa" : "_ref",  "Arguments" : "_ref",  "Polarity" : "_ref",  "PolarityTrigger" : "_ref",  "Sameclause" : "_ref" } }, 
      "Sentence" : {
        "_feature_types" : {"sofa" : "_ref" } }, 
      "Sofa" : {
        "_feature_types" : {"sofaArray" : "_ref" } }, 
      "TagsetDescription" : {
        "_feature_types" : {"sofa" : "_ref",  "tags" : "_ref" } }, 
      "Token" : {
        "_feature_types" : {"sofa" : "_ref",  "parent" : "_ref",  "lemma" : "_ref",  "stem" : "_ref",  "pos" : "_ref",  "morph" : "_ref",  "form" : "_ref" } }, 
      "DocumentAnnotation" : {
        "_feature_types" : {"sofa" : "_ref" }, 
        "_subtypes" : ["DocumentMetaData" ] }, 
      "Annotation" : {
        "_feature_types" : {"sofa" : "_ref" }, 
        "_subtypes" : ["DocumentAnnotation",  "Eventclauses",  "Sentence",  "TagsetDescription",  "Token" ] }, 
      "AnnotationBase" : {
        "_feature_types" : {"sofa" : "_ref" }, 
        "_subtypes" : ["Annotation" ] }, 
      "TOP" : {
        "_subtypes" : ["AnnotationBase",  "Sofa" ] } } }, 
  "_views" : {
    "_InitialView" : {
      "DocumentMetaData" : [
        {"sofa" : 12,  "end" : 316,  "language" : "x-unspecified",  "documentTitle" : "dmf20211112_96130316.txt",  "documentId" : "WoutBoven",  "documentUri" : "file:/export/repository/project/114/document/44355/source/WoutBoven",  "collectionId" : "file:/export/repository/project/114/document/44355/source/",  "documentBaseUri" : "file:/export/repository/project/114/document/44355/source/",  "isLastSegment" : false } ], 
      "TagsetDescription" : [
        {"sofa" : 12,  "layer" : "de.tudarmstadt.ukp.dkpro.core.api.syntax.type.dependency.Dependency",  "name" : "UD Universal Dependencies",  "input" : false }, 
        {"sofa" : 12,  "layer" : "webanno.custom.Entities",  "name" : "Entity - mention level types",  "input" : false }, 
        {"sofa" : 12,  "layer" : "webanno.custom.Eventclauses",  "name" : "Event - tense",  "input" : false }, 
        {"sofa" : 12,  "layer" : "webanno.custom.Eventsarguments",  "name" : "eventdna_argument_entities_(auto)",  "input" : false }, 
        {"sofa" : 12,  "layer" : "webanno.custom.Namedentities",  "name" : "NE types",  "input" : false }, 
        {"sofa" : 12,  "layer" : "webanno.custom.EntitiesLETSpreanno",  "name" : "Named entity - types",  "input" : false }, 
        {"sofa" : 12,  "layer" : "de.tudarmstadt.ukp.dkpro.core.api.transform.type.SofaChangeAnnotation",  "name" : "Operation",  "input" : false }, 
        {"sofa" : 12,  "layer" : "de.tudarmstadt.ukp.dkpro.core.api.lexmorph.type.pos.POS",  "name" : "UD Universal POS tags",  "input" : false }, 
        {"sofa" : 12,  "layer" : "webanno.custom.Polaritytriggers",  "name" : "Polarity",  "input" : false }, 
        {"sofa" : 12,  "layer" : "de.tudarmstadt.ukp.dkpro.core.api.segmentation.type.SurfaceForm",  "name" : "Named Entity tags",  "input" : false } ], 
      "Sentence" : [
        {"sofa" : 12,  "end" : 31 }, 
        {"sofa" : 12,  "begin" : 33,  "end" : 79 }, 
        {"sofa" : 12,  "begin" : 81,  "end" : 167 }, 
        {"sofa" : 12,  "begin" : 169,  "end" : 226 }, 
        {"sofa" : 12,  "begin" : 228,  "end" : 314 } ], 
      "Token" : [
        {"sofa" : 12,  "end" : 3 }, 
        {"sofa" : 12,  "begin" : 4,  "end" : 6 }, 
        {"sofa" : 12,  "begin" : 7,  "end" : 11 }, 
        {"sofa" : 12,  "begin" : 12,  "end" : 14 }, 
        {"sofa" : 12,  "begin" : 15,  "end" : 29 }, 
        {"sofa" : 12,  "begin" : 30,  "end" : 31 }, 
        {"sofa" : 12,  "begin" : 33,  "end" : 43 }, 
        {"sofa" : 12,  "begin" : 44,  "end" : 50 }, 
        {"sofa" : 12,  "begin" : 51,  "end" : 55 }, 
        {"sofa" : 12,  "begin" : 56,  "end" : 67 }, 
        {"sofa" : 12,  "begin" : 68,  "end" : 71 }, 
        {"sofa" : 12,  "begin" : 72,  "end" : 74 }, 
        {"sofa" : 12,  "begin" : 75,  "end" : 79 }, 
        {"sofa" : 12,  "begin" : 81,  "end" : 83 }, 
        {"sofa" : 12,  "begin" : 84,  "end" : 85 }, 
        {"sofa" : 12,  "begin" : 85,  "end" : 86 }, 
        {"sofa" : 12,  "begin" : 87,  "end" : 94 }, 
        {"sofa" : 12,  "begin" : 95,  "end" : 97 }, 
        {"sofa" : 12,  "begin" : 98,  "end" : 106 }, 
        {"sofa" : 12,  "begin" : 107,  "end" : 113 }, 
        {"sofa" : 12,  "begin" : 114,  "end" : 123 }, 
        {"sofa" : 12,  "begin" : 124,  "end" : 139 }, 
        {"sofa" : 12,  "begin" : 140,  "end" : 143 }, 
        {"sofa" : 12,  "begin" : 144,  "end" : 148 }, 
        {"sofa" : 12,  "begin" : 149,  "end" : 152 }, 
        {"sofa" : 12,  "begin" : 153,  "end" : 165 }, 
        {"sofa" : 12,  "begin" : 166,  "end" : 167 }, 
        {"sofa" : 12,  "begin" : 169,  "end" : 172 }, 
        {"sofa" : 12,  "begin" : 173,  "end" : 176 }, 
        {"sofa" : 12,  "begin" : 177,  "end" : 179 }, 
        {"sofa" : 12,  "begin" : 180,  "end" : 187 }, 
        {"sofa" : 12,  "begin" : 188,  "end" : 192 }, 
        {"sofa" : 12,  "begin" : 193,  "end" : 204 }, 
        {"sofa" : 12,  "begin" : 205,  "end" : 209 }, 
        {"sofa" : 12,  "begin" : 210,  "end" : 213 }, 
        {"sofa" : 12,  "begin" : 214,  "end" : 219 }, 
        {"sofa" : 12,  "begin" : 220,  "end" : 224 }, 
        {"sofa" : 12,  "begin" : 225,  "end" : 226 }, 
        {"sofa" : 12,  "begin" : 228,  "end" : 238 }, 
        {"sofa" : 12,  "begin" : 239,  "end" : 246 }, 
        {"sofa" : 12,  "begin" : 247,  "end" : 251 }, 
        {"sofa" : 12,  "begin" : 252,  "end" : 254 }, 
        {"sofa" : 12,  "begin" : 255,  "end" : 260 }, 
        {"sofa" : 12,  "begin" : 261,  "end" : 263 }, 
        {"sofa" : 12,  "begin" : 264,  "end" : 266 }, 
        {"sofa" : 12,  "begin" : 267,  "end" : 271 }, 
        {"sofa" : 12,  "begin" : 272,  "end" : 274 }, 
        {"sofa" : 12,  "begin" : 275,  "end" : 278 }, 
        {"sofa" : 12,  "begin" : 279,  "end" : 284 }, 
        {"sofa" : 12,  "begin" : 285,  "end" : 287 }, 
        {"sofa" : 12,  "begin" : 288,  "end" : 302 }, 
        {"sofa" : 12,  "begin" : 303,  "end" : 309 }, 
        {"sofa" : 12,  "begin" : 310,  "end" : 312 }, 
        {"sofa" : 12,  "begin" : 313,  "end" : 314 } ], 
      "Eventclauses" : [
        {"sofa" : 12,  "begin" : 33,  "end" : 79,  "EventPolarity" : "EVE negative",  "Prominence" : "Main" }, 
        {"sofa" : 12,  "begin" : 81,  "end" : 165,  "EventPolarity" : "EVE negative",  "Prominence" : "Main" }, 
        {"sofa" : 12,  "begin" : 169,  "end" : 224,  "EventPolarity" : "EVE negative",  "Prominence" : "Background" }, 
        {"sofa" : 12,  "begin" : 228,  "end" : 312,  "EventPolarity" : "EVE negative",  "Prominence" : "Background" } ] } }, 
  "_referenced_fss" : {
    "12" : {"_type" : "Sofa",  "sofaNum" : 1,  "sofaID" : "_InitialView",  "mimeType" : "text",  "sofaString" : "Zit de wolf in Dilsen-Stokkem ?\n Wandelaars vinden half opgepeuzeld ree in berm\n In 't Vilvert in Lanklaar hebben passanten vrijdagnamiddag een dood ree aangetroffen .\n Het ree is daarbij half opgepeuzeld door een ander dier .\n Omwonenden stellen zich de vraag of de wolf nu ook plots in Dilsen-Stokkem actief is .\n " } } }