{"_context" : {
    "_types" : {
      "DocumentMetaData" : {
        "_feature_types" : {"sofa" : "_ref" } }, 
      "Eventclauses" : {
        "_feature_types" : {"sofa" : "_ref",  "Arguments" : "_ref",  "Polarity" : "_ref",  "PolarityTrigger" : "_ref",  "Sameclause" : "_ref" } }, 
      "Sentence" : {
        "_feature_types" : {"sofa" : "_ref" } }, 
      "Sofa" : {
        "_feature_types" : {"sofaArray" : "_ref" } }, 
      "TagsetDescription" : {
        "_feature_types" : {"sofa" : "_ref",  "tags" : "_ref" } }, 
      "Token" : {
        "_feature_types" : {"sofa" : "_ref",  "parent" : "_ref",  "lemma" : "_ref",  "stem" : "_ref",  "pos" : "_ref",  "morph" : "_ref",  "form" : "_ref" } }, 
      "DocumentAnnotation" : {
        "_feature_types" : {"sofa" : "_ref" }, 
        "_subtypes" : ["DocumentMetaData" ] }, 
      "Annotation" : {
        "_feature_types" : {"sofa" : "_ref" }, 
        "_subtypes" : ["DocumentAnnotation",  "Eventclauses",  "Sentence",  "TagsetDescription",  "Token" ] }, 
      "AnnotationBase" : {
        "_feature_types" : {"sofa" : "_ref" }, 
        "_subtypes" : ["Annotation" ] }, 
      "TOP" : {
        "_subtypes" : ["AnnotationBase",  "Sofa" ] } } }, 
  "_views" : {
    "_InitialView" : {
      "DocumentMetaData" : [
        {"sofa" : 12,  "end" : 462,  "language" : "x-unspecified",  "documentTitle" : "dmf20211107_95485272.txt",  "documentId" : "WoutBoven",  "documentUri" : "file:/export/repository/project/114/document/44394/source/WoutBoven",  "collectionId" : "file:/export/repository/project/114/document/44394/source/",  "documentBaseUri" : "file:/export/repository/project/114/document/44394/source/",  "isLastSegment" : false } ], 
      "TagsetDescription" : [
        {"sofa" : 12,  "layer" : "de.tudarmstadt.ukp.dkpro.core.api.syntax.type.dependency.Dependency",  "name" : "UD Universal Dependencies",  "input" : false }, 
        {"sofa" : 12,  "layer" : "webanno.custom.Entities",  "name" : "Entity - mention level types",  "input" : false }, 
        {"sofa" : 12,  "layer" : "webanno.custom.Eventclauses",  "name" : "Event - tense",  "input" : false }, 
        {"sofa" : 12,  "layer" : "webanno.custom.Eventsarguments",  "name" : "eventdna_argument_entities_(auto)",  "input" : false }, 
        {"sofa" : 12,  "layer" : "webanno.custom.Namedentities",  "name" : "NE types",  "input" : false }, 
        {"sofa" : 12,  "layer" : "webanno.custom.EntitiesLETSpreanno",  "name" : "Named entity - types",  "input" : false }, 
        {"sofa" : 12,  "layer" : "de.tudarmstadt.ukp.dkpro.core.api.transform.type.SofaChangeAnnotation",  "name" : "Operation",  "input" : false }, 
        {"sofa" : 12,  "layer" : "de.tudarmstadt.ukp.dkpro.core.api.lexmorph.type.pos.POS",  "name" : "UD Universal POS tags",  "input" : false }, 
        {"sofa" : 12,  "layer" : "webanno.custom.Polaritytriggers",  "name" : "Polarity",  "input" : false }, 
        {"sofa" : 12,  "layer" : "de.tudarmstadt.ukp.dkpro.core.api.segmentation.type.SurfaceForm",  "name" : "Named Entity tags",  "input" : false } ], 
      "Sentence" : [
        {"sofa" : 12,  "end" : 32 }, 
        {"sofa" : 12,  "begin" : 34,  "end" : 198 }, 
        {"sofa" : 12,  "begin" : 200,  "end" : 292 }, 
        {"sofa" : 12,  "begin" : 294,  "end" : 397 }, 
        {"sofa" : 12,  "begin" : 399,  "end" : 460 } ], 
      "Token" : [
        {"sofa" : 12,  "end" : 2 }, 
        {"sofa" : 12,  "begin" : 3,  "end" : 14 }, 
        {"sofa" : 12,  "begin" : 15,  "end" : 20 }, 
        {"sofa" : 12,  "begin" : 21,  "end" : 28 }, 
        {"sofa" : 12,  "begin" : 29,  "end" : 32 }, 
        {"sofa" : 12,  "begin" : 34,  "end" : 39 }, 
        {"sofa" : 12,  "begin" : 40,  "end" : 46 }, 
        {"sofa" : 12,  "begin" : 47,  "end" : 50 }, 
        {"sofa" : 12,  "begin" : 51,  "end" : 56 }, 
        {"sofa" : 12,  "begin" : 57,  "end" : 61 }, 
        {"sofa" : 12,  "begin" : 62,  "end" : 66 }, 
        {"sofa" : 12,  "begin" : 67,  "end" : 69 }, 
        {"sofa" : 12,  "begin" : 70,  "end" : 72 }, 
        {"sofa" : 12,  "begin" : 73,  "end" : 86 }, 
        {"sofa" : 12,  "begin" : 87,  "end" : 93 }, 
        {"sofa" : 12,  "begin" : 94,  "end" : 97 }, 
        {"sofa" : 12,  "begin" : 98,  "end" : 99 }, 
        {"sofa" : 12,  "begin" : 100,  "end" : 112 }, 
        {"sofa" : 12,  "begin" : 113,  "end" : 115 }, 
        {"sofa" : 12,  "begin" : 116,  "end" : 121 }, 
        {"sofa" : 12,  "begin" : 122,  "end" : 133 }, 
        {"sofa" : 12,  "begin" : 134,  "end" : 136 }, 
        {"sofa" : 12,  "begin" : 137,  "end" : 148 }, 
        {"sofa" : 12,  "begin" : 149,  "end" : 152 }, 
        {"sofa" : 12,  "begin" : 153,  "end" : 171 }, 
        {"sofa" : 12,  "begin" : 172,  "end" : 178 }, 
        {"sofa" : 12,  "begin" : 178,  "end" : 179 }, 
        {"sofa" : 12,  "begin" : 180,  "end" : 182 }, 
        {"sofa" : 12,  "begin" : 183,  "end" : 196 }, 
        {"sofa" : 12,  "begin" : 197,  "end" : 198 }, 
        {"sofa" : 12,  "begin" : 200,  "end" : 211 }, 
        {"sofa" : 12,  "begin" : 212,  "end" : 214 }, 
        {"sofa" : 12,  "begin" : 215,  "end" : 218 }, 
        {"sofa" : 12,  "begin" : 219,  "end" : 223 }, 
        {"sofa" : 12,  "begin" : 224,  "end" : 226 }, 
        {"sofa" : 12,  "begin" : 227,  "end" : 229 }, 
        {"sofa" : 12,  "begin" : 230,  "end" : 238 }, 
        {"sofa" : 12,  "begin" : 239,  "end" : 245 }, 
        {"sofa" : 12,  "begin" : 246,  "end" : 248 }, 
        {"sofa" : 12,  "begin" : 249,  "end" : 254 }, 
        {"sofa" : 12,  "begin" : 255,  "end" : 256 }, 
        {"sofa" : 12,  "begin" : 257,  "end" : 265 }, 
        {"sofa" : 12,  "begin" : 266,  "end" : 276 }, 
        {"sofa" : 12,  "begin" : 277,  "end" : 280 }, 
        {"sofa" : 12,  "begin" : 281,  "end" : 290 }, 
        {"sofa" : 12,  "begin" : 291,  "end" : 292 }, 
        {"sofa" : 12,  "begin" : 294,  "end" : 299 }, 
        {"sofa" : 12,  "begin" : 300,  "end" : 303 }, 
        {"sofa" : 12,  "begin" : 304,  "end" : 306 }, 
        {"sofa" : 12,  "begin" : 307,  "end" : 316 }, 
        {"sofa" : 12,  "begin" : 317,  "end" : 320 }, 
        {"sofa" : 12,  "begin" : 321,  "end" : 323 }, 
        {"sofa" : 12,  "begin" : 324,  "end" : 332 }, 
        {"sofa" : 12,  "begin" : 333,  "end" : 335 }, 
        {"sofa" : 12,  "begin" : 336,  "end" : 341 }, 
        {"sofa" : 12,  "begin" : 342,  "end" : 349 }, 
        {"sofa" : 12,  "begin" : 350,  "end" : 353 }, 
        {"sofa" : 12,  "begin" : 354,  "end" : 356 }, 
        {"sofa" : 12,  "begin" : 357,  "end" : 368 }, 
        {"sofa" : 12,  "begin" : 369,  "end" : 376 }, 
        {"sofa" : 12,  "begin" : 377,  "end" : 379 }, 
        {"sofa" : 12,  "begin" : 380,  "end" : 392 }, 
        {"sofa" : 12,  "begin" : 393,  "end" : 396 }, 
        {"sofa" : 12,  "begin" : 396,  "end" : 397 }, 
        {"sofa" : 12,  "begin" : 399,  "end" : 402 }, 
        {"sofa" : 12,  "begin" : 403,  "end" : 406 }, 
        {"sofa" : 12,  "begin" : 407,  "end" : 413 }, 
        {"sofa" : 12,  "begin" : 414,  "end" : 422 }, 
        {"sofa" : 12,  "begin" : 423,  "end" : 430 }, 
        {"sofa" : 12,  "begin" : 431,  "end" : 439 }, 
        {"sofa" : 12,  "begin" : 440,  "end" : 442 }, 
        {"sofa" : 12,  "begin" : 443,  "end" : 445 }, 
        {"sofa" : 12,  "begin" : 446,  "end" : 458 }, 
        {"sofa" : 12,  "begin" : 459,  "end" : 460 } ], 
      "Eventclauses" : [
        {"sofa" : 12,  "end" : 32,  "EventPolarity" : "EVE positive",  "Prominence" : "Main" }, 
        {"sofa" : 12,  "begin" : 40,  "end" : 97,  "EventPolarity" : "EVE negative",  "Prominence" : "Background" }, 
        {"sofa" : 12,  "begin" : 100,  "end" : 196,  "EventPolarity" : "EVE positive",  "Prominence" : "Background" }, 
        {"sofa" : 12,  "begin" : 200,  "end" : 254,  "EventPolarity" : "EVE positive",  "Prominence" : "Background" }, 
        {"sofa" : 12,  "begin" : 294,  "end" : 396,  "EventPolarity" : "EVE positive",  "Prominence" : "Main" }, 
        {"sofa" : 12,  "begin" : 399,  "end" : 458,  "EventPolarity" : "EVE positive",  "Prominence" : "Main" } ] } }, 
  "_referenced_fss" : {
    "12" : {"_type" : "Sofa",  "sofaNum" : 1,  "sofaID" : "_InitialView",  "mimeType" : "text",  "sofaString" : "De Springplank deelt prijzen uit\n Omdat corona het vorig jaar niet zo op schoolfeesten gemunt had , organiseerde de vrije basisschool De Springplank een gezinsvriendelijke puzzel - en fotozoektocht .\n Ondertussen is het tijd om de winnaars bekend te maken , vertelde directrice Evy Aelbrecht .\n Elise Van de Kerckhove bij de kinderen en Linda Larayse bij de volwassenen kaapten de hoofdprijzen weg.\n Tal van andere winnaars mochten meedelen in de feestvreugde .\n " } } }
