{"_context" : {
    "_types" : {
      "DocumentMetaData" : {
        "_feature_types" : {"sofa" : "_ref" } }, 
      "Eventclauses" : {
        "_feature_types" : {"sofa" : "_ref",  "Arguments" : "_ref",  "Polarity" : "_ref",  "PolarityTrigger" : "_ref",  "Sameclause" : "_ref" } }, 
      "Sentence" : {
        "_feature_types" : {"sofa" : "_ref" } }, 
      "Sofa" : {
        "_feature_types" : {"sofaArray" : "_ref" } }, 
      "TagsetDescription" : {
        "_feature_types" : {"sofa" : "_ref",  "tags" : "_ref" } }, 
      "Token" : {
        "_feature_types" : {"sofa" : "_ref",  "parent" : "_ref",  "lemma" : "_ref",  "stem" : "_ref",  "pos" : "_ref",  "morph" : "_ref",  "form" : "_ref" } }, 
      "DocumentAnnotation" : {
        "_feature_types" : {"sofa" : "_ref" }, 
        "_subtypes" : ["DocumentMetaData" ] }, 
      "Annotation" : {
        "_feature_types" : {"sofa" : "_ref" }, 
        "_subtypes" : ["DocumentAnnotation",  "Eventclauses",  "Sentence",  "TagsetDescription",  "Token" ] }, 
      "AnnotationBase" : {
        "_feature_types" : {"sofa" : "_ref" }, 
        "_subtypes" : ["Annotation" ] }, 
      "TOP" : {
        "_subtypes" : ["AnnotationBase",  "Sofa" ] } } }, 
  "_views" : {
    "_InitialView" : {
      "DocumentMetaData" : [
        {"sofa" : 12,  "end" : 350,  "language" : "x-unspecified",  "documentTitle" : "dmf20211116_97550281.txt",  "documentId" : "WoutBoven",  "documentUri" : "file:/export/repository/project/114/document/44326/source/WoutBoven",  "collectionId" : "file:/export/repository/project/114/document/44326/source/",  "documentBaseUri" : "file:/export/repository/project/114/document/44326/source/",  "isLastSegment" : false } ], 
      "TagsetDescription" : [
        {"sofa" : 12,  "layer" : "de.tudarmstadt.ukp.dkpro.core.api.syntax.type.dependency.Dependency",  "name" : "UD Universal Dependencies",  "input" : false }, 
        {"sofa" : 12,  "layer" : "webanno.custom.Entities",  "name" : "Entity - mention level types",  "input" : false }, 
        {"sofa" : 12,  "layer" : "webanno.custom.Eventclauses",  "name" : "Event - tense",  "input" : false }, 
        {"sofa" : 12,  "layer" : "webanno.custom.Eventsarguments",  "name" : "eventdna_argument_entities_(auto)",  "input" : false }, 
        {"sofa" : 12,  "layer" : "webanno.custom.Namedentities",  "name" : "NE types",  "input" : false }, 
        {"sofa" : 12,  "layer" : "webanno.custom.EntitiesLETSpreanno",  "name" : "Named entity - types",  "input" : false }, 
        {"sofa" : 12,  "layer" : "de.tudarmstadt.ukp.dkpro.core.api.transform.type.SofaChangeAnnotation",  "name" : "Operation",  "input" : false }, 
        {"sofa" : 12,  "layer" : "de.tudarmstadt.ukp.dkpro.core.api.lexmorph.type.pos.POS",  "name" : "UD Universal POS tags",  "input" : false }, 
        {"sofa" : 12,  "layer" : "webanno.custom.Polaritytriggers",  "name" : "Polarity",  "input" : false }, 
        {"sofa" : 12,  "layer" : "de.tudarmstadt.ukp.dkpro.core.api.segmentation.type.SurfaceForm",  "name" : "Named Entity tags",  "input" : false } ], 
      "Sentence" : [
        {"sofa" : 12,  "end" : 105 }, 
        {"sofa" : 12,  "begin" : 107,  "end" : 142 }, 
        {"sofa" : 12,  "begin" : 144,  "end" : 297 }, 
        {"sofa" : 12,  "begin" : 299,  "end" : 348 } ], 
      "Token" : [
        {"sofa" : 12,  "end" : 5 }, 
        {"sofa" : 12,  "begin" : 6,  "end" : 15 }, 
        {"sofa" : 12,  "begin" : 16,  "end" : 20 }, 
        {"sofa" : 12,  "begin" : 21,  "end" : 25 }, 
        {"sofa" : 12,  "begin" : 26,  "end" : 29 }, 
        {"sofa" : 12,  "begin" : 30,  "end" : 34 }, 
        {"sofa" : 12,  "begin" : 35,  "end" : 40 }, 
        {"sofa" : 12,  "begin" : 41,  "end" : 49 }, 
        {"sofa" : 12,  "begin" : 50,  "end" : 54 }, 
        {"sofa" : 12,  "begin" : 55,  "end" : 58 }, 
        {"sofa" : 12,  "begin" : 59,  "end" : 66 }, 
        {"sofa" : 12,  "begin" : 67,  "end" : 75 }, 
        {"sofa" : 12,  "begin" : 76,  "end" : 78 }, 
        {"sofa" : 12,  "begin" : 79,  "end" : 81 }, 
        {"sofa" : 12,  "begin" : 82,  "end" : 89 }, 
        {"sofa" : 12,  "begin" : 90,  "end" : 94 }, 
        {"sofa" : 12,  "begin" : 95,  "end" : 98 }, 
        {"sofa" : 12,  "begin" : 99,  "end" : 105 }, 
        {"sofa" : 12,  "begin" : 107,  "end" : 112 }, 
        {"sofa" : 12,  "begin" : 113,  "end" : 122 }, 
        {"sofa" : 12,  "begin" : 123,  "end" : 126 }, 
        {"sofa" : 12,  "begin" : 127,  "end" : 129 }, 
        {"sofa" : 12,  "begin" : 130,  "end" : 135 }, 
        {"sofa" : 12,  "begin" : 136,  "end" : 140 }, 
        {"sofa" : 12,  "begin" : 141,  "end" : 142 }, 
        {"sofa" : 12,  "begin" : 144,  "end" : 147 }, 
        {"sofa" : 12,  "begin" : 148,  "end" : 156 }, 
        {"sofa" : 12,  "begin" : 157,  "end" : 160 }, 
        {"sofa" : 12,  "begin" : 161,  "end" : 164 }, 
        {"sofa" : 12,  "begin" : 165,  "end" : 167 }, 
        {"sofa" : 12,  "begin" : 168,  "end" : 171 }, 
        {"sofa" : 12,  "begin" : 172,  "end" : 179 }, 
        {"sofa" : 12,  "begin" : 180,  "end" : 182 }, 
        {"sofa" : 12,  "begin" : 183,  "end" : 185 }, 
        {"sofa" : 12,  "begin" : 186,  "end" : 190 }, 
        {"sofa" : 12,  "begin" : 191,  "end" : 193 }, 
        {"sofa" : 12,  "begin" : 194,  "end" : 198 }, 
        {"sofa" : 12,  "begin" : 199,  "end" : 203 }, 
        {"sofa" : 12,  "begin" : 204,  "end" : 207 }, 
        {"sofa" : 12,  "begin" : 208,  "end" : 212 }, 
        {"sofa" : 12,  "begin" : 213,  "end" : 220 }, 
        {"sofa" : 12,  "begin" : 221,  "end" : 223 }, 
        {"sofa" : 12,  "begin" : 224,  "end" : 226 }, 
        {"sofa" : 12,  "begin" : 227,  "end" : 231 }, 
        {"sofa" : 12,  "begin" : 232,  "end" : 235 }, 
        {"sofa" : 12,  "begin" : 236,  "end" : 242 }, 
        {"sofa" : 12,  "begin" : 243,  "end" : 252 }, 
        {"sofa" : 12,  "begin" : 253,  "end" : 257 }, 
        {"sofa" : 12,  "begin" : 258,  "end" : 259 }, 
        {"sofa" : 12,  "begin" : 260,  "end" : 263 }, 
        {"sofa" : 12,  "begin" : 264,  "end" : 266 }, 
        {"sofa" : 12,  "begin" : 267,  "end" : 274 }, 
        {"sofa" : 12,  "begin" : 275,  "end" : 277 }, 
        {"sofa" : 12,  "begin" : 278,  "end" : 281 }, 
        {"sofa" : 12,  "begin" : 282,  "end" : 285 }, 
        {"sofa" : 12,  "begin" : 286,  "end" : 290 }, 
        {"sofa" : 12,  "begin" : 291,  "end" : 295 }, 
        {"sofa" : 12,  "begin" : 296,  "end" : 297 }, 
        {"sofa" : 12,  "begin" : 299,  "end" : 303 }, 
        {"sofa" : 12,  "begin" : 304,  "end" : 310 }, 
        {"sofa" : 12,  "begin" : 311,  "end" : 312 }, 
        {"sofa" : 12,  "begin" : 313,  "end" : 316 }, 
        {"sofa" : 12,  "begin" : 317,  "end" : 322 }, 
        {"sofa" : 12,  "begin" : 323,  "end" : 326 }, 
        {"sofa" : 12,  "begin" : 327,  "end" : 332 }, 
        {"sofa" : 12,  "begin" : 333,  "end" : 346 }, 
        {"sofa" : 12,  "begin" : 347,  "end" : 348 } ], 
      "Eventclauses" : [
        {"sofa" : 12,  "end" : 75,  "EventPolarity" : "EVE negative",  "Prominence" : "Main" }, 
        {"sofa" : 12,  "begin" : 161,  "end" : 257,  "EventPolarity" : "EVE positive",  "Prominence" : "Background" }, 
        {"sofa" : 12,  "begin" : 313,  "end" : 346,  "EventPolarity" : "EVE neutral",  "Prominence" : "Background" } ] } }, 
  "_referenced_fss" : {
    "12" : {"_type" : "Sofa",  "sofaNum" : 1,  "sofaID" : "_InitialView",  "mimeType" : "text",  "sofaString" : "Jonas Geirnaert laat Erik Van Looy vuile manieren doen met Frances Lefebure in De slimste mens ter wereld\n Jonas Geirnaert was in grote vorm .\n Hij vertelde hoe hij in Los Angeles op de Walk of Fame Erik Van Looy huilend op de ster van Steven Spielberg vond , met de woorden Ik wil ook zo'n ster .\n Maar vooral : hij hield een heuse hypnosesessie .\n " } } }