{"_context" : {
    "_types" : {
      "DocumentMetaData" : {
        "_feature_types" : {"sofa" : "_ref" } }, 
      "Eventclauses" : {
        "_feature_types" : {"sofa" : "_ref",  "Arguments" : "_ref",  "Polarity" : "_ref",  "PolarityTrigger" : "_ref",  "Sameclause" : "_ref" } }, 
      "Sentence" : {
        "_feature_types" : {"sofa" : "_ref" } }, 
      "Sofa" : {
        "_feature_types" : {"sofaArray" : "_ref" } }, 
      "TagsetDescription" : {
        "_feature_types" : {"sofa" : "_ref",  "tags" : "_ref" } }, 
      "Token" : {
        "_feature_types" : {"sofa" : "_ref",  "parent" : "_ref",  "lemma" : "_ref",  "stem" : "_ref",  "pos" : "_ref",  "morph" : "_ref",  "form" : "_ref" } }, 
      "DocumentAnnotation" : {
        "_feature_types" : {"sofa" : "_ref" }, 
        "_subtypes" : ["DocumentMetaData" ] }, 
      "Annotation" : {
        "_feature_types" : {"sofa" : "_ref" }, 
        "_subtypes" : ["DocumentAnnotation",  "Eventclauses",  "Sentence",  "TagsetDescription",  "Token" ] }, 
      "AnnotationBase" : {
        "_feature_types" : {"sofa" : "_ref" }, 
        "_subtypes" : ["Annotation" ] }, 
      "TOP" : {
        "_subtypes" : ["AnnotationBase",  "Sofa" ] } } }, 
  "_views" : {
    "_InitialView" : {
      "DocumentMetaData" : [
        {"sofa" : 12,  "end" : 202,  "language" : "x-unspecified",  "documentTitle" : "dmf20211121_93828354.txt",  "documentId" : "WoutBoven",  "documentUri" : "file:/export/repository/project/114/document/44300/source/WoutBoven",  "collectionId" : "file:/export/repository/project/114/document/44300/source/",  "documentBaseUri" : "file:/export/repository/project/114/document/44300/source/",  "isLastSegment" : false } ], 
      "TagsetDescription" : [
        {"sofa" : 12,  "layer" : "de.tudarmstadt.ukp.dkpro.core.api.syntax.type.dependency.Dependency",  "name" : "UD Universal Dependencies",  "input" : false }, 
        {"sofa" : 12,  "layer" : "webanno.custom.Entities",  "name" : "Entity - mention level types",  "input" : false }, 
        {"sofa" : 12,  "layer" : "webanno.custom.Eventclauses",  "name" : "Event - tense",  "input" : false }, 
        {"sofa" : 12,  "layer" : "webanno.custom.Eventsarguments",  "name" : "eventdna_argument_entities_(auto)",  "input" : false }, 
        {"sofa" : 12,  "layer" : "webanno.custom.Namedentities",  "name" : "NE types",  "input" : false }, 
        {"sofa" : 12,  "layer" : "webanno.custom.EntitiesLETSpreanno",  "name" : "Named entity - types",  "input" : false }, 
        {"sofa" : 12,  "layer" : "de.tudarmstadt.ukp.dkpro.core.api.transform.type.SofaChangeAnnotation",  "name" : "Operation",  "input" : false }, 
        {"sofa" : 12,  "layer" : "de.tudarmstadt.ukp.dkpro.core.api.lexmorph.type.pos.POS",  "name" : "UD Universal POS tags",  "input" : false }, 
        {"sofa" : 12,  "layer" : "webanno.custom.Polaritytriggers",  "name" : "Polarity",  "input" : false }, 
        {"sofa" : 12,  "layer" : "de.tudarmstadt.ukp.dkpro.core.api.segmentation.type.SurfaceForm",  "name" : "Named Entity tags",  "input" : false } ], 
      "Sentence" : [
        {"sofa" : 12,  "end" : 58 }, 
        {"sofa" : 12,  "begin" : 60,  "end" : 200 } ], 
      "Token" : [
        {"sofa" : 12,  "end" : 4 }, 
        {"sofa" : 12,  "begin" : 5,  "end" : 9 }, 
        {"sofa" : 12,  "begin" : 10,  "end" : 17 }, 
        {"sofa" : 12,  "begin" : 18,  "end" : 27 }, 
        {"sofa" : 12,  "begin" : 28,  "end" : 33 }, 
        {"sofa" : 12,  "begin" : 34,  "end" : 38 }, 
        {"sofa" : 12,  "begin" : 39,  "end" : 41 }, 
        {"sofa" : 12,  "begin" : 42,  "end" : 45 }, 
        {"sofa" : 12,  "begin" : 46,  "end" : 58 }, 
        {"sofa" : 12,  "begin" : 60,  "end" : 63 }, 
        {"sofa" : 12,  "begin" : 64,  "end" : 75 }, 
        {"sofa" : 12,  "begin" : 76,  "end" : 85 }, 
        {"sofa" : 12,  "begin" : 86,  "end" : 89 }, 
        {"sofa" : 12,  "begin" : 90,  "end" : 97 }, 
        {"sofa" : 12,  "begin" : 98,  "end" : 105 }, 
        {"sofa" : 12,  "begin" : 106,  "end" : 109 }, 
        {"sofa" : 12,  "begin" : 110,  "end" : 112 }, 
        {"sofa" : 12,  "begin" : 113,  "end" : 117 }, 
        {"sofa" : 12,  "begin" : 118,  "end" : 131 }, 
        {"sofa" : 12,  "begin" : 132,  "end" : 135 }, 
        {"sofa" : 12,  "begin" : 136,  "end" : 138 }, 
        {"sofa" : 12,  "begin" : 139,  "end" : 147 }, 
        {"sofa" : 12,  "begin" : 148,  "end" : 150 }, 
        {"sofa" : 12,  "begin" : 151,  "end" : 159 }, 
        {"sofa" : 12,  "begin" : 160,  "end" : 162 }, 
        {"sofa" : 12,  "begin" : 163,  "end" : 174 }, 
        {"sofa" : 12,  "begin" : 175,  "end" : 187 }, 
        {"sofa" : 12,  "begin" : 188,  "end" : 191 }, 
        {"sofa" : 12,  "begin" : 192,  "end" : 198 }, 
        {"sofa" : 12,  "begin" : 199,  "end" : 200 } ], 
      "Eventclauses" : [
        {"sofa" : 12,  "end" : 58,  "EventPolarity" : "EVE positive",  "Prominence" : "Main" }, 
        {"sofa" : 12,  "begin" : 60,  "end" : 198,  "EventPolarity" : "EVE positive",  "Prominence" : "Main" } ] } }, 
  "_referenced_fss" : {
    "12" : {"_type" : "Sofa",  "sofaNum" : 1,  "sofaID" : "_InitialView",  "mimeType" : "text",  "sofaString" : "Boek over Kasteel Cantecroy maakt kans op een erfgoedprijs\n Het Genootschap Cantecroy uit Mortsel behoort tot de vijf genomineerden die op zaterdag 27 november de provinciale Erfgoedprijs kan winnen .\n " } } }