{"_context" : {
    "_types" : {
      "DocumentMetaData" : {
        "_feature_types" : {"sofa" : "_ref" } }, 
      "Eventclauses" : {
        "_feature_types" : {"sofa" : "_ref",  "Arguments" : "_ref",  "Polarity" : "_ref",  "PolarityTrigger" : "_ref",  "Sameclause" : "_ref" } }, 
      "Sentence" : {
        "_feature_types" : {"sofa" : "_ref" } }, 
      "Sofa" : {
        "_feature_types" : {"sofaArray" : "_ref" } }, 
      "TagsetDescription" : {
        "_feature_types" : {"sofa" : "_ref",  "tags" : "_ref" } }, 
      "Token" : {
        "_feature_types" : {"sofa" : "_ref",  "parent" : "_ref",  "lemma" : "_ref",  "stem" : "_ref",  "pos" : "_ref",  "morph" : "_ref",  "form" : "_ref" } }, 
      "DocumentAnnotation" : {
        "_feature_types" : {"sofa" : "_ref" }, 
        "_subtypes" : ["DocumentMetaData" ] }, 
      "Annotation" : {
        "_feature_types" : {"sofa" : "_ref" }, 
        "_subtypes" : ["DocumentAnnotation",  "Eventclauses",  "Sentence",  "TagsetDescription",  "Token" ] }, 
      "AnnotationBase" : {
        "_feature_types" : {"sofa" : "_ref" }, 
        "_subtypes" : ["Annotation" ] }, 
      "TOP" : {
        "_subtypes" : ["AnnotationBase",  "Sofa" ] } } }, 
  "_views" : {
    "_InitialView" : {
      "DocumentMetaData" : [
        {"sofa" : 12,  "end" : 569,  "language" : "x-unspecified",  "documentTitle" : "dmf20211128_96740940.txt",  "documentId" : "WoutBoven",  "documentUri" : "file:/export/repository/project/114/document/44240/source/WoutBoven",  "collectionId" : "file:/export/repository/project/114/document/44240/source/",  "documentBaseUri" : "file:/export/repository/project/114/document/44240/source/",  "isLastSegment" : false } ], 
      "TagsetDescription" : [
        {"sofa" : 12,  "layer" : "de.tudarmstadt.ukp.dkpro.core.api.syntax.type.dependency.Dependency",  "name" : "UD Universal Dependencies",  "input" : false }, 
        {"sofa" : 12,  "layer" : "webanno.custom.Entities",  "name" : "Entity - mention level types",  "input" : false }, 
        {"sofa" : 12,  "layer" : "webanno.custom.Eventclauses",  "name" : "Event - tense",  "input" : false }, 
        {"sofa" : 12,  "layer" : "webanno.custom.Eventsarguments",  "name" : "eventdna_argument_entities_(auto)",  "input" : false }, 
        {"sofa" : 12,  "layer" : "webanno.custom.Namedentities",  "name" : "NE types",  "input" : false }, 
        {"sofa" : 12,  "layer" : "webanno.custom.EntitiesLETSpreanno",  "name" : "Named entity - types",  "input" : false }, 
        {"sofa" : 12,  "layer" : "de.tudarmstadt.ukp.dkpro.core.api.transform.type.SofaChangeAnnotation",  "name" : "Operation",  "input" : false }, 
        {"sofa" : 12,  "layer" : "de.tudarmstadt.ukp.dkpro.core.api.lexmorph.type.pos.POS",  "name" : "UD Universal POS tags",  "input" : false }, 
        {"sofa" : 12,  "layer" : "webanno.custom.Polaritytriggers",  "name" : "Polarity",  "input" : false }, 
        {"sofa" : 12,  "layer" : "de.tudarmstadt.ukp.dkpro.core.api.segmentation.type.SurfaceForm",  "name" : "Named Entity tags",  "input" : false } ], 
      "Sentence" : [
        {"sofa" : 12,  "end" : 66 }, 
        {"sofa" : 12,  "begin" : 68,  "end" : 230 }, 
        {"sofa" : 12,  "begin" : 232,  "end" : 390 }, 
        {"sofa" : 12,  "begin" : 392,  "end" : 451 }, 
        {"sofa" : 12,  "begin" : 453,  "end" : 510 }, 
        {"sofa" : 12,  "begin" : 512,  "end" : 567 } ], 
      "Token" : [
        {"sofa" : 12,  "end" : 10 }, 
        {"sofa" : 12,  "begin" : 11,  "end" : 16 }, 
        {"sofa" : 12,  "begin" : 17,  "end" : 21 }, 
        {"sofa" : 12,  "begin" : 22,  "end" : 28 }, 
        {"sofa" : 12,  "begin" : 29,  "end" : 32 }, 
        {"sofa" : 12,  "begin" : 33,  "end" : 34 }, 
        {"sofa" : 12,  "begin" : 35,  "end" : 36 }, 
        {"sofa" : 12,  "begin" : 37,  "end" : 39 }, 
        {"sofa" : 12,  "begin" : 40,  "end" : 41 }, 
        {"sofa" : 12,  "begin" : 42,  "end" : 45 }, 
        {"sofa" : 12,  "begin" : 46,  "end" : 52 }, 
        {"sofa" : 12,  "begin" : 53,  "end" : 55 }, 
        {"sofa" : 12,  "begin" : 56,  "end" : 58 }, 
        {"sofa" : 12,  "begin" : 59,  "end" : 66 }, 
        {"sofa" : 12,  "begin" : 68,  "end" : 72 }, 
        {"sofa" : 12,  "begin" : 73,  "end" : 75 }, 
        {"sofa" : 12,  "begin" : 76,  "end" : 88 }, 
        {"sofa" : 12,  "begin" : 89,  "end" : 92 }, 
        {"sofa" : 12,  "begin" : 93,  "end" : 95 }, 
        {"sofa" : 12,  "begin" : 96,  "end" : 107 }, 
        {"sofa" : 12,  "begin" : 108,  "end" : 110 }, 
        {"sofa" : 12,  "begin" : 111,  "end" : 122 }, 
        {"sofa" : 12,  "begin" : 123,  "end" : 126 }, 
        {"sofa" : 12,  "begin" : 127,  "end" : 131 }, 
        {"sofa" : 12,  "begin" : 132,  "end" : 140 }, 
        {"sofa" : 12,  "begin" : 141,  "end" : 142 }, 
        {"sofa" : 12,  "begin" : 143,  "end" : 151 }, 
        {"sofa" : 12,  "begin" : 152,  "end" : 154 }, 
        {"sofa" : 12,  "begin" : 155,  "end" : 167 }, 
        {"sofa" : 12,  "begin" : 168,  "end" : 171 }, 
        {"sofa" : 12,  "begin" : 172,  "end" : 175 }, 
        {"sofa" : 12,  "begin" : 176,  "end" : 185 }, 
        {"sofa" : 12,  "begin" : 186,  "end" : 189 }, 
        {"sofa" : 12,  "begin" : 190,  "end" : 191 }, 
        {"sofa" : 12,  "begin" : 192,  "end" : 202 }, 
        {"sofa" : 12,  "begin" : 203,  "end" : 210 }, 
        {"sofa" : 12,  "begin" : 211,  "end" : 217 }, 
        {"sofa" : 12,  "begin" : 218,  "end" : 220 }, 
        {"sofa" : 12,  "begin" : 221,  "end" : 228 }, 
        {"sofa" : 12,  "begin" : 229,  "end" : 230 }, 
        {"sofa" : 12,  "begin" : 232,  "end" : 239 }, 
        {"sofa" : 12,  "begin" : 240,  "end" : 244 }, 
        {"sofa" : 12,  "begin" : 245,  "end" : 248 }, 
        {"sofa" : 12,  "begin" : 249,  "end" : 260 }, 
        {"sofa" : 12,  "begin" : 261,  "end" : 264 }, 
        {"sofa" : 12,  "begin" : 265,  "end" : 269 }, 
        {"sofa" : 12,  "begin" : 270,  "end" : 271 }, 
        {"sofa" : 12,  "begin" : 272,  "end" : 276 }, 
        {"sofa" : 12,  "begin" : 277,  "end" : 279 }, 
        {"sofa" : 12,  "begin" : 280,  "end" : 287 }, 
        {"sofa" : 12,  "begin" : 288,  "end" : 290 }, 
        {"sofa" : 12,  "begin" : 291,  "end" : 294 }, 
        {"sofa" : 12,  "begin" : 295,  "end" : 298 }, 
        {"sofa" : 12,  "begin" : 299,  "end" : 301 }, 
        {"sofa" : 12,  "begin" : 302,  "end" : 312 }, 
        {"sofa" : 12,  "begin" : 313,  "end" : 317 }, 
        {"sofa" : 12,  "begin" : 318,  "end" : 321 }, 
        {"sofa" : 12,  "begin" : 322,  "end" : 330 }, 
        {"sofa" : 12,  "begin" : 331,  "end" : 332 }, 
        {"sofa" : 12,  "begin" : 333,  "end" : 339 }, 
        {"sofa" : 12,  "begin" : 340,  "end" : 349 }, 
        {"sofa" : 12,  "begin" : 350,  "end" : 353 }, 
        {"sofa" : 12,  "begin" : 354,  "end" : 358 }, 
        {"sofa" : 12,  "begin" : 359,  "end" : 363 }, 
        {"sofa" : 12,  "begin" : 364,  "end" : 375 }, 
        {"sofa" : 12,  "begin" : 376,  "end" : 378 }, 
        {"sofa" : 12,  "begin" : 379,  "end" : 382 }, 
        {"sofa" : 12,  "begin" : 383,  "end" : 388 }, 
        {"sofa" : 12,  "begin" : 389,  "end" : 390 }, 
        {"sofa" : 12,  "begin" : 392,  "end" : 394 }, 
        {"sofa" : 12,  "begin" : 395,  "end" : 403 }, 
        {"sofa" : 12,  "begin" : 404,  "end" : 408 }, 
        {"sofa" : 12,  "begin" : 409,  "end" : 411 }, 
        {"sofa" : 12,  "begin" : 412,  "end" : 415 }, 
        {"sofa" : 12,  "begin" : 416,  "end" : 418 }, 
        {"sofa" : 12,  "begin" : 419,  "end" : 431 }, 
        {"sofa" : 12,  "begin" : 432,  "end" : 438 }, 
        {"sofa" : 12,  "begin" : 439,  "end" : 449 }, 
        {"sofa" : 12,  "begin" : 450,  "end" : 451 }, 
        {"sofa" : 12,  "begin" : 453,  "end" : 456 }, 
        {"sofa" : 12,  "begin" : 457,  "end" : 461 }, 
        {"sofa" : 12,  "begin" : 462,  "end" : 464 }, 
        {"sofa" : 12,  "begin" : 465,  "end" : 478 }, 
        {"sofa" : 12,  "begin" : 479,  "end" : 493 }, 
        {"sofa" : 12,  "begin" : 494,  "end" : 498 }, 
        {"sofa" : 12,  "begin" : 499,  "end" : 508 }, 
        {"sofa" : 12,  "begin" : 509,  "end" : 510 }, 
        {"sofa" : 12,  "begin" : 512,  "end" : 519 }, 
        {"sofa" : 12,  "begin" : 520,  "end" : 529 }, 
        {"sofa" : 12,  "begin" : 530,  "end" : 536 }, 
        {"sofa" : 12,  "begin" : 537,  "end" : 540 }, 
        {"sofa" : 12,  "begin" : 541,  "end" : 542 }, 
        {"sofa" : 12,  "begin" : 543,  "end" : 544 }, 
        {"sofa" : 12,  "begin" : 545,  "end" : 546 }, 
        {"sofa" : 12,  "begin" : 547,  "end" : 549 }, 
        {"sofa" : 12,  "begin" : 550,  "end" : 556 }, 
        {"sofa" : 12,  "begin" : 557,  "end" : 565 }, 
        {"sofa" : 12,  "begin" : 566,  "end" : 567 } ], 
      "Eventclauses" : [
        {"sofa" : 12,  "end" : 39,  "EventPolarity" : "EVE negative",  "Prominence" : "Main" }, 
        {"sofa" : 12,  "begin" : 42,  "end" : 66,  "EventPolarity" : "EVE negative",  "Prominence" : "Background" }, 
        {"sofa" : 12,  "begin" : 73,  "end" : 107,  "EventPolarity" : "EVE negative",  "Prominence" : "Background" }, 
        {"sofa" : 12,  "begin" : 111,  "end" : 140,  "EventPolarity" : "EVE negative",  "Prominence" : "Background" }, 
        {"sofa" : 12,  "begin" : 143,  "end" : 228,  "EventPolarity" : "EVE negative",  "Prominence" : "Main" }, 
        {"sofa" : 12,  "begin" : 295,  "end" : 330,  "EventPolarity" : "EVE negative",  "Prominence" : "Background" }, 
        {"sofa" : 12,  "begin" : 333,  "end" : 388,  "EventPolarity" : "EVE negative",  "Prominence" : "Background" }, 
        {"sofa" : 12,  "begin" : 392,  "end" : 449,  "EventPolarity" : "EVE negative",  "Prominence" : "Background" }, 
        {"sofa" : 12,  "begin" : 512,  "end" : 565,  "EventPolarity" : "EVE negative",  "Prominence" : "Background" } ] } }, 
  "_referenced_fss" : {
    "12" : {"_type" : "Sofa",  "sofaNum" : 1,  "sofaID" : "_InitialView",  "mimeType" : "text",  "sofaString" : "Annulaties komen weer binnen bij B & Bs : Wij zitten in de afgrond\n Door de verstrenging van de maatregelen en evenementen die niet doorgaan , beginnen de annuleringen ook bij Antwerpse Bed & Breakfasts opnieuw binnen te stromen .\n Massaal zijn die afzeggingen nog niet , maar nu geweten is dat ook de kerstmarkt niet zal doorgaan , vrezen uitbaters dat daar snel verandering in zal komen .\n De grootste zorg is dat de Nederlanders zullen wegblijven .\n Zij zijn de belangrijkste toeristengroep voor Antwerpen .\n Sommige uitbaters vrezen hun B & B te moeten verkopen .\n " } } }