{"_context" : {
    "_types" : {
      "DocumentMetaData" : {
        "_feature_types" : {"sofa" : "_ref" } }, 
      "Eventclauses" : {
        "_feature_types" : {"sofa" : "_ref",  "Arguments" : "_ref",  "Polarity" : "_ref",  "PolarityTrigger" : "_ref",  "Sameclause" : "_ref" } }, 
      "Sentence" : {
        "_feature_types" : {"sofa" : "_ref" } }, 
      "Sofa" : {
        "_feature_types" : {"sofaArray" : "_ref" } }, 
      "TagsetDescription" : {
        "_feature_types" : {"sofa" : "_ref",  "tags" : "_ref" } }, 
      "Token" : {
        "_feature_types" : {"sofa" : "_ref",  "parent" : "_ref",  "lemma" : "_ref",  "stem" : "_ref",  "pos" : "_ref",  "morph" : "_ref",  "form" : "_ref" } }, 
      "DocumentAnnotation" : {
        "_feature_types" : {"sofa" : "_ref" }, 
        "_subtypes" : ["DocumentMetaData" ] }, 
      "Annotation" : {
        "_feature_types" : {"sofa" : "_ref" }, 
        "_subtypes" : ["DocumentAnnotation",  "Eventclauses",  "Sentence",  "TagsetDescription",  "Token" ] }, 
      "AnnotationBase" : {
        "_feature_types" : {"sofa" : "_ref" }, 
        "_subtypes" : ["Annotation" ] }, 
      "TOP" : {
        "_subtypes" : ["AnnotationBase",  "Sofa" ] } } }, 
  "_views" : {
    "_InitialView" : {
      "DocumentMetaData" : [
        {"sofa" : 12,  "end" : 270,  "language" : "x-unspecified",  "documentTitle" : "dmf20211114_95146767.txt",  "documentId" : "WoutBoven",  "documentUri" : "file:/export/repository/project/114/document/44349/source/WoutBoven",  "collectionId" : "file:/export/repository/project/114/document/44349/source/",  "documentBaseUri" : "file:/export/repository/project/114/document/44349/source/",  "isLastSegment" : false } ], 
      "TagsetDescription" : [
        {"sofa" : 12,  "layer" : "de.tudarmstadt.ukp.dkpro.core.api.syntax.type.dependency.Dependency",  "name" : "UD Universal Dependencies",  "input" : false }, 
        {"sofa" : 12,  "layer" : "webanno.custom.Entities",  "name" : "Entity - mention level types",  "input" : false }, 
        {"sofa" : 12,  "layer" : "webanno.custom.Eventclauses",  "name" : "Event - tense",  "input" : false }, 
        {"sofa" : 12,  "layer" : "webanno.custom.Eventsarguments",  "name" : "eventdna_argument_entities_(auto)",  "input" : false }, 
        {"sofa" : 12,  "layer" : "webanno.custom.Namedentities",  "name" : "NE types",  "input" : false }, 
        {"sofa" : 12,  "layer" : "webanno.custom.EntitiesLETSpreanno",  "name" : "Named entity - types",  "input" : false }, 
        {"sofa" : 12,  "layer" : "de.tudarmstadt.ukp.dkpro.core.api.transform.type.SofaChangeAnnotation",  "name" : "Operation",  "input" : false }, 
        {"sofa" : 12,  "layer" : "de.tudarmstadt.ukp.dkpro.core.api.lexmorph.type.pos.POS",  "name" : "UD Universal POS tags",  "input" : false }, 
        {"sofa" : 12,  "layer" : "webanno.custom.Polaritytriggers",  "name" : "Polarity",  "input" : false }, 
        {"sofa" : 12,  "layer" : "de.tudarmstadt.ukp.dkpro.core.api.segmentation.type.SurfaceForm",  "name" : "Named Entity tags",  "input" : false } ], 
      "Sentence" : [
        {"sofa" : 12,  "end" : 50 }, 
        {"sofa" : 12,  "begin" : 52,  "end" : 206 }, 
        {"sofa" : 12,  "begin" : 208,  "end" : 268 } ], 
      "Token" : [
        {"sofa" : 12,  "end" : 5 }, 
        {"sofa" : 12,  "begin" : 6,  "end" : 9 }, 
        {"sofa" : 12,  "begin" : 10,  "end" : 15 }, 
        {"sofa" : 12,  "begin" : 16,  "end" : 24 }, 
        {"sofa" : 12,  "begin" : 25,  "end" : 32 }, 
        {"sofa" : 12,  "begin" : 33,  "end" : 35 }, 
        {"sofa" : 12,  "begin" : 36,  "end" : 50 }, 
        {"sofa" : 12,  "begin" : 52,  "end" : 56 }, 
        {"sofa" : 12,  "begin" : 57,  "end" : 58 }, 
        {"sofa" : 12,  "begin" : 58,  "end" : 69 }, 
        {"sofa" : 12,  "begin" : 70,  "end" : 85 }, 
        {"sofa" : 12,  "begin" : 85,  "end" : 86 }, 
        {"sofa" : 12,  "begin" : 87,  "end" : 92 }, 
        {"sofa" : 12,  "begin" : 93,  "end" : 97 }, 
        {"sofa" : 12,  "begin" : 98,  "end" : 106 }, 
        {"sofa" : 12,  "begin" : 107,  "end" : 111 }, 
        {"sofa" : 12,  "begin" : 112,  "end" : 122 }, 
        {"sofa" : 12,  "begin" : 123,  "end" : 132 }, 
        {"sofa" : 12,  "begin" : 133,  "end" : 136 }, 
        {"sofa" : 12,  "begin" : 137,  "end" : 141 }, 
        {"sofa" : 12,  "begin" : 142,  "end" : 152 }, 
        {"sofa" : 12,  "begin" : 153,  "end" : 163 }, 
        {"sofa" : 12,  "begin" : 164,  "end" : 165 }, 
        {"sofa" : 12,  "begin" : 166,  "end" : 170 }, 
        {"sofa" : 12,  "begin" : 171,  "end" : 187 }, 
        {"sofa" : 12,  "begin" : 188,  "end" : 193 }, 
        {"sofa" : 12,  "begin" : 194,  "end" : 195 }, 
        {"sofa" : 12,  "begin" : 196,  "end" : 198 }, 
        {"sofa" : 12,  "begin" : 199,  "end" : 200 }, 
        {"sofa" : 12,  "begin" : 201,  "end" : 202 }, 
        {"sofa" : 12,  "begin" : 203,  "end" : 204 }, 
        {"sofa" : 12,  "begin" : 205,  "end" : 206 }, 
        {"sofa" : 12,  "begin" : 208,  "end" : 211 }, 
        {"sofa" : 12,  "begin" : 212,  "end" : 217 }, 
        {"sofa" : 12,  "begin" : 218,  "end" : 221 }, 
        {"sofa" : 12,  "begin" : 222,  "end" : 225 }, 
        {"sofa" : 12,  "begin" : 226,  "end" : 231 }, 
        {"sofa" : 12,  "begin" : 232,  "end" : 240 }, 
        {"sofa" : 12,  "begin" : 241,  "end" : 248 }, 
        {"sofa" : 12,  "begin" : 249,  "end" : 251 }, 
        {"sofa" : 12,  "begin" : 252,  "end" : 266 }, 
        {"sofa" : 12,  "begin" : 267,  "end" : 268 } ], 
      "Eventclauses" : [
        {"sofa" : 12,  "end" : 32,  "EventPolarity" : "EVE positive",  "Prominence" : "Main" }, 
        {"sofa" : 12,  "begin" : 52,  "end" : 163,  "EventPolarity" : "EVE negative",  "Prominence" : "Background" }, 
        {"sofa" : 12,  "begin" : 208,  "end" : 248,  "EventPolarity" : "EVE positive",  "Prominence" : "Main" } ] } }, 
  "_referenced_fss" : {
    "12" : {"_type" : "Sofa",  "sofaNum" : 1,  "sofaID" : "_InitialView",  "mimeType" : "text",  "sofaString" : "Mahdi wil nieuw gesloten centrum in Steenokkerzeel\n Zijn ' aanklampend terugkeerbeleid ' vergt meer plaatsen voor uitgewezen migranten die niét vrijwillig terugkeren , zegt staatssecretaris Mahdi ( CD & V ) .\n Hij denkt aan een nieuw gesloten centrum in Steenokkerzeel .\n " } } }
