{"_context" : {
    "_types" : {
      "DocumentMetaData" : {
        "_feature_types" : {"sofa" : "_ref" } }, 
      "Eventclauses" : {
        "_feature_types" : {"sofa" : "_ref",  "Arguments" : "_ref",  "Polarity" : "_ref",  "PolarityTrigger" : "_ref",  "Sameclause" : "_ref" } }, 
      "Sentence" : {
        "_feature_types" : {"sofa" : "_ref" } }, 
      "Sofa" : {
        "_feature_types" : {"sofaArray" : "_ref" } }, 
      "TagsetDescription" : {
        "_feature_types" : {"sofa" : "_ref",  "tags" : "_ref" } }, 
      "Token" : {
        "_feature_types" : {"sofa" : "_ref",  "parent" : "_ref",  "lemma" : "_ref",  "stem" : "_ref",  "pos" : "_ref",  "morph" : "_ref",  "form" : "_ref" } }, 
      "DocumentAnnotation" : {
        "_feature_types" : {"sofa" : "_ref" }, 
        "_subtypes" : ["DocumentMetaData" ] }, 
      "Annotation" : {
        "_feature_types" : {"sofa" : "_ref" }, 
        "_subtypes" : ["DocumentAnnotation",  "Eventclauses",  "Sentence",  "TagsetDescription",  "Token" ] }, 
      "AnnotationBase" : {
        "_feature_types" : {"sofa" : "_ref" }, 
        "_subtypes" : ["Annotation" ] }, 
      "TOP" : {
        "_subtypes" : ["AnnotationBase",  "Sofa" ] } } }, 
  "_views" : {
    "_InitialView" : {
      "DocumentMetaData" : [
        {"sofa" : 12,  "end" : 218,  "language" : "x-unspecified",  "documentTitle" : "dmf20211108_93683863.txt",  "documentId" : "WoutBoven",  "documentUri" : "file:/export/repository/project/114/document/44391/source/WoutBoven",  "collectionId" : "file:/export/repository/project/114/document/44391/source/",  "documentBaseUri" : "file:/export/repository/project/114/document/44391/source/",  "isLastSegment" : false } ], 
      "TagsetDescription" : [
        {"sofa" : 12,  "layer" : "de.tudarmstadt.ukp.dkpro.core.api.syntax.type.dependency.Dependency",  "name" : "UD Universal Dependencies",  "input" : false }, 
        {"sofa" : 12,  "layer" : "webanno.custom.Entities",  "name" : "Entity - mention level types",  "input" : false }, 
        {"sofa" : 12,  "layer" : "webanno.custom.Eventclauses",  "name" : "Event - tense",  "input" : false }, 
        {"sofa" : 12,  "layer" : "webanno.custom.Eventsarguments",  "name" : "eventdna_argument_entities_(auto)",  "input" : false }, 
        {"sofa" : 12,  "layer" : "webanno.custom.Namedentities",  "name" : "NE types",  "input" : false }, 
        {"sofa" : 12,  "layer" : "webanno.custom.EntitiesLETSpreanno",  "name" : "Named entity - types",  "input" : false }, 
        {"sofa" : 12,  "layer" : "de.tudarmstadt.ukp.dkpro.core.api.transform.type.SofaChangeAnnotation",  "name" : "Operation",  "input" : false }, 
        {"sofa" : 12,  "layer" : "de.tudarmstadt.ukp.dkpro.core.api.lexmorph.type.pos.POS",  "name" : "UD Universal POS tags",  "input" : false }, 
        {"sofa" : 12,  "layer" : "webanno.custom.Polaritytriggers",  "name" : "Polarity",  "input" : false }, 
        {"sofa" : 12,  "layer" : "de.tudarmstadt.ukp.dkpro.core.api.segmentation.type.SurfaceForm",  "name" : "Named Entity tags",  "input" : false } ], 
      "Sentence" : [
        {"sofa" : 12,  "end" : 55 }, 
        {"sofa" : 12,  "begin" : 57,  "end" : 216 } ], 
      "Token" : [
        {"sofa" : 12,  "end" : 10 }, 
        {"sofa" : 12,  "begin" : 11,  "end" : 25 }, 
        {"sofa" : 12,  "begin" : 26,  "end" : 30 }, 
        {"sofa" : 12,  "begin" : 31,  "end" : 38 }, 
        {"sofa" : 12,  "begin" : 39,  "end" : 42 }, 
        {"sofa" : 12,  "begin" : 43,  "end" : 55 }, 
        {"sofa" : 12,  "begin" : 57,  "end" : 59 }, 
        {"sofa" : 12,  "begin" : 60,  "end" : 70 }, 
        {"sofa" : 12,  "begin" : 71,  "end" : 81 }, 
        {"sofa" : 12,  "begin" : 82,  "end" : 86 }, 
        {"sofa" : 12,  "begin" : 87,  "end" : 101 }, 
        {"sofa" : 12,  "begin" : 102,  "end" : 104 }, 
        {"sofa" : 12,  "begin" : 105,  "end" : 114 }, 
        {"sofa" : 12,  "begin" : 115,  "end" : 119 }, 
        {"sofa" : 12,  "begin" : 120,  "end" : 122 }, 
        {"sofa" : 12,  "begin" : 123,  "end" : 132 }, 
        {"sofa" : 12,  "begin" : 133,  "end" : 135 }, 
        {"sofa" : 12,  "begin" : 136,  "end" : 144 }, 
        {"sofa" : 12,  "begin" : 145,  "end" : 147 }, 
        {"sofa" : 12,  "begin" : 148,  "end" : 151 }, 
        {"sofa" : 12,  "begin" : 152,  "end" : 159 }, 
        {"sofa" : 12,  "begin" : 160,  "end" : 163 }, 
        {"sofa" : 12,  "begin" : 164,  "end" : 167 }, 
        {"sofa" : 12,  "begin" : 168,  "end" : 186 }, 
        {"sofa" : 12,  "begin" : 187,  "end" : 189 }, 
        {"sofa" : 12,  "begin" : 190,  "end" : 192 }, 
        {"sofa" : 12,  "begin" : 193,  "end" : 214 }, 
        {"sofa" : 12,  "begin" : 215,  "end" : 216 } ], 
      "Eventclauses" : [
        {"sofa" : 12,  "end" : 55,  "EventPolarity" : "EVE positive",  "Prominence" : "Main" }, 
        {"sofa" : 12,  "begin" : 57,  "end" : 186,  "EventPolarity" : "EVE positive",  "Prominence" : "Background" } ] } }, 
  "_referenced_fss" : {
    "12" : {"_type" : "Sofa",  "sofaNum" : 1,  "sofaID" : "_InitialView",  "mimeType" : "text",  "sofaString" : "Herdenking Wapenstilstand gaat gepaard met bloemenhulde\n De jaarlijkse herdenking voor Wapenstilstand in Vosselaar gaat op donderdag 11 november om 11u gepaard met een eucharistieviering in de Onze-Lieve-Vrouwekerk .\n " } } }