{"_context" : {
    "_types" : {
      "DocumentMetaData" : {
        "_feature_types" : {"sofa" : "_ref" } }, 
      "Eventclauses" : {
        "_feature_types" : {"sofa" : "_ref",  "Arguments" : "_ref",  "Polarity" : "_ref",  "PolarityTrigger" : "_ref",  "Sameclause" : "_ref" } }, 
      "Sentence" : {
        "_feature_types" : {"sofa" : "_ref" } }, 
      "Sofa" : {
        "_feature_types" : {"sofaArray" : "_ref" } }, 
      "TagsetDescription" : {
        "_feature_types" : {"sofa" : "_ref",  "tags" : "_ref" } }, 
      "Token" : {
        "_feature_types" : {"sofa" : "_ref",  "parent" : "_ref",  "lemma" : "_ref",  "stem" : "_ref",  "pos" : "_ref",  "morph" : "_ref",  "form" : "_ref" } }, 
      "DocumentAnnotation" : {
        "_feature_types" : {"sofa" : "_ref" }, 
        "_subtypes" : ["DocumentMetaData" ] }, 
      "Annotation" : {
        "_feature_types" : {"sofa" : "_ref" }, 
        "_subtypes" : ["DocumentAnnotation",  "Eventclauses",  "Sentence",  "TagsetDescription",  "Token" ] }, 
      "AnnotationBase" : {
        "_feature_types" : {"sofa" : "_ref" }, 
        "_subtypes" : ["Annotation" ] }, 
      "TOP" : {
        "_subtypes" : ["AnnotationBase",  "Sofa" ] } } }, 
  "_views" : {
    "_InitialView" : {
      "DocumentMetaData" : [
        {"sofa" : 12,  "end" : 503,  "language" : "x-unspecified",  "documentTitle" : "dmf20211120_92414507.txt",  "documentId" : "WoutBoven",  "documentUri" : "file:/export/repository/project/114/document/44302/source/WoutBoven",  "collectionId" : "file:/export/repository/project/114/document/44302/source/",  "documentBaseUri" : "file:/export/repository/project/114/document/44302/source/",  "isLastSegment" : false } ], 
      "TagsetDescription" : [
        {"sofa" : 12,  "layer" : "de.tudarmstadt.ukp.dkpro.core.api.syntax.type.dependency.Dependency",  "name" : "UD Universal Dependencies",  "input" : false }, 
        {"sofa" : 12,  "layer" : "webanno.custom.Entities",  "name" : "Entity - mention level types",  "input" : false }, 
        {"sofa" : 12,  "layer" : "webanno.custom.Eventclauses",  "name" : "Event - tense",  "input" : false }, 
        {"sofa" : 12,  "layer" : "webanno.custom.Eventsarguments",  "name" : "eventdna_argument_entities_(auto)",  "input" : false }, 
        {"sofa" : 12,  "layer" : "webanno.custom.Namedentities",  "name" : "NE types",  "input" : false }, 
        {"sofa" : 12,  "layer" : "webanno.custom.EntitiesLETSpreanno",  "name" : "Named entity - types",  "input" : false }, 
        {"sofa" : 12,  "layer" : "de.tudarmstadt.ukp.dkpro.core.api.transform.type.SofaChangeAnnotation",  "name" : "Operation",  "input" : false }, 
        {"sofa" : 12,  "layer" : "de.tudarmstadt.ukp.dkpro.core.api.lexmorph.type.pos.POS",  "name" : "UD Universal POS tags",  "input" : false }, 
        {"sofa" : 12,  "layer" : "webanno.custom.Polaritytriggers",  "name" : "Polarity",  "input" : false }, 
        {"sofa" : 12,  "layer" : "de.tudarmstadt.ukp.dkpro.core.api.segmentation.type.SurfaceForm",  "name" : "Named Entity tags",  "input" : false } ], 
      "Sentence" : [
        {"sofa" : 12,  "end" : 111 }, 
        {"sofa" : 12,  "begin" : 113,  "end" : 182 }, 
        {"sofa" : 12,  "begin" : 184,  "end" : 261 }, 
        {"sofa" : 12,  "begin" : 263,  "end" : 289 }, 
        {"sofa" : 12,  "begin" : 291,  "end" : 395 }, 
        {"sofa" : 12,  "begin" : 397,  "end" : 501 } ], 
      "Token" : [
        {"sofa" : 12,  "end" : 4 }, 
        {"sofa" : 12,  "begin" : 5,  "end" : 9 }, 
        {"sofa" : 12,  "begin" : 10,  "end" : 12 }, 
        {"sofa" : 12,  "begin" : 13,  "end" : 18 }, 
        {"sofa" : 12,  "begin" : 19,  "end" : 22 }, 
        {"sofa" : 12,  "begin" : 23,  "end" : 28 }, 
        {"sofa" : 12,  "begin" : 29,  "end" : 35 }, 
        {"sofa" : 12,  "begin" : 36,  "end" : 37 }, 
        {"sofa" : 12,  "begin" : 38,  "end" : 40 }, 
        {"sofa" : 12,  "begin" : 41,  "end" : 47 }, 
        {"sofa" : 12,  "begin" : 48,  "end" : 53 }, 
        {"sofa" : 12,  "begin" : 54,  "end" : 60 }, 
        {"sofa" : 12,  "begin" : 61,  "end" : 65 }, 
        {"sofa" : 12,  "begin" : 66,  "end" : 70 }, 
        {"sofa" : 12,  "begin" : 71,  "end" : 73 }, 
        {"sofa" : 12,  "begin" : 74,  "end" : 80 }, 
        {"sofa" : 12,  "begin" : 81,  "end" : 85 }, 
        {"sofa" : 12,  "begin" : 86,  "end" : 102 }, 
        {"sofa" : 12,  "begin" : 103,  "end" : 111 }, 
        {"sofa" : 12,  "begin" : 113,  "end" : 122 }, 
        {"sofa" : 12,  "begin" : 123,  "end" : 128 }, 
        {"sofa" : 12,  "begin" : 129,  "end" : 131 }, 
        {"sofa" : 12,  "begin" : 132,  "end" : 138 }, 
        {"sofa" : 12,  "begin" : 139,  "end" : 142 }, 
        {"sofa" : 12,  "begin" : 143,  "end" : 149 }, 
        {"sofa" : 12,  "begin" : 150,  "end" : 151 }, 
        {"sofa" : 12,  "begin" : 152,  "end" : 155 }, 
        {"sofa" : 12,  "begin" : 156,  "end" : 158 }, 
        {"sofa" : 12,  "begin" : 159,  "end" : 162 }, 
        {"sofa" : 12,  "begin" : 163,  "end" : 172 }, 
        {"sofa" : 12,  "begin" : 173,  "end" : 175 }, 
        {"sofa" : 12,  "begin" : 176,  "end" : 180 }, 
        {"sofa" : 12,  "begin" : 181,  "end" : 182 }, 
        {"sofa" : 12,  "begin" : 184,  "end" : 189 }, 
        {"sofa" : 12,  "begin" : 190,  "end" : 193 }, 
        {"sofa" : 12,  "begin" : 194,  "end" : 196 }, 
        {"sofa" : 12,  "begin" : 197,  "end" : 202 }, 
        {"sofa" : 12,  "begin" : 203,  "end" : 205 }, 
        {"sofa" : 12,  "begin" : 206,  "end" : 208 }, 
        {"sofa" : 12,  "begin" : 209,  "end" : 212 }, 
        {"sofa" : 12,  "begin" : 213,  "end" : 221 }, 
        {"sofa" : 12,  "begin" : 222,  "end" : 224 }, 
        {"sofa" : 12,  "begin" : 225,  "end" : 229 }, 
        {"sofa" : 12,  "begin" : 230,  "end" : 233 }, 
        {"sofa" : 12,  "begin" : 234,  "end" : 244 }, 
        {"sofa" : 12,  "begin" : 245,  "end" : 253 }, 
        {"sofa" : 12,  "begin" : 254,  "end" : 259 }, 
        {"sofa" : 12,  "begin" : 260,  "end" : 261 }, 
        {"sofa" : 12,  "begin" : 263,  "end" : 269 }, 
        {"sofa" : 12,  "begin" : 270,  "end" : 272 }, 
        {"sofa" : 12,  "begin" : 273,  "end" : 276 }, 
        {"sofa" : 12,  "begin" : 277,  "end" : 287 }, 
        {"sofa" : 12,  "begin" : 288,  "end" : 289 }, 
        {"sofa" : 12,  "begin" : 291,  "end" : 296 }, 
        {"sofa" : 12,  "begin" : 297,  "end" : 301 }, 
        {"sofa" : 12,  "begin" : 302,  "end" : 308 }, 
        {"sofa" : 12,  "begin" : 309,  "end" : 316 }, 
        {"sofa" : 12,  "begin" : 317,  "end" : 318 }, 
        {"sofa" : 12,  "begin" : 319,  "end" : 328 }, 
        {"sofa" : 12,  "begin" : 329,  "end" : 331 }, 
        {"sofa" : 12,  "begin" : 332,  "end" : 336 }, 
        {"sofa" : 12,  "begin" : 337,  "end" : 341 }, 
        {"sofa" : 12,  "begin" : 342,  "end" : 346 }, 
        {"sofa" : 12,  "begin" : 347,  "end" : 349 }, 
        {"sofa" : 12,  "begin" : 350,  "end" : 357 }, 
        {"sofa" : 12,  "begin" : 358,  "end" : 363 }, 
        {"sofa" : 12,  "begin" : 364,  "end" : 366 }, 
        {"sofa" : 12,  "begin" : 367,  "end" : 373 }, 
        {"sofa" : 12,  "begin" : 374,  "end" : 375 }, 
        {"sofa" : 12,  "begin" : 376,  "end" : 380 }, 
        {"sofa" : 12,  "begin" : 381,  "end" : 385 }, 
        {"sofa" : 12,  "begin" : 386,  "end" : 393 }, 
        {"sofa" : 12,  "begin" : 394,  "end" : 395 }, 
        {"sofa" : 12,  "begin" : 397,  "end" : 411 }, 
        {"sofa" : 12,  "begin" : 412,  "end" : 416 }, 
        {"sofa" : 12,  "begin" : 417,  "end" : 422 }, 
        {"sofa" : 12,  "begin" : 423,  "end" : 430 }, 
        {"sofa" : 12,  "begin" : 431,  "end" : 433 }, 
        {"sofa" : 12,  "begin" : 434,  "end" : 437 }, 
        {"sofa" : 12,  "begin" : 438,  "end" : 447 }, 
        {"sofa" : 12,  "begin" : 448,  "end" : 450 }, 
        {"sofa" : 12,  "begin" : 451,  "end" : 456 }, 
        {"sofa" : 12,  "begin" : 457,  "end" : 460 }, 
        {"sofa" : 12,  "begin" : 461,  "end" : 466 }, 
        {"sofa" : 12,  "begin" : 467,  "end" : 473 }, 
        {"sofa" : 12,  "begin" : 474,  "end" : 478 }, 
        {"sofa" : 12,  "begin" : 479,  "end" : 487 }, 
        {"sofa" : 12,  "begin" : 488,  "end" : 499 }, 
        {"sofa" : 12,  "begin" : 500,  "end" : 501 } ], 
      "Eventclauses" : [
        {"sofa" : 12,  "end" : 35,  "EventPolarity" : "EVE neutral",  "Prominence" : "Main" }, 
        {"sofa" : 12,  "begin" : 184,  "end" : 259,  "EventPolarity" : "EVE neutral",  "Prominence" : "Background" }, 
        {"sofa" : 12,  "begin" : 291,  "end" : 373,  "EventPolarity" : "EVE neutral",  "Prominence" : "Background" }, 
        {"sofa" : 12,  "begin" : 397,  "end" : 499,  "EventPolarity" : "EVE neutral",  "Prominence" : "Background" } ] } }, 
  "_referenced_fss" : {
    "12" : {"_type" : "Sofa",  "sofaNum" : 1,  "sofaID" : "_InitialView",  "mimeType" : "text",  "sofaString" : "Hier gaan ze zelfs BVs thuis testen : We moeten super streng zijn want we kunnen geen coronabesmetting riskeren\n Televisie maken in tijden van corona : het is een uitdaging op zich .\n Zeker als er zoals in de AED Studio's in Lint zes producties tegelijk lopen .\n Testen is het toverwoord .\n 4.500 keer lieten acteurs , artiesten en crew zich daar de jongste weken al testen , elke keer opnieuw .\n Internationale show zoals Holiday On Ice creëerden er zelfs hun eigen bubbel voor zeventig medewerkers .\n " } } }