{"_context" : {
    "_types" : {
      "DocumentMetaData" : {
        "_feature_types" : {"sofa" : "_ref" } }, 
      "Eventclauses" : {
        "_feature_types" : {"sofa" : "_ref",  "Arguments" : "_ref",  "Polarity" : "_ref",  "PolarityTrigger" : "_ref",  "Sameclause" : "_ref" } }, 
      "Sentence" : {
        "_feature_types" : {"sofa" : "_ref" } }, 
      "Sofa" : {
        "_feature_types" : {"sofaArray" : "_ref" } }, 
      "TagsetDescription" : {
        "_feature_types" : {"sofa" : "_ref",  "tags" : "_ref" } }, 
      "Token" : {
        "_feature_types" : {"sofa" : "_ref",  "parent" : "_ref",  "lemma" : "_ref",  "stem" : "_ref",  "pos" : "_ref",  "morph" : "_ref",  "form" : "_ref" } }, 
      "DocumentAnnotation" : {
        "_feature_types" : {"sofa" : "_ref" }, 
        "_subtypes" : ["DocumentMetaData" ] }, 
      "Annotation" : {
        "_feature_types" : {"sofa" : "_ref" }, 
        "_subtypes" : ["DocumentAnnotation",  "Eventclauses",  "Sentence",  "TagsetDescription",  "Token" ] }, 
      "AnnotationBase" : {
        "_feature_types" : {"sofa" : "_ref" }, 
        "_subtypes" : ["Annotation" ] }, 
      "TOP" : {
        "_subtypes" : ["AnnotationBase",  "Sofa" ] } } }, 
  "_views" : {
    "_InitialView" : {
      "DocumentMetaData" : [
        {"sofa" : 12,  "end" : 373,  "language" : "x-unspecified",  "documentTitle" : "dmf20211128_96719421.txt",  "documentId" : "WoutBoven",  "documentUri" : "file:/export/repository/project/114/document/44241/source/WoutBoven",  "collectionId" : "file:/export/repository/project/114/document/44241/source/",  "documentBaseUri" : "file:/export/repository/project/114/document/44241/source/",  "isLastSegment" : false } ], 
      "TagsetDescription" : [
        {"sofa" : 12,  "layer" : "de.tudarmstadt.ukp.dkpro.core.api.syntax.type.dependency.Dependency",  "name" : "UD Universal Dependencies",  "input" : false }, 
        {"sofa" : 12,  "layer" : "webanno.custom.Entities",  "name" : "Entity - mention level types",  "input" : false }, 
        {"sofa" : 12,  "layer" : "webanno.custom.Eventclauses",  "name" : "Event - tense",  "input" : false }, 
        {"sofa" : 12,  "layer" : "webanno.custom.Eventsarguments",  "name" : "eventdna_argument_entities_(auto)",  "input" : false }, 
        {"sofa" : 12,  "layer" : "webanno.custom.Namedentities",  "name" : "NE types",  "input" : false }, 
        {"sofa" : 12,  "layer" : "webanno.custom.EntitiesLETSpreanno",  "name" : "Named entity - types",  "input" : false }, 
        {"sofa" : 12,  "layer" : "de.tudarmstadt.ukp.dkpro.core.api.transform.type.SofaChangeAnnotation",  "name" : "Operation",  "input" : false }, 
        {"sofa" : 12,  "layer" : "de.tudarmstadt.ukp.dkpro.core.api.lexmorph.type.pos.POS",  "name" : "UD Universal POS tags",  "input" : false }, 
        {"sofa" : 12,  "layer" : "webanno.custom.Polaritytriggers",  "name" : "Polarity",  "input" : false }, 
        {"sofa" : 12,  "layer" : "de.tudarmstadt.ukp.dkpro.core.api.segmentation.type.SurfaceForm",  "name" : "Named Entity tags",  "input" : false } ], 
      "Sentence" : [
        {"sofa" : 12,  "end" : 85 }, 
        {"sofa" : 12,  "begin" : 87,  "end" : 291 }, 
        {"sofa" : 12,  "begin" : 293,  "end" : 371 } ], 
      "Token" : [
        {"sofa" : 12,  "end" : 12 }, 
        {"sofa" : 12,  "begin" : 13,  "end" : 30 }, 
        {"sofa" : 12,  "begin" : 31,  "end" : 33 }, 
        {"sofa" : 12,  "begin" : 34,  "end" : 46 }, 
        {"sofa" : 12,  "begin" : 47,  "end" : 52 }, 
        {"sofa" : 12,  "begin" : 53,  "end" : 59 }, 
        {"sofa" : 12,  "begin" : 60,  "end" : 62 }, 
        {"sofa" : 12,  "begin" : 63,  "end" : 69 }, 
        {"sofa" : 12,  "begin" : 70,  "end" : 75 }, 
        {"sofa" : 12,  "begin" : 76,  "end" : 85 }, 
        {"sofa" : 12,  "begin" : 87,  "end" : 91 }, 
        {"sofa" : 12,  "begin" : 92,  "end" : 100 }, 
        {"sofa" : 12,  "begin" : 101,  "end" : 114 }, 
        {"sofa" : 12,  "begin" : 115,  "end" : 118 }, 
        {"sofa" : 12,  "begin" : 119,  "end" : 124 }, 
        {"sofa" : 12,  "begin" : 125,  "end" : 129 }, 
        {"sofa" : 12,  "begin" : 130,  "end" : 139 }, 
        {"sofa" : 12,  "begin" : 140,  "end" : 142 }, 
        {"sofa" : 12,  "begin" : 143,  "end" : 149 }, 
        {"sofa" : 12,  "begin" : 150,  "end" : 160 }, 
        {"sofa" : 12,  "begin" : 161,  "end" : 166 }, 
        {"sofa" : 12,  "begin" : 167,  "end" : 173 }, 
        {"sofa" : 12,  "begin" : 174,  "end" : 178 }, 
        {"sofa" : 12,  "begin" : 179,  "end" : 182 }, 
        {"sofa" : 12,  "begin" : 183,  "end" : 186 }, 
        {"sofa" : 12,  "begin" : 187,  "end" : 201 }, 
        {"sofa" : 12,  "begin" : 202,  "end" : 205 }, 
        {"sofa" : 12,  "begin" : 206,  "end" : 219 }, 
        {"sofa" : 12,  "begin" : 220,  "end" : 221 }, 
        {"sofa" : 12,  "begin" : 222,  "end" : 224 }, 
        {"sofa" : 12,  "begin" : 225,  "end" : 242 }, 
        {"sofa" : 12,  "begin" : 243,  "end" : 246 }, 
        {"sofa" : 12,  "begin" : 247,  "end" : 260 }, 
        {"sofa" : 12,  "begin" : 261,  "end" : 263 }, 
        {"sofa" : 12,  "begin" : 264,  "end" : 276 }, 
        {"sofa" : 12,  "begin" : 277,  "end" : 289 }, 
        {"sofa" : 12,  "begin" : 290,  "end" : 291 }, 
        {"sofa" : 12,  "begin" : 293,  "end" : 295 }, 
        {"sofa" : 12,  "begin" : 296,  "end" : 308 }, 
        {"sofa" : 12,  "begin" : 309,  "end" : 315 }, 
        {"sofa" : 12,  "begin" : 316,  "end" : 323 }, 
        {"sofa" : 12,  "begin" : 324,  "end" : 326 }, 
        {"sofa" : 12,  "begin" : 327,  "end" : 334 }, 
        {"sofa" : 12,  "begin" : 335,  "end" : 338 }, 
        {"sofa" : 12,  "begin" : 339,  "end" : 342 }, 
        {"sofa" : 12,  "begin" : 343,  "end" : 347 }, 
        {"sofa" : 12,  "begin" : 348,  "end" : 354 }, 
        {"sofa" : 12,  "begin" : 355,  "end" : 357 }, 
        {"sofa" : 12,  "begin" : 358,  "end" : 369 }, 
        {"sofa" : 12,  "begin" : 370,  "end" : 371 } ], 
      "Eventclauses" : [
        {"sofa" : 12,  "end" : 85,  "EventPolarity" : "EVE positive",  "Prominence" : "Main" }, 
        {"sofa" : 12,  "begin" : 87,  "end" : 201,  "EventPolarity" : "EVE positive",  "Prominence" : "Main" } ] } }, 
  "_referenced_fss" : {
    "12" : {"_type" : "Sofa",  "sofaNum" : 1,  "sofaID" : "_InitialView",  "mimeType" : "text",  "sofaString" : "Willebroekse buurtsupermarkten en verenigingen slaan handen in elkaar tegen zwerfvuil\n Zo'n zeventig vrijwilligers van Chiro Vita Blaasveld en Basket Willebroek namen zondag deel aan een zwerfvuilactie van Buurtsuper.be , de Unizo-organisatie van speciaalzaken en zelfstandige supermarkten .\n De verenigingen konden rekenen op cheques van 250 euro namens de organisatie .\n " } } }