{"_context" : {
    "_types" : {
      "DocumentMetaData" : {
        "_feature_types" : {"sofa" : "_ref" } }, 
      "Eventclauses" : {
        "_feature_types" : {"sofa" : "_ref",  "Arguments" : "_ref",  "Polarity" : "_ref",  "PolarityTrigger" : "_ref",  "Sameclause" : "_ref" } }, 
      "Sentence" : {
        "_feature_types" : {"sofa" : "_ref" } }, 
      "Sofa" : {
        "_feature_types" : {"sofaArray" : "_ref" } }, 
      "TagsetDescription" : {
        "_feature_types" : {"sofa" : "_ref",  "tags" : "_ref" } }, 
      "Token" : {
        "_feature_types" : {"sofa" : "_ref",  "parent" : "_ref",  "lemma" : "_ref",  "stem" : "_ref",  "pos" : "_ref",  "morph" : "_ref",  "form" : "_ref" } }, 
      "DocumentAnnotation" : {
        "_feature_types" : {"sofa" : "_ref" }, 
        "_subtypes" : ["DocumentMetaData" ] }, 
      "Annotation" : {
        "_feature_types" : {"sofa" : "_ref" }, 
        "_subtypes" : ["DocumentAnnotation",  "Eventclauses",  "Sentence",  "TagsetDescription",  "Token" ] }, 
      "AnnotationBase" : {
        "_feature_types" : {"sofa" : "_ref" }, 
        "_subtypes" : ["Annotation" ] }, 
      "TOP" : {
        "_subtypes" : ["AnnotationBase",  "Sofa" ] } } }, 
  "_views" : {
    "_InitialView" : {
      "DocumentMetaData" : [
        {"sofa" : 12,  "end" : 249,  "language" : "x-unspecified",  "documentTitle" : "dmf20211109_94268505.txt",  "documentId" : "WoutBoven",  "documentUri" : "file:/export/repository/project/114/document/44376/source/WoutBoven",  "collectionId" : "file:/export/repository/project/114/document/44376/source/",  "documentBaseUri" : "file:/export/repository/project/114/document/44376/source/",  "isLastSegment" : false } ], 
      "TagsetDescription" : [
        {"sofa" : 12,  "layer" : "de.tudarmstadt.ukp.dkpro.core.api.syntax.type.dependency.Dependency",  "name" : "UD Universal Dependencies",  "input" : false }, 
        {"sofa" : 12,  "layer" : "webanno.custom.Entities",  "name" : "Entity - mention level types",  "input" : false }, 
        {"sofa" : 12,  "layer" : "webanno.custom.Eventclauses",  "name" : "Event - tense",  "input" : false }, 
        {"sofa" : 12,  "layer" : "webanno.custom.Eventsarguments",  "name" : "eventdna_argument_entities_(auto)",  "input" : false }, 
        {"sofa" : 12,  "layer" : "webanno.custom.Namedentities",  "name" : "NE types",  "input" : false }, 
        {"sofa" : 12,  "layer" : "webanno.custom.EntitiesLETSpreanno",  "name" : "Named entity - types",  "input" : false }, 
        {"sofa" : 12,  "layer" : "de.tudarmstadt.ukp.dkpro.core.api.transform.type.SofaChangeAnnotation",  "name" : "Operation",  "input" : false }, 
        {"sofa" : 12,  "layer" : "de.tudarmstadt.ukp.dkpro.core.api.lexmorph.type.pos.POS",  "name" : "UD Universal POS tags",  "input" : false }, 
        {"sofa" : 12,  "layer" : "webanno.custom.Polaritytriggers",  "name" : "Polarity",  "input" : false }, 
        {"sofa" : 12,  "layer" : "de.tudarmstadt.ukp.dkpro.core.api.segmentation.type.SurfaceForm",  "name" : "Named Entity tags",  "input" : false } ], 
      "Sentence" : [
        {"sofa" : 12,  "end" : 56 }, 
        {"sofa" : 12,  "begin" : 58,  "end" : 186 }, 
        {"sofa" : 12,  "begin" : 188,  "end" : 247 } ], 
      "Token" : [
        {"sofa" : 12,  "end" : 10 }, 
        {"sofa" : 12,  "begin" : 11,  "end" : 17 }, 
        {"sofa" : 12,  "begin" : 18,  "end" : 24 }, 
        {"sofa" : 12,  "begin" : 25,  "end" : 31 }, 
        {"sofa" : 12,  "begin" : 32,  "end" : 38 }, 
        {"sofa" : 12,  "begin" : 39,  "end" : 41 }, 
        {"sofa" : 12,  "begin" : 42,  "end" : 56 }, 
        {"sofa" : 12,  "begin" : 58,  "end" : 63 }, 
        {"sofa" : 12,  "begin" : 64,  "end" : 67 }, 
        {"sofa" : 12,  "begin" : 68,  "end" : 75 }, 
        {"sofa" : 12,  "begin" : 76,  "end" : 77 }, 
        {"sofa" : 12,  "begin" : 78,  "end" : 80 }, 
        {"sofa" : 12,  "begin" : 81,  "end" : 82 }, 
        {"sofa" : 12,  "begin" : 83,  "end" : 85 }, 
        {"sofa" : 12,  "begin" : 86,  "end" : 96 }, 
        {"sofa" : 12,  "begin" : 97,  "end" : 106 }, 
        {"sofa" : 12,  "begin" : 107,  "end" : 108 }, 
        {"sofa" : 12,  "begin" : 109,  "end" : 111 }, 
        {"sofa" : 12,  "begin" : 112,  "end" : 113 }, 
        {"sofa" : 12,  "begin" : 114,  "end" : 117 }, 
        {"sofa" : 12,  "begin" : 118,  "end" : 121 }, 
        {"sofa" : 12,  "begin" : 122,  "end" : 131 }, 
        {"sofa" : 12,  "begin" : 132,  "end" : 134 }, 
        {"sofa" : 12,  "begin" : 135,  "end" : 144 }, 
        {"sofa" : 12,  "begin" : 145,  "end" : 151 }, 
        {"sofa" : 12,  "begin" : 152,  "end" : 155 }, 
        {"sofa" : 12,  "begin" : 156,  "end" : 166 }, 
        {"sofa" : 12,  "begin" : 167,  "end" : 184 }, 
        {"sofa" : 12,  "begin" : 185,  "end" : 186 }, 
        {"sofa" : 12,  "begin" : 188,  "end" : 190 }, 
        {"sofa" : 12,  "begin" : 191,  "end" : 198 }, 
        {"sofa" : 12,  "begin" : 199,  "end" : 205 }, 
        {"sofa" : 12,  "begin" : 206,  "end" : 212 }, 
        {"sofa" : 12,  "begin" : 213,  "end" : 220 }, 
        {"sofa" : 12,  "begin" : 221,  "end" : 224 }, 
        {"sofa" : 12,  "begin" : 225,  "end" : 230 }, 
        {"sofa" : 12,  "begin" : 231,  "end" : 245 }, 
        {"sofa" : 12,  "begin" : 246,  "end" : 247 } ], 
      "Eventclauses" : [
        {"sofa" : 12,  "end" : 56,  "EventPolarity" : "EVE positive",  "Prominence" : "Background" }, 
        {"sofa" : 12,  "begin" : 58,  "end" : 184,  "EventPolarity" : "EVE positive",  "Prominence" : "Main" }, 
        {"sofa" : 12,  "begin" : 188,  "end" : 245,  "EventPolarity" : "EVE neutral",  "Prominence" : "Background" } ] } }, 
  "_referenced_fss" : {
    "12" : {"_type" : "Sofa",  "sofaNum" : 1,  "sofaID" : "_InitialView",  "mimeType" : "text",  "sofaString" : "Briljanten koppel leerde elkaar kennen op huwelijksfeest\n Jules Van Geersom ( 86 ) en Christiane Braeckman ( 92 ) uit het Korenveld in Sleidinge vieren hun briljanten huwelijksjubileum .\n Ze leerden mekaar kennen tijdens een ander huwelijksfeest .\n " } } }