{"_context" : {
    "_types" : {
      "DocumentMetaData" : {
        "_feature_types" : {"sofa" : "_ref" } }, 
      "Eventclauses" : {
        "_feature_types" : {"sofa" : "_ref",  "Arguments" : "_ref",  "Polarity" : "_ref",  "PolarityTrigger" : "_ref",  "Sameclause" : "_ref" } }, 
      "Sentence" : {
        "_feature_types" : {"sofa" : "_ref" } }, 
      "Sofa" : {
        "_feature_types" : {"sofaArray" : "_ref" } }, 
      "TagsetDescription" : {
        "_feature_types" : {"sofa" : "_ref",  "tags" : "_ref" } }, 
      "Token" : {
        "_feature_types" : {"sofa" : "_ref",  "parent" : "_ref",  "lemma" : "_ref",  "stem" : "_ref",  "pos" : "_ref",  "morph" : "_ref",  "form" : "_ref" } }, 
      "DocumentAnnotation" : {
        "_feature_types" : {"sofa" : "_ref" }, 
        "_subtypes" : ["DocumentMetaData" ] }, 
      "Annotation" : {
        "_feature_types" : {"sofa" : "_ref" }, 
        "_subtypes" : ["DocumentAnnotation",  "Eventclauses",  "Sentence",  "TagsetDescription",  "Token" ] }, 
      "AnnotationBase" : {
        "_feature_types" : {"sofa" : "_ref" }, 
        "_subtypes" : ["Annotation" ] }, 
      "TOP" : {
        "_subtypes" : ["AnnotationBase",  "Sofa" ] } } }, 
  "_views" : {
    "_InitialView" : {
      "DocumentMetaData" : [
        {"sofa" : 12,  "end" : 140,  "language" : "x-unspecified",  "documentTitle" : "dmf20211108_95457325.txt",  "documentId" : "WoutBoven",  "documentUri" : "file:/export/repository/project/114/document/44386/source/WoutBoven",  "collectionId" : "file:/export/repository/project/114/document/44386/source/",  "documentBaseUri" : "file:/export/repository/project/114/document/44386/source/",  "isLastSegment" : false } ], 
      "TagsetDescription" : [
        {"sofa" : 12,  "layer" : "de.tudarmstadt.ukp.dkpro.core.api.syntax.type.dependency.Dependency",  "name" : "UD Universal Dependencies",  "input" : false }, 
        {"sofa" : 12,  "layer" : "webanno.custom.Entities",  "name" : "Entity - mention level types",  "input" : false }, 
        {"sofa" : 12,  "layer" : "webanno.custom.Eventclauses",  "name" : "Event - tense",  "input" : false }, 
        {"sofa" : 12,  "layer" : "webanno.custom.Eventsarguments",  "name" : "eventdna_argument_entities_(auto)",  "input" : false }, 
        {"sofa" : 12,  "layer" : "webanno.custom.Namedentities",  "name" : "NE types",  "input" : false }, 
        {"sofa" : 12,  "layer" : "webanno.custom.EntitiesLETSpreanno",  "name" : "Named entity - types",  "input" : false }, 
        {"sofa" : 12,  "layer" : "de.tudarmstadt.ukp.dkpro.core.api.transform.type.SofaChangeAnnotation",  "name" : "Operation",  "input" : false }, 
        {"sofa" : 12,  "layer" : "de.tudarmstadt.ukp.dkpro.core.api.lexmorph.type.pos.POS",  "name" : "UD Universal POS tags",  "input" : false }, 
        {"sofa" : 12,  "layer" : "webanno.custom.Polaritytriggers",  "name" : "Polarity",  "input" : false }, 
        {"sofa" : 12,  "layer" : "de.tudarmstadt.ukp.dkpro.core.api.segmentation.type.SurfaceForm",  "name" : "Named Entity tags",  "input" : false } ], 
      "Sentence" : [
        {"sofa" : 12,  "end" : 40 }, 
        {"sofa" : 12,  "begin" : 42,  "end" : 138 } ], 
      "Token" : [
        {"sofa" : 12,  "end" : 9 }, 
        {"sofa" : 12,  "begin" : 10,  "end" : 15 }, 
        {"sofa" : 12,  "begin" : 16,  "end" : 25 }, 
        {"sofa" : 12,  "begin" : 26,  "end" : 29 }, 
        {"sofa" : 12,  "begin" : 30,  "end" : 33 }, 
        {"sofa" : 12,  "begin" : 34,  "end" : 40 }, 
        {"sofa" : 12,  "begin" : 42,  "end" : 52 }, 
        {"sofa" : 12,  "begin" : 53,  "end" : 57 }, 
        {"sofa" : 12,  "begin" : 58,  "end" : 60 }, 
        {"sofa" : 12,  "begin" : 61,  "end" : 63 }, 
        {"sofa" : 12,  "begin" : 64,  "end" : 77 }, 
        {"sofa" : 12,  "begin" : 78,  "end" : 80 }, 
        {"sofa" : 12,  "begin" : 81,  "end" : 87 }, 
        {"sofa" : 12,  "begin" : 88,  "end" : 89 }, 
        {"sofa" : 12,  "begin" : 90,  "end" : 97 }, 
        {"sofa" : 12,  "begin" : 98,  "end" : 99 }, 
        {"sofa" : 12,  "begin" : 100,  "end" : 103 }, 
        {"sofa" : 12,  "begin" : 104,  "end" : 106 }, 
        {"sofa" : 12,  "begin" : 107,  "end" : 111 }, 
        {"sofa" : 12,  "begin" : 112,  "end" : 118 }, 
        {"sofa" : 12,  "begin" : 119,  "end" : 122 }, 
        {"sofa" : 12,  "begin" : 123,  "end" : 126 }, 
        {"sofa" : 12,  "begin" : 127,  "end" : 136 }, 
        {"sofa" : 12,  "begin" : 137,  "end" : 138 } ], 
      "Eventclauses" : [
        {"sofa" : 12,  "end" : 40,  "EventPolarity" : "EVE negative",  "Prominence" : "Main" }, 
        {"sofa" : 12,  "begin" : 42,  "end" : 136,  "EventPolarity" : "EVE negative",  "Prominence" : "Main" } ] } }, 
  "_referenced_fss" : {
    "12" : {"_type" : "Sofa",  "sofaNum" : 1,  "sofaID" : "_InitialView",  "mimeType" : "text",  "sofaString" : "Inbrekers nemen zitmaaier mee uit schuur\n Onbekenden zijn op de Diestersebaan in Veerle ( Laakdal ) aan de haal gegaan met een zitmaaier .\n " } } }