{"_context" : {
    "_types" : {
      "DocumentMetaData" : {
        "_feature_types" : {"sofa" : "_ref" } }, 
      "Eventclauses" : {
        "_feature_types" : {"sofa" : "_ref",  "Arguments" : "_ref",  "Polarity" : "_ref",  "PolarityTrigger" : "_ref",  "Sameclause" : "_ref" } }, 
      "Sentence" : {
        "_feature_types" : {"sofa" : "_ref" } }, 
      "Sofa" : {
        "_feature_types" : {"sofaArray" : "_ref" } }, 
      "TagsetDescription" : {
        "_feature_types" : {"sofa" : "_ref",  "tags" : "_ref" } }, 
      "Token" : {
        "_feature_types" : {"sofa" : "_ref",  "parent" : "_ref",  "lemma" : "_ref",  "stem" : "_ref",  "pos" : "_ref",  "morph" : "_ref",  "form" : "_ref" } }, 
      "DocumentAnnotation" : {
        "_feature_types" : {"sofa" : "_ref" }, 
        "_subtypes" : ["DocumentMetaData" ] }, 
      "Annotation" : {
        "_feature_types" : {"sofa" : "_ref" }, 
        "_subtypes" : ["DocumentAnnotation",  "Eventclauses",  "Sentence",  "TagsetDescription",  "Token" ] }, 
      "AnnotationBase" : {
        "_feature_types" : {"sofa" : "_ref" }, 
        "_subtypes" : ["Annotation" ] }, 
      "TOP" : {
        "_subtypes" : ["AnnotationBase",  "Sofa" ] } } }, 
  "_views" : {
    "_InitialView" : {
      "DocumentMetaData" : [
        {"sofa" : 12,  "end" : 476,  "language" : "x-unspecified",  "documentTitle" : "dmf20211111_92880060.txt",  "documentId" : "WoutBoven",  "documentUri" : "file:/export/repository/project/114/document/44369/source/WoutBoven",  "collectionId" : "file:/export/repository/project/114/document/44369/source/",  "documentBaseUri" : "file:/export/repository/project/114/document/44369/source/",  "isLastSegment" : false } ], 
      "TagsetDescription" : [
        {"sofa" : 12,  "layer" : "de.tudarmstadt.ukp.dkpro.core.api.syntax.type.dependency.Dependency",  "name" : "UD Universal Dependencies",  "input" : false }, 
        {"sofa" : 12,  "layer" : "webanno.custom.Entities",  "name" : "Entity - mention level types",  "input" : false }, 
        {"sofa" : 12,  "layer" : "webanno.custom.Eventclauses",  "name" : "Event - tense",  "input" : false }, 
        {"sofa" : 12,  "layer" : "webanno.custom.Eventsarguments",  "name" : "eventdna_argument_entities_(auto)",  "input" : false }, 
        {"sofa" : 12,  "layer" : "webanno.custom.Namedentities",  "name" : "NE types",  "input" : false }, 
        {"sofa" : 12,  "layer" : "webanno.custom.EntitiesLETSpreanno",  "name" : "Named entity - types",  "input" : false }, 
        {"sofa" : 12,  "layer" : "de.tudarmstadt.ukp.dkpro.core.api.transform.type.SofaChangeAnnotation",  "name" : "Operation",  "input" : false }, 
        {"sofa" : 12,  "layer" : "de.tudarmstadt.ukp.dkpro.core.api.lexmorph.type.pos.POS",  "name" : "UD Universal POS tags",  "input" : false }, 
        {"sofa" : 12,  "layer" : "webanno.custom.Polaritytriggers",  "name" : "Polarity",  "input" : false }, 
        {"sofa" : 12,  "layer" : "de.tudarmstadt.ukp.dkpro.core.api.segmentation.type.SurfaceForm",  "name" : "Named Entity tags",  "input" : false } ], 
      "Sentence" : [
        {"sofa" : 12,  "end" : 60 }, 
        {"sofa" : 12,  "begin" : 62,  "end" : 188 }, 
        {"sofa" : 12,  "begin" : 190,  "end" : 290 }, 
        {"sofa" : 12,  "begin" : 292,  "end" : 415 }, 
        {"sofa" : 12,  "begin" : 417,  "end" : 474 } ], 
      "Token" : [
        {"sofa" : 12,  "end" : 9 }, 
        {"sofa" : 12,  "begin" : 10,  "end" : 13 }, 
        {"sofa" : 12,  "begin" : 14,  "end" : 19 }, 
        {"sofa" : 12,  "begin" : 20,  "end" : 22 }, 
        {"sofa" : 12,  "begin" : 23,  "end" : 28 }, 
        {"sofa" : 12,  "begin" : 29,  "end" : 32 }, 
        {"sofa" : 12,  "begin" : 33,  "end" : 40 }, 
        {"sofa" : 12,  "begin" : 41,  "end" : 50 }, 
        {"sofa" : 12,  "begin" : 51,  "end" : 60 }, 
        {"sofa" : 12,  "begin" : 62,  "end" : 67 }, 
        {"sofa" : 12,  "begin" : 68,  "end" : 76 }, 
        {"sofa" : 12,  "begin" : 77,  "end" : 79 }, 
        {"sofa" : 12,  "begin" : 80,  "end" : 85 }, 
        {"sofa" : 12,  "begin" : 86,  "end" : 94 }, 
        {"sofa" : 12,  "begin" : 95,  "end" : 101 }, 
        {"sofa" : 12,  "begin" : 102,  "end" : 105 }, 
        {"sofa" : 12,  "begin" : 106,  "end" : 109 }, 
        {"sofa" : 12,  "begin" : 110,  "end" : 116 }, 
        {"sofa" : 12,  "begin" : 117,  "end" : 119 }, 
        {"sofa" : 12,  "begin" : 120,  "end" : 122 }, 
        {"sofa" : 12,  "begin" : 123,  "end" : 135 }, 
        {"sofa" : 12,  "begin" : 136,  "end" : 138 }, 
        {"sofa" : 12,  "begin" : 139,  "end" : 143 }, 
        {"sofa" : 12,  "begin" : 144,  "end" : 145 }, 
        {"sofa" : 12,  "begin" : 146,  "end" : 157 }, 
        {"sofa" : 12,  "begin" : 158,  "end" : 159 }, 
        {"sofa" : 12,  "begin" : 160,  "end" : 164 }, 
        {"sofa" : 12,  "begin" : 165,  "end" : 168 }, 
        {"sofa" : 12,  "begin" : 169,  "end" : 178 }, 
        {"sofa" : 12,  "begin" : 179,  "end" : 186 }, 
        {"sofa" : 12,  "begin" : 187,  "end" : 188 }, 
        {"sofa" : 12,  "begin" : 190,  "end" : 195 }, 
        {"sofa" : 12,  "begin" : 196,  "end" : 202 }, 
        {"sofa" : 12,  "begin" : 203,  "end" : 206 }, 
        {"sofa" : 12,  "begin" : 207,  "end" : 213 }, 
        {"sofa" : 12,  "begin" : 214,  "end" : 217 }, 
        {"sofa" : 12,  "begin" : 218,  "end" : 220 }, 
        {"sofa" : 12,  "begin" : 221,  "end" : 225 }, 
        {"sofa" : 12,  "begin" : 226,  "end" : 228 }, 
        {"sofa" : 12,  "begin" : 229,  "end" : 233 }, 
        {"sofa" : 12,  "begin" : 234,  "end" : 236 }, 
        {"sofa" : 12,  "begin" : 237,  "end" : 239 }, 
        {"sofa" : 12,  "begin" : 240,  "end" : 249 }, 
        {"sofa" : 12,  "begin" : 250,  "end" : 260 }, 
        {"sofa" : 12,  "begin" : 261,  "end" : 263 }, 
        {"sofa" : 12,  "begin" : 264,  "end" : 273 }, 
        {"sofa" : 12,  "begin" : 274,  "end" : 276 }, 
        {"sofa" : 12,  "begin" : 277,  "end" : 288 }, 
        {"sofa" : 12,  "begin" : 289,  "end" : 290 }, 
        {"sofa" : 12,  "begin" : 292,  "end" : 297 }, 
        {"sofa" : 12,  "begin" : 298,  "end" : 302 }, 
        {"sofa" : 12,  "begin" : 303,  "end" : 310 }, 
        {"sofa" : 12,  "begin" : 311,  "end" : 313 }, 
        {"sofa" : 12,  "begin" : 314,  "end" : 318 }, 
        {"sofa" : 12,  "begin" : 319,  "end" : 328 }, 
        {"sofa" : 12,  "begin" : 329,  "end" : 338 }, 
        {"sofa" : 12,  "begin" : 339,  "end" : 340 }, 
        {"sofa" : 12,  "begin" : 341,  "end" : 344 }, 
        {"sofa" : 12,  "begin" : 345,  "end" : 349 }, 
        {"sofa" : 12,  "begin" : 350,  "end" : 355 }, 
        {"sofa" : 12,  "begin" : 356,  "end" : 359 }, 
        {"sofa" : 12,  "begin" : 360,  "end" : 366 }, 
        {"sofa" : 12,  "begin" : 367,  "end" : 370 }, 
        {"sofa" : 12,  "begin" : 371,  "end" : 377 }, 
        {"sofa" : 12,  "begin" : 378,  "end" : 382 }, 
        {"sofa" : 12,  "begin" : 383,  "end" : 390 }, 
        {"sofa" : 12,  "begin" : 391,  "end" : 395 }, 
        {"sofa" : 12,  "begin" : 396,  "end" : 398 }, 
        {"sofa" : 12,  "begin" : 399,  "end" : 402 }, 
        {"sofa" : 12,  "begin" : 403,  "end" : 407 }, 
        {"sofa" : 12,  "begin" : 408,  "end" : 413 }, 
        {"sofa" : 12,  "begin" : 414,  "end" : 415 }, 
        {"sofa" : 12,  "begin" : 417,  "end" : 420 }, 
        {"sofa" : 12,  "begin" : 421,  "end" : 430 }, 
        {"sofa" : 12,  "begin" : 431,  "end" : 432 }, 
        {"sofa" : 12,  "begin" : 433,  "end" : 436 }, 
        {"sofa" : 12,  "begin" : 437,  "end" : 440 }, 
        {"sofa" : 12,  "begin" : 441,  "end" : 449 }, 
        {"sofa" : 12,  "begin" : 450,  "end" : 455 }, 
        {"sofa" : 12,  "begin" : 456,  "end" : 460 }, 
        {"sofa" : 12,  "begin" : 461,  "end" : 472 }, 
        {"sofa" : 12,  "begin" : 473,  "end" : 474 } ], 
      "Eventclauses" : [
        {"sofa" : 12,  "end" : 60,  "EventPolarity" : "EVE positive",  "Prominence" : "Main" }, 
        {"sofa" : 12,  "begin" : 62,  "end" : 186,  "EventPolarity" : "EVE positive",  "Prominence" : "Main" }, 
        {"sofa" : 12,  "begin" : 190,  "end" : 288,  "EventPolarity" : "EVE positive",  "Prominence" : "Background" }, 
        {"sofa" : 12,  "begin" : 292,  "end" : 338,  "EventPolarity" : "EVE negative",  "Prominence" : "Background" }, 
        {"sofa" : 12,  "begin" : 371,  "end" : 413,  "EventPolarity" : "EVE negative",  "Prominence" : "Background" }, 
        {"sofa" : 12,  "begin" : 417,  "end" : 472,  "EventPolarity" : "EVE positive",  "Prominence" : "Background" } ] } }, 
  "_referenced_fss" : {
    "12" : {"_type" : "Sofa",  "sofaNum" : 1,  "sofaID" : "_InitialView",  "mimeType" : "text",  "sofaString" : "Kersthuis van André en Nancy kan opnieuw bezoekers ontvangen\n André Hoefkens en Nancy Koninckx hebben van hun woning in de Lokbosstraat in Meer ( Hoogstraten ) weer een kersthuis gemaakt .\n Zowel binnen als buiten kom je ogen te kort om de bewegende attributen en decoratie te aanschouwen .\n Vorig jaar mochten ze geen bezoekers ontvangen , dit jaar hoopt het koppel dat corona niet opnieuw roet in het eten gooit .\n Wie langskomt , mag een bijdrage geven voor Make-a-Wish .\n " } } }