{"_context" : {
    "_types" : {
      "DocumentMetaData" : {
        "_feature_types" : {"sofa" : "_ref" } }, 
      "Eventclauses" : {
        "_feature_types" : {"sofa" : "_ref",  "Arguments" : "_ref",  "Polarity" : "_ref",  "PolarityTrigger" : "_ref",  "Sameclause" : "_ref" } }, 
      "Sentence" : {
        "_feature_types" : {"sofa" : "_ref" } }, 
      "Sofa" : {
        "_feature_types" : {"sofaArray" : "_ref" } }, 
      "TagsetDescription" : {
        "_feature_types" : {"sofa" : "_ref",  "tags" : "_ref" } }, 
      "Token" : {
        "_feature_types" : {"sofa" : "_ref",  "parent" : "_ref",  "lemma" : "_ref",  "stem" : "_ref",  "pos" : "_ref",  "morph" : "_ref",  "form" : "_ref" } }, 
      "DocumentAnnotation" : {
        "_feature_types" : {"sofa" : "_ref" }, 
        "_subtypes" : ["DocumentMetaData" ] }, 
      "Annotation" : {
        "_feature_types" : {"sofa" : "_ref" }, 
        "_subtypes" : ["DocumentAnnotation",  "Eventclauses",  "Sentence",  "TagsetDescription",  "Token" ] }, 
      "AnnotationBase" : {
        "_feature_types" : {"sofa" : "_ref" }, 
        "_subtypes" : ["Annotation" ] }, 
      "TOP" : {
        "_subtypes" : ["AnnotationBase",  "Sofa" ] } } }, 
  "_views" : {
    "_InitialView" : {
      "DocumentMetaData" : [
        {"sofa" : 12,  "end" : 414,  "language" : "x-unspecified",  "documentTitle" : "dmf20211112_95104748.txt",  "documentId" : "WoutBoven",  "documentUri" : "file:/export/repository/project/114/document/44356/source/WoutBoven",  "collectionId" : "file:/export/repository/project/114/document/44356/source/",  "documentBaseUri" : "file:/export/repository/project/114/document/44356/source/",  "isLastSegment" : false } ], 
      "TagsetDescription" : [
        {"sofa" : 12,  "layer" : "de.tudarmstadt.ukp.dkpro.core.api.syntax.type.dependency.Dependency",  "name" : "UD Universal Dependencies",  "input" : false }, 
        {"sofa" : 12,  "layer" : "webanno.custom.Entities",  "name" : "Entity - mention level types",  "input" : false }, 
        {"sofa" : 12,  "layer" : "webanno.custom.Eventclauses",  "name" : "Event - tense",  "input" : false }, 
        {"sofa" : 12,  "layer" : "webanno.custom.Eventsarguments",  "name" : "eventdna_argument_entities_(auto)",  "input" : false }, 
        {"sofa" : 12,  "layer" : "webanno.custom.Namedentities",  "name" : "NE types",  "input" : false }, 
        {"sofa" : 12,  "layer" : "webanno.custom.EntitiesLETSpreanno",  "name" : "Named entity - types",  "input" : false }, 
        {"sofa" : 12,  "layer" : "de.tudarmstadt.ukp.dkpro.core.api.transform.type.SofaChangeAnnotation",  "name" : "Operation",  "input" : false }, 
        {"sofa" : 12,  "layer" : "de.tudarmstadt.ukp.dkpro.core.api.lexmorph.type.pos.POS",  "name" : "UD Universal POS tags",  "input" : false }, 
        {"sofa" : 12,  "layer" : "webanno.custom.Polaritytriggers",  "name" : "Polarity",  "input" : false }, 
        {"sofa" : 12,  "layer" : "de.tudarmstadt.ukp.dkpro.core.api.segmentation.type.SurfaceForm",  "name" : "Named Entity tags",  "input" : false } ], 
      "Sentence" : [
        {"sofa" : 12,  "end" : 34 }, 
        {"sofa" : 12,  "begin" : 36,  "end" : 136 }, 
        {"sofa" : 12,  "begin" : 138,  "end" : 208 }, 
        {"sofa" : 12,  "begin" : 210,  "end" : 298 }, 
        {"sofa" : 12,  "begin" : 300,  "end" : 412 } ], 
      "Token" : [
        {"sofa" : 12,  "end" : 2 }, 
        {"sofa" : 12,  "begin" : 3,  "end" : 17 }, 
        {"sofa" : 12,  "begin" : 18,  "end" : 25 }, 
        {"sofa" : 12,  "begin" : 26,  "end" : 34 }, 
        {"sofa" : 12,  "begin" : 36,  "end" : 39 }, 
        {"sofa" : 12,  "begin" : 40,  "end" : 42 }, 
        {"sofa" : 12,  "begin" : 43,  "end" : 57 }, 
        {"sofa" : 12,  "begin" : 58,  "end" : 61 }, 
        {"sofa" : 12,  "begin" : 62,  "end" : 71 }, 
        {"sofa" : 12,  "begin" : 72,  "end" : 77 }, 
        {"sofa" : 12,  "begin" : 78,  "end" : 81 }, 
        {"sofa" : 12,  "begin" : 82,  "end" : 90 }, 
        {"sofa" : 12,  "begin" : 91,  "end" : 96 }, 
        {"sofa" : 12,  "begin" : 97,  "end" : 105 }, 
        {"sofa" : 12,  "begin" : 106,  "end" : 108 }, 
        {"sofa" : 12,  "begin" : 109,  "end" : 112 }, 
        {"sofa" : 12,  "begin" : 113,  "end" : 120 }, 
        {"sofa" : 12,  "begin" : 121,  "end" : 124 }, 
        {"sofa" : 12,  "begin" : 125,  "end" : 134 }, 
        {"sofa" : 12,  "begin" : 135,  "end" : 136 }, 
        {"sofa" : 12,  "begin" : 138,  "end" : 140 }, 
        {"sofa" : 12,  "begin" : 141,  "end" : 145 }, 
        {"sofa" : 12,  "begin" : 146,  "end" : 151 }, 
        {"sofa" : 12,  "begin" : 152,  "end" : 155 }, 
        {"sofa" : 12,  "begin" : 156,  "end" : 162 }, 
        {"sofa" : 12,  "begin" : 163,  "end" : 166 }, 
        {"sofa" : 12,  "begin" : 167,  "end" : 169 }, 
        {"sofa" : 12,  "begin" : 170,  "end" : 183 }, 
        {"sofa" : 12,  "begin" : 184,  "end" : 186 }, 
        {"sofa" : 12,  "begin" : 187,  "end" : 190 }, 
        {"sofa" : 12,  "begin" : 191,  "end" : 206 }, 
        {"sofa" : 12,  "begin" : 207,  "end" : 208 }, 
        {"sofa" : 12,  "begin" : 210,  "end" : 212 }, 
        {"sofa" : 12,  "begin" : 213,  "end" : 222 }, 
        {"sofa" : 12,  "begin" : 223,  "end" : 233 }, 
        {"sofa" : 12,  "begin" : 234,  "end" : 238 }, 
        {"sofa" : 12,  "begin" : 239,  "end" : 258 }, 
        {"sofa" : 12,  "begin" : 259,  "end" : 265 }, 
        {"sofa" : 12,  "begin" : 266,  "end" : 267 }, 
        {"sofa" : 12,  "begin" : 268,  "end" : 278 }, 
        {"sofa" : 12,  "begin" : 279,  "end" : 281 }, 
        {"sofa" : 12,  "begin" : 282,  "end" : 296 }, 
        {"sofa" : 12,  "begin" : 297,  "end" : 298 }, 
        {"sofa" : 12,  "begin" : 300,  "end" : 304 }, 
        {"sofa" : 12,  "begin" : 305,  "end" : 308 }, 
        {"sofa" : 12,  "begin" : 309,  "end" : 315 }, 
        {"sofa" : 12,  "begin" : 316,  "end" : 318 }, 
        {"sofa" : 12,  "begin" : 319,  "end" : 321 }, 
        {"sofa" : 12,  "begin" : 322,  "end" : 333 }, 
        {"sofa" : 12,  "begin" : 334,  "end" : 337 }, 
        {"sofa" : 12,  "begin" : 338,  "end" : 340 }, 
        {"sofa" : 12,  "begin" : 341,  "end" : 345 }, 
        {"sofa" : 12,  "begin" : 346,  "end" : 348 }, 
        {"sofa" : 12,  "begin" : 349,  "end" : 359 }, 
        {"sofa" : 12,  "begin" : 360,  "end" : 363 }, 
        {"sofa" : 12,  "begin" : 364,  "end" : 366 }, 
        {"sofa" : 12,  "begin" : 367,  "end" : 377 }, 
        {"sofa" : 12,  "begin" : 378,  "end" : 381 }, 
        {"sofa" : 12,  "begin" : 382,  "end" : 385 }, 
        {"sofa" : 12,  "begin" : 386,  "end" : 390 }, 
        {"sofa" : 12,  "begin" : 391,  "end" : 397 }, 
        {"sofa" : 12,  "begin" : 398,  "end" : 410 }, 
        {"sofa" : 12,  "begin" : 411,  "end" : 412 } ], 
      "Eventclauses" : [
        {"sofa" : 12,  "end" : 34,  "EventPolarity" : "EVE neutral",  "Prominence" : "Main" }, 
        {"sofa" : 12,  "begin" : 36,  "end" : 105,  "EventPolarity" : "EVE neutral",  "Prominence" : "Main" }, 
        {"sofa" : 12,  "begin" : 210,  "end" : 265,  "EventPolarity" : "EVE positive",  "Prominence" : "Background" } ] } }, 
  "_referenced_fss" : {
    "12" : {"_type" : "Sofa",  "sofaNum" : 1,  "sofaID" : "_InitialView",  "mimeType" : "text",  "sofaString" : "11 novembercomité plaatst infozuil\n Het 11 novembercomité van Bavikhove heeft een infozuil laten plaatsen in het centrum van Bavikhove .\n De zuil staat ter hoogte van de vrijheidsboom en het oorlogsmonument .\n De plechtige onthulling vond donderdagvoormiddag plaats , symbolisch op Wapenstilstand .\n Voor het comité is de installatie van de zuil de afsluiting van de herdenking van 100 jaar Eerste Wereldoorlog .\n " } } }