{"_context" : {
    "_types" : {
      "DocumentMetaData" : {
        "_feature_types" : {"sofa" : "_ref" } }, 
      "Sentence" : {
        "_feature_types" : {"sofa" : "_ref" } }, 
      "Sofa" : {
        "_feature_types" : {"sofaArray" : "_ref" } }, 
      "TagsetDescription" : {
        "_feature_types" : {"sofa" : "_ref",  "tags" : "_ref" } }, 
      "Token" : {
        "_feature_types" : {"sofa" : "_ref",  "parent" : "_ref",  "lemma" : "_ref",  "stem" : "_ref",  "pos" : "_ref",  "morph" : "_ref",  "form" : "_ref" } }, 
      "DocumentAnnotation" : {
        "_feature_types" : {"sofa" : "_ref" }, 
        "_subtypes" : ["DocumentMetaData" ] }, 
      "Annotation" : {
        "_feature_types" : {"sofa" : "_ref" }, 
        "_subtypes" : ["DocumentAnnotation",  "Sentence",  "TagsetDescription",  "Token" ] }, 
      "AnnotationBase" : {
        "_feature_types" : {"sofa" : "_ref" }, 
        "_subtypes" : ["Annotation" ] }, 
      "TOP" : {
        "_subtypes" : ["AnnotationBase",  "Sofa" ] } } }, 
  "_views" : {
    "_InitialView" : {
      "DocumentMetaData" : [
        {"sofa" : 12,  "end" : 200,  "language" : "x-unspecified",  "documentTitle" : "dmf20211124_94311884.txt",  "documentId" : "WoutBoven",  "documentUri" : "file:/export/repository/project/114/document/44270/source/WoutBoven",  "collectionId" : "file:/export/repository/project/114/document/44270/source/",  "documentBaseUri" : "file:/export/repository/project/114/document/44270/source/",  "isLastSegment" : false } ], 
      "TagsetDescription" : [
        {"sofa" : 12,  "layer" : "de.tudarmstadt.ukp.dkpro.core.api.syntax.type.dependency.Dependency",  "name" : "UD Universal Dependencies",  "input" : false }, 
        {"sofa" : 12,  "layer" : "webanno.custom.Entities",  "name" : "Entity - mention level types",  "input" : false }, 
        {"sofa" : 12,  "layer" : "webanno.custom.Eventclauses",  "name" : "Event - tense",  "input" : false }, 
        {"sofa" : 12,  "layer" : "webanno.custom.Eventsarguments",  "name" : "eventdna_argument_entities_(auto)",  "input" : false }, 
        {"sofa" : 12,  "layer" : "webanno.custom.Namedentities",  "name" : "NE types",  "input" : false }, 
        {"sofa" : 12,  "layer" : "webanno.custom.EntitiesLETSpreanno",  "name" : "Named entity - types",  "input" : false }, 
        {"sofa" : 12,  "layer" : "de.tudarmstadt.ukp.dkpro.core.api.transform.type.SofaChangeAnnotation",  "name" : "Operation",  "input" : false }, 
        {"sofa" : 12,  "layer" : "de.tudarmstadt.ukp.dkpro.core.api.lexmorph.type.pos.POS",  "name" : "UD Universal POS tags",  "input" : false }, 
        {"sofa" : 12,  "layer" : "webanno.custom.Polaritytriggers",  "name" : "Polarity",  "input" : false }, 
        {"sofa" : 12,  "layer" : "de.tudarmstadt.ukp.dkpro.core.api.segmentation.type.SurfaceForm",  "name" : "Named Entity tags",  "input" : false } ], 
      "Sentence" : [
        {"sofa" : 12,  "end" : 48 }, 
        {"sofa" : 12,  "begin" : 50,  "end" : 198 } ], 
      "Token" : [
        {"sofa" : 12,  "end" : 5 }, 
        {"sofa" : 12,  "begin" : 6,  "end" : 10 }, 
        {"sofa" : 12,  "begin" : 11,  "end" : 17 }, 
        {"sofa" : 12,  "begin" : 18,  "end" : 22 }, 
        {"sofa" : 12,  "begin" : 23,  "end" : 34 }, 
        {"sofa" : 12,  "begin" : 35,  "end" : 37 }, 
        {"sofa" : 12,  "begin" : 38,  "end" : 42 }, 
        {"sofa" : 12,  "begin" : 43,  "end" : 45 }, 
        {"sofa" : 12,  "begin" : 46,  "end" : 48 }, 
        {"sofa" : 12,  "begin" : 50,  "end" : 54 }, 
        {"sofa" : 12,  "begin" : 55,  "end" : 58 }, 
        {"sofa" : 12,  "begin" : 59,  "end" : 70 }, 
        {"sofa" : 12,  "begin" : 71,  "end" : 74 }, 
        {"sofa" : 12,  "begin" : 75,  "end" : 77 }, 
        {"sofa" : 12,  "begin" : 78,  "end" : 80 }, 
        {"sofa" : 12,  "begin" : 81,  "end" : 88 }, 
        {"sofa" : 12,  "begin" : 89,  "end" : 94 }, 
        {"sofa" : 12,  "begin" : 95,  "end" : 98 }, 
        {"sofa" : 12,  "begin" : 99,  "end" : 103 }, 
        {"sofa" : 12,  "begin" : 104,  "end" : 107 }, 
        {"sofa" : 12,  "begin" : 108,  "end" : 110 }, 
        {"sofa" : 12,  "begin" : 111,  "end" : 124 }, 
        {"sofa" : 12,  "begin" : 125,  "end" : 130 }, 
        {"sofa" : 12,  "begin" : 131,  "end" : 135 }, 
        {"sofa" : 12,  "begin" : 136,  "end" : 144 }, 
        {"sofa" : 12,  "begin" : 145,  "end" : 159 }, 
        {"sofa" : 12,  "begin" : 160,  "end" : 162 }, 
        {"sofa" : 12,  "begin" : 163,  "end" : 165 }, 
        {"sofa" : 12,  "begin" : 166,  "end" : 168 }, 
        {"sofa" : 12,  "begin" : 169,  "end" : 175 }, 
        {"sofa" : 12,  "begin" : 176,  "end" : 186 }, 
        {"sofa" : 12,  "begin" : 187,  "end" : 189 }, 
        {"sofa" : 12,  "begin" : 190,  "end" : 196 }, 
        {"sofa" : 12,  "begin" : 197,  "end" : 198 } ] } }, 
  "_referenced_fss" : {
    "12" : {"_type" : "Sofa",  "sofaNum" : 1,  "sofaID" : "_InitialView",  "mimeType" : "text",  "sofaString" : "Lange tijd hinder door vrachtwagen in berm op N8\n Door een vrachtwagen die af te rekenen kreeg met pech was er dinsdagmiddag lange tijd ernstige verkeershinder op de N8 tussen Alveringem en Veurne .\n " } } }