{"_context" : {
    "_types" : {
      "DocumentMetaData" : {
        "_feature_types" : {"sofa" : "_ref" } }, 
      "Eventclauses" : {
        "_feature_types" : {"sofa" : "_ref",  "Arguments" : "_ref",  "Polarity" : "_ref",  "PolarityTrigger" : "_ref",  "Sameclause" : "_ref" } }, 
      "Sentence" : {
        "_feature_types" : {"sofa" : "_ref" } }, 
      "Sofa" : {
        "_feature_types" : {"sofaArray" : "_ref" } }, 
      "TagsetDescription" : {
        "_feature_types" : {"sofa" : "_ref",  "tags" : "_ref" } }, 
      "Token" : {
        "_feature_types" : {"sofa" : "_ref",  "parent" : "_ref",  "lemma" : "_ref",  "stem" : "_ref",  "pos" : "_ref",  "morph" : "_ref",  "form" : "_ref" } }, 
      "DocumentAnnotation" : {
        "_feature_types" : {"sofa" : "_ref" }, 
        "_subtypes" : ["DocumentMetaData" ] }, 
      "Annotation" : {
        "_feature_types" : {"sofa" : "_ref" }, 
        "_subtypes" : ["DocumentAnnotation",  "Eventclauses",  "Sentence",  "TagsetDescription",  "Token" ] }, 
      "AnnotationBase" : {
        "_feature_types" : {"sofa" : "_ref" }, 
        "_subtypes" : ["Annotation" ] }, 
      "TOP" : {
        "_subtypes" : ["AnnotationBase",  "Sofa" ] } } }, 
  "_views" : {
    "_InitialView" : {
      "DocumentMetaData" : [
        {"sofa" : 12,  "end" : 381,  "language" : "x-unspecified",  "documentTitle" : "dmf20211124_93773828.txt",  "documentId" : "WoutBoven",  "documentUri" : "file:/export/repository/project/114/document/44271/source/WoutBoven",  "collectionId" : "file:/export/repository/project/114/document/44271/source/",  "documentBaseUri" : "file:/export/repository/project/114/document/44271/source/",  "isLastSegment" : false } ], 
      "TagsetDescription" : [
        {"sofa" : 12,  "layer" : "de.tudarmstadt.ukp.dkpro.core.api.syntax.type.dependency.Dependency",  "name" : "UD Universal Dependencies",  "input" : false }, 
        {"sofa" : 12,  "layer" : "webanno.custom.Entities",  "name" : "Entity - mention level types",  "input" : false }, 
        {"sofa" : 12,  "layer" : "webanno.custom.Eventclauses",  "name" : "Event - tense",  "input" : false }, 
        {"sofa" : 12,  "layer" : "webanno.custom.Eventsarguments",  "name" : "eventdna_argument_entities_(auto)",  "input" : false }, 
        {"sofa" : 12,  "layer" : "webanno.custom.Namedentities",  "name" : "NE types",  "input" : false }, 
        {"sofa" : 12,  "layer" : "webanno.custom.EntitiesLETSpreanno",  "name" : "Named entity - types",  "input" : false }, 
        {"sofa" : 12,  "layer" : "de.tudarmstadt.ukp.dkpro.core.api.transform.type.SofaChangeAnnotation",  "name" : "Operation",  "input" : false }, 
        {"sofa" : 12,  "layer" : "de.tudarmstadt.ukp.dkpro.core.api.lexmorph.type.pos.POS",  "name" : "UD Universal POS tags",  "input" : false }, 
        {"sofa" : 12,  "layer" : "webanno.custom.Polaritytriggers",  "name" : "Polarity",  "input" : false }, 
        {"sofa" : 12,  "layer" : "de.tudarmstadt.ukp.dkpro.core.api.segmentation.type.SurfaceForm",  "name" : "Named Entity tags",  "input" : false } ], 
      "Sentence" : [
        {"sofa" : 12,  "end" : 32 }, 
        {"sofa" : 12,  "begin" : 34,  "end" : 148 }, 
        {"sofa" : 12,  "begin" : 150,  "end" : 248 }, 
        {"sofa" : 12,  "begin" : 250,  "end" : 379 } ], 
      "Token" : [
        {"sofa" : 12,  "end" : 6 }, 
        {"sofa" : 12,  "begin" : 7,  "end" : 19 }, 
        {"sofa" : 12,  "begin" : 20,  "end" : 22 }, 
        {"sofa" : 12,  "begin" : 23,  "end" : 32 }, 
        {"sofa" : 12,  "begin" : 34,  "end" : 39 }, 
        {"sofa" : 12,  "begin" : 40,  "end" : 47 }, 
        {"sofa" : 12,  "begin" : 48,  "end" : 54 }, 
        {"sofa" : 12,  "begin" : 55,  "end" : 57 }, 
        {"sofa" : 12,  "begin" : 58,  "end" : 66 }, 
        {"sofa" : 12,  "begin" : 67,  "end" : 70 }, 
        {"sofa" : 12,  "begin" : 71,  "end" : 75 }, 
        {"sofa" : 12,  "begin" : 76,  "end" : 79 }, 
        {"sofa" : 12,  "begin" : 80,  "end" : 83 }, 
        {"sofa" : 12,  "begin" : 84,  "end" : 93 }, 
        {"sofa" : 12,  "begin" : 94,  "end" : 98 }, 
        {"sofa" : 12,  "begin" : 99,  "end" : 102 }, 
        {"sofa" : 12,  "begin" : 103,  "end" : 113 }, 
        {"sofa" : 12,  "begin" : 114,  "end" : 120 }, 
        {"sofa" : 12,  "begin" : 121,  "end" : 133 }, 
        {"sofa" : 12,  "begin" : 134,  "end" : 136 }, 
        {"sofa" : 12,  "begin" : 137,  "end" : 146 }, 
        {"sofa" : 12,  "begin" : 147,  "end" : 148 }, 
        {"sofa" : 12,  "begin" : 150,  "end" : 155 }, 
        {"sofa" : 12,  "begin" : 156,  "end" : 159 }, 
        {"sofa" : 12,  "begin" : 160,  "end" : 172 }, 
        {"sofa" : 12,  "begin" : 173,  "end" : 180 }, 
        {"sofa" : 12,  "begin" : 181,  "end" : 188 }, 
        {"sofa" : 12,  "begin" : 189,  "end" : 191 }, 
        {"sofa" : 12,  "begin" : 192,  "end" : 198 }, 
        {"sofa" : 12,  "begin" : 199,  "end" : 206 }, 
        {"sofa" : 12,  "begin" : 207,  "end" : 209 }, 
        {"sofa" : 12,  "begin" : 210,  "end" : 215 }, 
        {"sofa" : 12,  "begin" : 216,  "end" : 223 }, 
        {"sofa" : 12,  "begin" : 224,  "end" : 230 }, 
        {"sofa" : 12,  "begin" : 231,  "end" : 246 }, 
        {"sofa" : 12,  "begin" : 247,  "end" : 248 }, 
        {"sofa" : 12,  "begin" : 250,  "end" : 254 }, 
        {"sofa" : 12,  "begin" : 255,  "end" : 262 }, 
        {"sofa" : 12,  "begin" : 263,  "end" : 265 }, 
        {"sofa" : 12,  "begin" : 266,  "end" : 270 }, 
        {"sofa" : 12,  "begin" : 271,  "end" : 274 }, 
        {"sofa" : 12,  "begin" : 275,  "end" : 281 }, 
        {"sofa" : 12,  "begin" : 282,  "end" : 284 }, 
        {"sofa" : 12,  "begin" : 285,  "end" : 289 }, 
        {"sofa" : 12,  "begin" : 290,  "end" : 297 }, 
        {"sofa" : 12,  "begin" : 298,  "end" : 303 }, 
        {"sofa" : 12,  "begin" : 304,  "end" : 305 }, 
        {"sofa" : 12,  "begin" : 306,  "end" : 310 }, 
        {"sofa" : 12,  "begin" : 311,  "end" : 314 }, 
        {"sofa" : 12,  "begin" : 315,  "end" : 317 }, 
        {"sofa" : 12,  "begin" : 318,  "end" : 327 }, 
        {"sofa" : 12,  "begin" : 328,  "end" : 334 }, 
        {"sofa" : 12,  "begin" : 335,  "end" : 339 }, 
        {"sofa" : 12,  "begin" : 340,  "end" : 353 }, 
        {"sofa" : 12,  "begin" : 354,  "end" : 357 }, 
        {"sofa" : 12,  "begin" : 358,  "end" : 364 }, 
        {"sofa" : 12,  "begin" : 365,  "end" : 377 }, 
        {"sofa" : 12,  "begin" : 378,  "end" : 379 } ], 
      "Eventclauses" : [
        {"sofa" : 12,  "begin" : 34,  "end" : 146,  "EventPolarity" : "EVE positive",  "Prominence" : "Main" }, 
        {"sofa" : 12,  "begin" : 250,  "end" : 377,  "EventPolarity" : "EVE positive",  "Prominence" : "Main" } ] } }, 
  "_referenced_fss" : {
    "12" : {"_type" : "Sofa",  "sofaNum" : 1,  "sofaID" : "_InitialView",  "mimeType" : "text",  "sofaString" : "Dubbel viergeslacht in Steendorp\n Begin oktober zorgde de geboorte van Nova Van der Jonckheyd voor een vrouwelijk dubbel viergeslacht in Steendorp .\n Samen met grootmoeders Marleen Pieters en Tamara Pieters is Maria Lyssens trotse overgrootmoeder .\n Mama Sabrina De Pauw met Nikita en mama Thalias Stoop , mama van de kersverse spruit Nova vervolledigen het dubbel viergeslacht .\n " } } }