{"_context" : {
    "_types" : {
      "DocumentMetaData" : {
        "_feature_types" : {"sofa" : "_ref" } }, 
      "Eventclauses" : {
        "_feature_types" : {"sofa" : "_ref",  "Arguments" : "_ref",  "Polarity" : "_ref",  "PolarityTrigger" : "_ref",  "Sameclause" : "_ref" } }, 
      "Sentence" : {
        "_feature_types" : {"sofa" : "_ref" } }, 
      "Sofa" : {
        "_feature_types" : {"sofaArray" : "_ref" } }, 
      "TagsetDescription" : {
        "_feature_types" : {"sofa" : "_ref",  "tags" : "_ref" } }, 
      "Token" : {
        "_feature_types" : {"sofa" : "_ref",  "parent" : "_ref",  "lemma" : "_ref",  "stem" : "_ref",  "pos" : "_ref",  "morph" : "_ref",  "form" : "_ref" } }, 
      "DocumentAnnotation" : {
        "_feature_types" : {"sofa" : "_ref" }, 
        "_subtypes" : ["DocumentMetaData" ] }, 
      "Annotation" : {
        "_feature_types" : {"sofa" : "_ref" }, 
        "_subtypes" : ["DocumentAnnotation",  "Eventclauses",  "Sentence",  "TagsetDescription",  "Token" ] }, 
      "AnnotationBase" : {
        "_feature_types" : {"sofa" : "_ref" }, 
        "_subtypes" : ["Annotation" ] }, 
      "TOP" : {
        "_subtypes" : ["AnnotationBase",  "Sofa" ] } } }, 
  "_views" : {
    "_InitialView" : {
      "DocumentMetaData" : [
        {"sofa" : 12,  "end" : 577,  "language" : "x-unspecified",  "documentTitle" : "dmf20211116_97939696.txt",  "documentId" : "WoutBoven",  "documentUri" : "file:/export/repository/project/114/document/44325/source/WoutBoven",  "collectionId" : "file:/export/repository/project/114/document/44325/source/",  "documentBaseUri" : "file:/export/repository/project/114/document/44325/source/",  "isLastSegment" : false } ], 
      "TagsetDescription" : [
        {"sofa" : 12,  "layer" : "de.tudarmstadt.ukp.dkpro.core.api.syntax.type.dependency.Dependency",  "name" : "UD Universal Dependencies",  "input" : false }, 
        {"sofa" : 12,  "layer" : "webanno.custom.Entities",  "name" : "Entity - mention level types",  "input" : false }, 
        {"sofa" : 12,  "layer" : "webanno.custom.Eventclauses",  "name" : "Event - tense",  "input" : false }, 
        {"sofa" : 12,  "layer" : "webanno.custom.Eventsarguments",  "name" : "eventdna_argument_entities_(auto)",  "input" : false }, 
        {"sofa" : 12,  "layer" : "webanno.custom.Namedentities",  "name" : "NE types",  "input" : false }, 
        {"sofa" : 12,  "layer" : "webanno.custom.EntitiesLETSpreanno",  "name" : "Named entity - types",  "input" : false }, 
        {"sofa" : 12,  "layer" : "de.tudarmstadt.ukp.dkpro.core.api.transform.type.SofaChangeAnnotation",  "name" : "Operation",  "input" : false }, 
        {"sofa" : 12,  "layer" : "de.tudarmstadt.ukp.dkpro.core.api.lexmorph.type.pos.POS",  "name" : "UD Universal POS tags",  "input" : false }, 
        {"sofa" : 12,  "layer" : "webanno.custom.Polaritytriggers",  "name" : "Polarity",  "input" : false }, 
        {"sofa" : 12,  "layer" : "de.tudarmstadt.ukp.dkpro.core.api.segmentation.type.SurfaceForm",  "name" : "Named Entity tags",  "input" : false } ], 
      "Sentence" : [
        {"sofa" : 12,  "end" : 59 }, 
        {"sofa" : 12,  "begin" : 61,  "end" : 125 }, 
        {"sofa" : 12,  "begin" : 127,  "end" : 313 }, 
        {"sofa" : 12,  "begin" : 315,  "end" : 426 }, 
        {"sofa" : 12,  "begin" : 428,  "end" : 575 } ], 
      "Token" : [
        {"sofa" : 12,  "end" : 3 }, 
        {"sofa" : 12,  "begin" : 4,  "end" : 8 }, 
        {"sofa" : 12,  "begin" : 9,  "end" : 12 }, 
        {"sofa" : 12,  "begin" : 13,  "end" : 15 }, 
        {"sofa" : 12,  "begin" : 16,  "end" : 22 }, 
        {"sofa" : 12,  "begin" : 23,  "end" : 26 }, 
        {"sofa" : 12,  "begin" : 27,  "end" : 38 }, 
        {"sofa" : 12,  "begin" : 39,  "end" : 41 }, 
        {"sofa" : 12,  "begin" : 42,  "end" : 51 }, 
        {"sofa" : 12,  "begin" : 52,  "end" : 57 }, 
        {"sofa" : 12,  "begin" : 58,  "end" : 59 }, 
        {"sofa" : 12,  "begin" : 61,  "end" : 66 }, 
        {"sofa" : 12,  "begin" : 67,  "end" : 75 }, 
        {"sofa" : 12,  "begin" : 76,  "end" : 91 }, 
        {"sofa" : 12,  "begin" : 92,  "end" : 95 }, 
        {"sofa" : 12,  "begin" : 96,  "end" : 97 }, 
        {"sofa" : 12,  "begin" : 98,  "end" : 101 }, 
        {"sofa" : 12,  "begin" : 102,  "end" : 103 }, 
        {"sofa" : 12,  "begin" : 104,  "end" : 108 }, 
        {"sofa" : 12,  "begin" : 109,  "end" : 118 }, 
        {"sofa" : 12,  "begin" : 119,  "end" : 125 }, 
        {"sofa" : 12,  "begin" : 127,  "end" : 135 }, 
        {"sofa" : 12,  "begin" : 136,  "end" : 144 }, 
        {"sofa" : 12,  "begin" : 145,  "end" : 148 }, 
        {"sofa" : 12,  "begin" : 149,  "end" : 156 }, 
        {"sofa" : 12,  "begin" : 157,  "end" : 162 }, 
        {"sofa" : 12,  "begin" : 163,  "end" : 166 }, 
        {"sofa" : 12,  "begin" : 167,  "end" : 170 }, 
        {"sofa" : 12,  "begin" : 171,  "end" : 179 }, 
        {"sofa" : 12,  "begin" : 180,  "end" : 186 }, 
        {"sofa" : 12,  "begin" : 187,  "end" : 192 }, 
        {"sofa" : 12,  "begin" : 193,  "end" : 196 }, 
        {"sofa" : 12,  "begin" : 197,  "end" : 200 }, 
        {"sofa" : 12,  "begin" : 201,  "end" : 207 }, 
        {"sofa" : 12,  "begin" : 208,  "end" : 219 }, 
        {"sofa" : 12,  "begin" : 220,  "end" : 222 }, 
        {"sofa" : 12,  "begin" : 223,  "end" : 232 }, 
        {"sofa" : 12,  "begin" : 233,  "end" : 239 }, 
        {"sofa" : 12,  "begin" : 240,  "end" : 244 }, 
        {"sofa" : 12,  "begin" : 245,  "end" : 249 }, 
        {"sofa" : 12,  "begin" : 250,  "end" : 253 }, 
        {"sofa" : 12,  "begin" : 254,  "end" : 260 }, 
        {"sofa" : 12,  "begin" : 261,  "end" : 263 }, 
        {"sofa" : 12,  "begin" : 264,  "end" : 266 }, 
        {"sofa" : 12,  "begin" : 267,  "end" : 275 }, 
        {"sofa" : 12,  "begin" : 276,  "end" : 279 }, 
        {"sofa" : 12,  "begin" : 280,  "end" : 282 }, 
        {"sofa" : 12,  "begin" : 283,  "end" : 296 }, 
        {"sofa" : 12,  "begin" : 297,  "end" : 299 }, 
        {"sofa" : 12,  "begin" : 300,  "end" : 311 }, 
        {"sofa" : 12,  "begin" : 312,  "end" : 313 }, 
        {"sofa" : 12,  "begin" : 315,  "end" : 317 }, 
        {"sofa" : 12,  "begin" : 318,  "end" : 324 }, 
        {"sofa" : 12,  "begin" : 325,  "end" : 345 }, 
        {"sofa" : 12,  "begin" : 346,  "end" : 350 }, 
        {"sofa" : 12,  "begin" : 351,  "end" : 354 }, 
        {"sofa" : 12,  "begin" : 355,  "end" : 361 }, 
        {"sofa" : 12,  "begin" : 362,  "end" : 365 }, 
        {"sofa" : 12,  "begin" : 366,  "end" : 368 }, 
        {"sofa" : 12,  "begin" : 369,  "end" : 378 }, 
        {"sofa" : 12,  "begin" : 379,  "end" : 380 }, 
        {"sofa" : 12,  "begin" : 381,  "end" : 384 }, 
        {"sofa" : 12,  "begin" : 385,  "end" : 389 }, 
        {"sofa" : 12,  "begin" : 390,  "end" : 396 }, 
        {"sofa" : 12,  "begin" : 397,  "end" : 400 }, 
        {"sofa" : 12,  "begin" : 401,  "end" : 404 }, 
        {"sofa" : 12,  "begin" : 405,  "end" : 408 }, 
        {"sofa" : 12,  "begin" : 409,  "end" : 419 }, 
        {"sofa" : 12,  "begin" : 420,  "end" : 425 }, 
        {"sofa" : 12,  "begin" : 425,  "end" : 426 }, 
        {"sofa" : 12,  "begin" : 428,  "end" : 430 }, 
        {"sofa" : 12,  "begin" : 431,  "end" : 441 }, 
        {"sofa" : 12,  "begin" : 442,  "end" : 447 }, 
        {"sofa" : 12,  "begin" : 448,  "end" : 450 }, 
        {"sofa" : 12,  "begin" : 451,  "end" : 459 }, 
        {"sofa" : 12,  "begin" : 460,  "end" : 464 }, 
        {"sofa" : 12,  "begin" : 465,  "end" : 467 }, 
        {"sofa" : 12,  "begin" : 468,  "end" : 471 }, 
        {"sofa" : 12,  "begin" : 472,  "end" : 478 }, 
        {"sofa" : 12,  "begin" : 479,  "end" : 489 }, 
        {"sofa" : 12,  "begin" : 490,  "end" : 496 }, 
        {"sofa" : 12,  "begin" : 497,  "end" : 498 }, 
        {"sofa" : 12,  "begin" : 499,  "end" : 501 }, 
        {"sofa" : 12,  "begin" : 502,  "end" : 504 }, 
        {"sofa" : 12,  "begin" : 505,  "end" : 508 }, 
        {"sofa" : 12,  "begin" : 509,  "end" : 513 }, 
        {"sofa" : 12,  "begin" : 514,  "end" : 523 }, 
        {"sofa" : 12,  "begin" : 524,  "end" : 526 }, 
        {"sofa" : 12,  "begin" : 527,  "end" : 529 }, 
        {"sofa" : 12,  "begin" : 530,  "end" : 532 }, 
        {"sofa" : 12,  "begin" : 533,  "end" : 541 }, 
        {"sofa" : 12,  "begin" : 542,  "end" : 545 }, 
        {"sofa" : 12,  "begin" : 546,  "end" : 550 }, 
        {"sofa" : 12,  "begin" : 551,  "end" : 559 }, 
        {"sofa" : 12,  "begin" : 560,  "end" : 563 }, 
        {"sofa" : 12,  "begin" : 564,  "end" : 567 }, 
        {"sofa" : 12,  "begin" : 568,  "end" : 573 }, 
        {"sofa" : 12,  "begin" : 574,  "end" : 575 } ], 
      "Eventclauses" : [
        {"sofa" : 12,  "begin" : 61,  "end" : 125,  "EventPolarity" : "EVE negative",  "Prominence" : "Background" }, 
        {"sofa" : 12,  "begin" : 127,  "end" : 192,  "EventPolarity" : "EVE positive",  "Prominence" : "Background" }, 
        {"sofa" : 12,  "begin" : 197,  "end" : 260,  "EventPolarity" : "EVE positive",  "Prominence" : "Main" }, 
        {"sofa" : 12,  "begin" : 267,  "end" : 311,  "EventPolarity" : "EVE positive",  "Prominence" : "Main" }, 
        {"sofa" : 12,  "begin" : 315,  "end" : 378,  "EventPolarity" : "EVE neutral",  "Prominence" : "Background" }, 
        {"sofa" : 12,  "begin" : 381,  "end" : 396,  "EventPolarity" : "EVE neutral",  "Prominence" : "Background" }, 
        {"sofa" : 12,  "begin" : 401,  "end" : 425,  "EventPolarity" : "EVE positive",  "Prominence" : "Background" }, 
        {"sofa" : 12,  "begin" : 428,  "end" : 496,  "EventPolarity" : "EVE neutral",  "Prominence" : "Background" } ] } }, 
  "_referenced_fss" : {
    "12" : {"_type" : "Sofa",  "sofaNum" : 1,  "sofaID" : "_InitialView",  "mimeType" : "text",  "sofaString" : "Hoe moet het nu verder met kernuitstap na weigering Demir ?\n Zelfs federale energieminister kan ( nog ) geen oplossing bieden\n Federaal minister van Energie Tinne Van der Straeten blijft hopen dat een nieuwe gascentrale in Vilvoorde binnen vier jaar kan helpen om de sluiting van de kerncentrales te compenseren .\n De eerste verantwoordelijkheid ligt nog altijd bij de producent , die moet zorgen dat hij een vergunning heeft.\n In tussentijd werkt de minister zelf op een aantal parallelle pistes , al is het niet duidelijk of ze de deadline van eind november nog zal halen .\n " } } }