{"_context" : {
    "_types" : {
      "DocumentMetaData" : {
        "_feature_types" : {"sofa" : "_ref" } }, 
      "Eventclauses" : {
        "_feature_types" : {"sofa" : "_ref",  "Arguments" : "_ref",  "Polarity" : "_ref",  "PolarityTrigger" : "_ref",  "Sameclause" : "_ref" } }, 
      "Sentence" : {
        "_feature_types" : {"sofa" : "_ref" } }, 
      "Sofa" : {
        "_feature_types" : {"sofaArray" : "_ref" } }, 
      "TagsetDescription" : {
        "_feature_types" : {"sofa" : "_ref",  "tags" : "_ref" } }, 
      "Token" : {
        "_feature_types" : {"sofa" : "_ref",  "parent" : "_ref",  "lemma" : "_ref",  "stem" : "_ref",  "pos" : "_ref",  "morph" : "_ref",  "form" : "_ref" } }, 
      "DocumentAnnotation" : {
        "_feature_types" : {"sofa" : "_ref" }, 
        "_subtypes" : ["DocumentMetaData" ] }, 
      "Annotation" : {
        "_feature_types" : {"sofa" : "_ref" }, 
        "_subtypes" : ["DocumentAnnotation",  "Eventclauses",  "Sentence",  "TagsetDescription",  "Token" ] }, 
      "AnnotationBase" : {
        "_feature_types" : {"sofa" : "_ref" }, 
        "_subtypes" : ["Annotation" ] }, 
      "TOP" : {
        "_subtypes" : ["AnnotationBase",  "Sofa" ] } } }, 
  "_views" : {
    "_InitialView" : {
      "DocumentMetaData" : [
        {"sofa" : 12,  "end" : 425,  "language" : "x-unspecified",  "documentTitle" : "dmf20211117_93047386.txt",  "documentId" : "WoutBoven",  "documentUri" : "file:/export/repository/project/114/document/44324/source/WoutBoven",  "collectionId" : "file:/export/repository/project/114/document/44324/source/",  "documentBaseUri" : "file:/export/repository/project/114/document/44324/source/",  "isLastSegment" : false } ], 
      "TagsetDescription" : [
        {"sofa" : 12,  "layer" : "de.tudarmstadt.ukp.dkpro.core.api.syntax.type.dependency.Dependency",  "name" : "UD Universal Dependencies",  "input" : false }, 
        {"sofa" : 12,  "layer" : "webanno.custom.Entities",  "name" : "Entity - mention level types",  "input" : false }, 
        {"sofa" : 12,  "layer" : "webanno.custom.Eventclauses",  "name" : "Event - tense",  "input" : false }, 
        {"sofa" : 12,  "layer" : "webanno.custom.Eventsarguments",  "name" : "eventdna_argument_entities_(auto)",  "input" : false }, 
        {"sofa" : 12,  "layer" : "webanno.custom.Namedentities",  "name" : "NE types",  "input" : false }, 
        {"sofa" : 12,  "layer" : "webanno.custom.EntitiesLETSpreanno",  "name" : "Named entity - types",  "input" : false }, 
        {"sofa" : 12,  "layer" : "de.tudarmstadt.ukp.dkpro.core.api.transform.type.SofaChangeAnnotation",  "name" : "Operation",  "input" : false }, 
        {"sofa" : 12,  "layer" : "de.tudarmstadt.ukp.dkpro.core.api.lexmorph.type.pos.POS",  "name" : "UD Universal POS tags",  "input" : false }, 
        {"sofa" : 12,  "layer" : "webanno.custom.Polaritytriggers",  "name" : "Polarity",  "input" : false }, 
        {"sofa" : 12,  "layer" : "de.tudarmstadt.ukp.dkpro.core.api.segmentation.type.SurfaceForm",  "name" : "Named Entity tags",  "input" : false } ], 
      "Sentence" : [
        {"sofa" : 12,  "end" : 84 }, 
        {"sofa" : 12,  "begin" : 86,  "end" : 103 }, 
        {"sofa" : 12,  "begin" : 105,  "end" : 120 }, 
        {"sofa" : 12,  "begin" : 122,  "end" : 136 }, 
        {"sofa" : 12,  "begin" : 138,  "end" : 317 }, 
        {"sofa" : 12,  "begin" : 319,  "end" : 423 } ], 
      "Token" : [
        {"sofa" : 12,  "end" : 3 }, 
        {"sofa" : 12,  "begin" : 4,  "end" : 8 }, 
        {"sofa" : 12,  "begin" : 9,  "end" : 14 }, 
        {"sofa" : 12,  "begin" : 15,  "end" : 22 }, 
        {"sofa" : 12,  "begin" : 23,  "end" : 24 }, 
        {"sofa" : 12,  "begin" : 25,  "end" : 33 }, 
        {"sofa" : 12,  "begin" : 34,  "end" : 35 }, 
        {"sofa" : 12,  "begin" : 36,  "end" : 39 }, 
        {"sofa" : 12,  "begin" : 40,  "end" : 47 }, 
        {"sofa" : 12,  "begin" : 48,  "end" : 50 }, 
        {"sofa" : 12,  "begin" : 51,  "end" : 60 }, 
        {"sofa" : 12,  "begin" : 61,  "end" : 62 }, 
        {"sofa" : 12,  "begin" : 63,  "end" : 65 }, 
        {"sofa" : 12,  "begin" : 66,  "end" : 69 }, 
        {"sofa" : 12,  "begin" : 70,  "end" : 73 }, 
        {"sofa" : 12,  "begin" : 74,  "end" : 76 }, 
        {"sofa" : 12,  "begin" : 77,  "end" : 84 }, 
        {"sofa" : 12,  "begin" : 86,  "end" : 90 }, 
        {"sofa" : 12,  "begin" : 91,  "end" : 101 }, 
        {"sofa" : 12,  "begin" : 102,  "end" : 103 }, 
        {"sofa" : 12,  "begin" : 105,  "end" : 109 }, 
        {"sofa" : 12,  "begin" : 110,  "end" : 118 }, 
        {"sofa" : 12,  "begin" : 119,  "end" : 120 }, 
        {"sofa" : 12,  "begin" : 122,  "end" : 126 }, 
        {"sofa" : 12,  "begin" : 127,  "end" : 134 }, 
        {"sofa" : 12,  "begin" : 135,  "end" : 136 }, 
        {"sofa" : 12,  "begin" : 138,  "end" : 143 }, 
        {"sofa" : 12,  "begin" : 144,  "end" : 154 }, 
        {"sofa" : 12,  "begin" : 155,  "end" : 156 }, 
        {"sofa" : 12,  "begin" : 157,  "end" : 163 }, 
        {"sofa" : 12,  "begin" : 164,  "end" : 177 }, 
        {"sofa" : 12,  "begin" : 177,  "end" : 178 }, 
        {"sofa" : 12,  "begin" : 178,  "end" : 185 }, 
        {"sofa" : 12,  "begin" : 186,  "end" : 191 }, 
        {"sofa" : 12,  "begin" : 192,  "end" : 199 }, 
        {"sofa" : 12,  "begin" : 200,  "end" : 201 }, 
        {"sofa" : 12,  "begin" : 202,  "end" : 205 }, 
        {"sofa" : 12,  "begin" : 206,  "end" : 209 }, 
        {"sofa" : 12,  "begin" : 210,  "end" : 221 }, 
        {"sofa" : 12,  "begin" : 222,  "end" : 232 }, 
        {"sofa" : 12,  "begin" : 233,  "end" : 238 }, 
        {"sofa" : 12,  "begin" : 239,  "end" : 245 }, 
        {"sofa" : 12,  "begin" : 246,  "end" : 250 }, 
        {"sofa" : 12,  "begin" : 251,  "end" : 254 }, 
        {"sofa" : 12,  "begin" : 255,  "end" : 257 }, 
        {"sofa" : 12,  "begin" : 258,  "end" : 262 }, 
        {"sofa" : 12,  "begin" : 263,  "end" : 266 }, 
        {"sofa" : 12,  "begin" : 267,  "end" : 268 }, 
        {"sofa" : 12,  "begin" : 269,  "end" : 273 }, 
        {"sofa" : 12,  "begin" : 274,  "end" : 276 }, 
        {"sofa" : 12,  "begin" : 277,  "end" : 285 }, 
        {"sofa" : 12,  "begin" : 286,  "end" : 288 }, 
        {"sofa" : 12,  "begin" : 289,  "end" : 292 }, 
        {"sofa" : 12,  "begin" : 293,  "end" : 300 }, 
        {"sofa" : 12,  "begin" : 301,  "end" : 307 }, 
        {"sofa" : 12,  "begin" : 308,  "end" : 315 }, 
        {"sofa" : 12,  "begin" : 316,  "end" : 317 }, 
        {"sofa" : 12,  "begin" : 319,  "end" : 323 }, 
        {"sofa" : 12,  "begin" : 323,  "end" : 324 }, 
        {"sofa" : 12,  "begin" : 325,  "end" : 328 }, 
        {"sofa" : 12,  "begin" : 329,  "end" : 330 }, 
        {"sofa" : 12,  "begin" : 331,  "end" : 338 }, 
        {"sofa" : 12,  "begin" : 339,  "end" : 343 }, 
        {"sofa" : 12,  "begin" : 344,  "end" : 347 }, 
        {"sofa" : 12,  "begin" : 348,  "end" : 352 }, 
        {"sofa" : 12,  "begin" : 353,  "end" : 356 }, 
        {"sofa" : 12,  "begin" : 357,  "end" : 359 }, 
        {"sofa" : 12,  "begin" : 360,  "end" : 365 }, 
        {"sofa" : 12,  "begin" : 366,  "end" : 369 }, 
        {"sofa" : 12,  "begin" : 370,  "end" : 373 }, 
        {"sofa" : 12,  "begin" : 374,  "end" : 381 }, 
        {"sofa" : 12,  "begin" : 382,  "end" : 385 }, 
        {"sofa" : 12,  "begin" : 386,  "end" : 395 }, 
        {"sofa" : 12,  "begin" : 396,  "end" : 401 }, 
        {"sofa" : 12,  "begin" : 402,  "end" : 410 }, 
        {"sofa" : 12,  "begin" : 411,  "end" : 413 }, 
        {"sofa" : 12,  "begin" : 414,  "end" : 421 }, 
        {"sofa" : 12,  "begin" : 422,  "end" : 423 } ], 
      "Eventclauses" : [
        {"sofa" : 12,  "end" : 33,  "EventPolarity" : "EVE neutral",  "Prominence" : "Main" }, 
        {"sofa" : 12,  "begin" : 63,  "end" : 84,  "EventPolarity" : "EVE neutral",  "Prominence" : "Background" } ] } }, 
  "_referenced_fss" : {
    "12" : {"_type" : "Sofa",  "sofaNum" : 1,  "sofaID" : "_InitialView",  "mimeType" : "text",  "sofaString" : "Dit doet Bieke Ilegems s ochtends : Het bezorgt je inzichten , ik doe het al maanden\n Vier levenstips ?\n Geen probleem .\n Maar compact ?\n Haast onmogelijk , beseft presentatrice / actrice Bieke Ilegems , die net driehonderd bladzijden heeft gevuld over hoe we meer zin , ziel en sprankel in ons bestaan kunnen krijgen .\n Fuck ( ing ) perfect heet het boek van de vrouw die ons voorbij een kabbelend leven probeert te krijgen .\n " } } }
