{"_context" : {
    "_types" : {
      "DocumentMetaData" : {
        "_feature_types" : {"sofa" : "_ref" } }, 
      "Eventclauses" : {
        "_feature_types" : {"sofa" : "_ref",  "Arguments" : "_ref",  "Polarity" : "_ref",  "PolarityTrigger" : "_ref",  "Sameclause" : "_ref" } }, 
      "Sentence" : {
        "_feature_types" : {"sofa" : "_ref" } }, 
      "Sofa" : {
        "_feature_types" : {"sofaArray" : "_ref" } }, 
      "TagsetDescription" : {
        "_feature_types" : {"sofa" : "_ref",  "tags" : "_ref" } }, 
      "Token" : {
        "_feature_types" : {"sofa" : "_ref",  "parent" : "_ref",  "lemma" : "_ref",  "stem" : "_ref",  "pos" : "_ref",  "morph" : "_ref",  "form" : "_ref" } }, 
      "DocumentAnnotation" : {
        "_feature_types" : {"sofa" : "_ref" }, 
        "_subtypes" : ["DocumentMetaData" ] }, 
      "Annotation" : {
        "_feature_types" : {"sofa" : "_ref" }, 
        "_subtypes" : ["DocumentAnnotation",  "Eventclauses",  "Sentence",  "TagsetDescription",  "Token" ] }, 
      "AnnotationBase" : {
        "_feature_types" : {"sofa" : "_ref" }, 
        "_subtypes" : ["Annotation" ] }, 
      "TOP" : {
        "_subtypes" : ["AnnotationBase",  "Sofa" ] } } }, 
  "_views" : {
    "_InitialView" : {
      "DocumentMetaData" : [
        {"sofa" : 12,  "end" : 367,  "language" : "x-unspecified",  "documentTitle" : "dmf20211108_95193815.txt",  "documentId" : "WoutBoven",  "documentUri" : "file:/export/repository/project/114/document/44387/source/WoutBoven",  "collectionId" : "file:/export/repository/project/114/document/44387/source/",  "documentBaseUri" : "file:/export/repository/project/114/document/44387/source/",  "isLastSegment" : false } ], 
      "TagsetDescription" : [
        {"sofa" : 12,  "layer" : "de.tudarmstadt.ukp.dkpro.core.api.syntax.type.dependency.Dependency",  "name" : "UD Universal Dependencies",  "input" : false }, 
        {"sofa" : 12,  "layer" : "webanno.custom.Entities",  "name" : "Entity - mention level types",  "input" : false }, 
        {"sofa" : 12,  "layer" : "webanno.custom.Eventclauses",  "name" : "Event - tense",  "input" : false }, 
        {"sofa" : 12,  "layer" : "webanno.custom.Eventsarguments",  "name" : "eventdna_argument_entities_(auto)",  "input" : false }, 
        {"sofa" : 12,  "layer" : "webanno.custom.Namedentities",  "name" : "NE types",  "input" : false }, 
        {"sofa" : 12,  "layer" : "webanno.custom.EntitiesLETSpreanno",  "name" : "Named entity - types",  "input" : false }, 
        {"sofa" : 12,  "layer" : "de.tudarmstadt.ukp.dkpro.core.api.transform.type.SofaChangeAnnotation",  "name" : "Operation",  "input" : false }, 
        {"sofa" : 12,  "layer" : "de.tudarmstadt.ukp.dkpro.core.api.lexmorph.type.pos.POS",  "name" : "UD Universal POS tags",  "input" : false }, 
        {"sofa" : 12,  "layer" : "webanno.custom.Polaritytriggers",  "name" : "Polarity",  "input" : false }, 
        {"sofa" : 12,  "layer" : "de.tudarmstadt.ukp.dkpro.core.api.segmentation.type.SurfaceForm",  "name" : "Named Entity tags",  "input" : false } ], 
      "Sentence" : [
        {"sofa" : 12,  "end" : 107 }, 
        {"sofa" : 12,  "begin" : 109,  "end" : 223 }, 
        {"sofa" : 12,  "begin" : 225,  "end" : 293 }, 
        {"sofa" : 12,  "begin" : 295,  "end" : 365 } ], 
      "Token" : [
        {"sofa" : 12,  "end" : 4 }, 
        {"sofa" : 12,  "begin" : 5,  "end" : 10 }, 
        {"sofa" : 12,  "begin" : 11,  "end" : 12 }, 
        {"sofa" : 12,  "begin" : 13,  "end" : 17 }, 
        {"sofa" : 12,  "begin" : 18,  "end" : 24 }, 
        {"sofa" : 12,  "begin" : 25,  "end" : 33 }, 
        {"sofa" : 12,  "begin" : 34,  "end" : 35 }, 
        {"sofa" : 12,  "begin" : 36,  "end" : 43 }, 
        {"sofa" : 12,  "begin" : 44,  "end" : 46 }, 
        {"sofa" : 12,  "begin" : 47,  "end" : 60 }, 
        {"sofa" : 12,  "begin" : 61,  "end" : 74 }, 
        {"sofa" : 12,  "begin" : 75,  "end" : 83 }, 
        {"sofa" : 12,  "begin" : 84,  "end" : 88 }, 
        {"sofa" : 12,  "begin" : 89,  "end" : 95 }, 
        {"sofa" : 12,  "begin" : 96,  "end" : 107 }, 
        {"sofa" : 12,  "begin" : 109,  "end" : 113 }, 
        {"sofa" : 12,  "begin" : 114,  "end" : 117 }, 
        {"sofa" : 12,  "begin" : 118,  "end" : 126 }, 
        {"sofa" : 12,  "begin" : 127,  "end" : 136 }, 
        {"sofa" : 12,  "begin" : 137,  "end" : 151 }, 
        {"sofa" : 12,  "begin" : 152,  "end" : 153 }, 
        {"sofa" : 12,  "begin" : 154,  "end" : 158 }, 
        {"sofa" : 12,  "begin" : 159,  "end" : 161 }, 
        {"sofa" : 12,  "begin" : 162,  "end" : 169 }, 
        {"sofa" : 12,  "begin" : 170,  "end" : 173 }, 
        {"sofa" : 12,  "begin" : 174,  "end" : 178 }, 
        {"sofa" : 12,  "begin" : 179,  "end" : 181 }, 
        {"sofa" : 12,  "begin" : 182,  "end" : 186 }, 
        {"sofa" : 12,  "begin" : 187,  "end" : 193 }, 
        {"sofa" : 12,  "begin" : 194,  "end" : 199 }, 
        {"sofa" : 12,  "begin" : 200,  "end" : 202 }, 
        {"sofa" : 12,  "begin" : 203,  "end" : 210 }, 
        {"sofa" : 12,  "begin" : 211,  "end" : 221 }, 
        {"sofa" : 12,  "begin" : 222,  "end" : 223 }, 
        {"sofa" : 12,  "begin" : 225,  "end" : 238 }, 
        {"sofa" : 12,  "begin" : 239,  "end" : 242 }, 
        {"sofa" : 12,  "begin" : 243,  "end" : 245 }, 
        {"sofa" : 12,  "begin" : 246,  "end" : 258 }, 
        {"sofa" : 12,  "begin" : 259,  "end" : 272 }, 
        {"sofa" : 12,  "begin" : 273,  "end" : 275 }, 
        {"sofa" : 12,  "begin" : 276,  "end" : 279 }, 
        {"sofa" : 12,  "begin" : 280,  "end" : 291 }, 
        {"sofa" : 12,  "begin" : 292,  "end" : 293 }, 
        {"sofa" : 12,  "begin" : 295,  "end" : 298 }, 
        {"sofa" : 12,  "begin" : 299,  "end" : 303 }, 
        {"sofa" : 12,  "begin" : 304,  "end" : 306 }, 
        {"sofa" : 12,  "begin" : 307,  "end" : 311 }, 
        {"sofa" : 12,  "begin" : 312,  "end" : 315 }, 
        {"sofa" : 12,  "begin" : 316,  "end" : 317 }, 
        {"sofa" : 12,  "begin" : 318,  "end" : 323 }, 
        {"sofa" : 12,  "begin" : 324,  "end" : 327 }, 
        {"sofa" : 12,  "begin" : 328,  "end" : 335 }, 
        {"sofa" : 12,  "begin" : 336,  "end" : 342 }, 
        {"sofa" : 12,  "begin" : 343,  "end" : 351 }, 
        {"sofa" : 12,  "begin" : 352,  "end" : 354 }, 
        {"sofa" : 12,  "begin" : 355,  "end" : 357 }, 
        {"sofa" : 12,  "begin" : 358,  "end" : 363 }, 
        {"sofa" : 12,  "begin" : 364,  "end" : 365 } ], 
      "Eventclauses" : [
        {"sofa" : 12,  "begin" : 36,  "end" : 107,  "EventPolarity" : "EVE neutral",  "Prominence" : "Main" }, 
        {"sofa" : 12,  "begin" : 109,  "end" : 151,  "EventPolarity" : "EVE negative",  "Prominence" : "Background" }, 
        {"sofa" : 12,  "begin" : 162,  "end" : 193,  "EventPolarity" : "EVE neutral",  "Prominence" : "Background" }, 
        {"sofa" : 12,  "begin" : 225,  "end" : 291,  "EventPolarity" : "EVE neutral",  "Prominence" : "Main" }, 
        {"sofa" : 12,  "begin" : 295,  "end" : 363,  "EventPolarity" : "EVE neutral",  "Prominence" : "Background" } ] } }, 
  "_referenced_fss" : {
    "12" : {"_type" : "Sofa",  "sofaNum" : 1,  "sofaID" : "_InitialView",  "mimeType" : "text",  "sofaString" : "Geen boete , maar gratis lichtjes : agenten en vrijwilligers onderscheppen fietsers voor betere verlichting\n Heel wat fietsers schrokken maandagochtend , toen de politie hen naar de kant haalde onder de Ieperse Menenpoort .\n Vrijwilligers van de Fietsersbond controleerden er hun verlichting .\n Wie niet in orde was , kreeg ter plaatse gratis lichtjes op de fiets .\n " } } }