{"_context" : {
    "_types" : {
      "DocumentMetaData" : {
        "_feature_types" : {"sofa" : "_ref" } }, 
      "Eventclauses" : {
        "_feature_types" : {"sofa" : "_ref",  "Arguments" : "_ref",  "Polarity" : "_ref",  "PolarityTrigger" : "_ref",  "Sameclause" : "_ref" } }, 
      "Sentence" : {
        "_feature_types" : {"sofa" : "_ref" } }, 
      "Sofa" : {
        "_feature_types" : {"sofaArray" : "_ref" } }, 
      "TagsetDescription" : {
        "_feature_types" : {"sofa" : "_ref",  "tags" : "_ref" } }, 
      "Token" : {
        "_feature_types" : {"sofa" : "_ref",  "parent" : "_ref",  "lemma" : "_ref",  "stem" : "_ref",  "pos" : "_ref",  "morph" : "_ref",  "form" : "_ref" } }, 
      "DocumentAnnotation" : {
        "_feature_types" : {"sofa" : "_ref" }, 
        "_subtypes" : ["DocumentMetaData" ] }, 
      "Annotation" : {
        "_feature_types" : {"sofa" : "_ref" }, 
        "_subtypes" : ["DocumentAnnotation",  "Eventclauses",  "Sentence",  "TagsetDescription",  "Token" ] }, 
      "AnnotationBase" : {
        "_feature_types" : {"sofa" : "_ref" }, 
        "_subtypes" : ["Annotation" ] }, 
      "TOP" : {
        "_subtypes" : ["AnnotationBase",  "Sofa" ] } } }, 
  "_views" : {
    "_InitialView" : {
      "DocumentMetaData" : [
        {"sofa" : 12,  "end" : 371,  "language" : "x-unspecified",  "documentTitle" : "dmf20211123_97515143.txt",  "documentId" : "WoutBoven",  "documentUri" : "file:/export/repository/project/114/document/44275/source/WoutBoven",  "collectionId" : "file:/export/repository/project/114/document/44275/source/",  "documentBaseUri" : "file:/export/repository/project/114/document/44275/source/",  "isLastSegment" : false } ], 
      "TagsetDescription" : [
        {"sofa" : 12,  "layer" : "de.tudarmstadt.ukp.dkpro.core.api.syntax.type.dependency.Dependency",  "name" : "UD Universal Dependencies",  "input" : false }, 
        {"sofa" : 12,  "layer" : "webanno.custom.Entities",  "name" : "Entity - mention level types",  "input" : false }, 
        {"sofa" : 12,  "layer" : "webanno.custom.Eventclauses",  "name" : "Event - tense",  "input" : false }, 
        {"sofa" : 12,  "layer" : "webanno.custom.Eventsarguments",  "name" : "eventdna_argument_entities_(auto)",  "input" : false }, 
        {"sofa" : 12,  "layer" : "webanno.custom.Namedentities",  "name" : "NE types",  "input" : false }, 
        {"sofa" : 12,  "layer" : "webanno.custom.EntitiesLETSpreanno",  "name" : "Named entity - types",  "input" : false }, 
        {"sofa" : 12,  "layer" : "de.tudarmstadt.ukp.dkpro.core.api.transform.type.SofaChangeAnnotation",  "name" : "Operation",  "input" : false }, 
        {"sofa" : 12,  "layer" : "de.tudarmstadt.ukp.dkpro.core.api.lexmorph.type.pos.POS",  "name" : "UD Universal POS tags",  "input" : false }, 
        {"sofa" : 12,  "layer" : "webanno.custom.Polaritytriggers",  "name" : "Polarity",  "input" : false }, 
        {"sofa" : 12,  "layer" : "de.tudarmstadt.ukp.dkpro.core.api.segmentation.type.SurfaceForm",  "name" : "Named Entity tags",  "input" : false } ], 
      "Sentence" : [
        {"sofa" : 12,  "end" : 66 }, 
        {"sofa" : 12,  "begin" : 68,  "end" : 130 }, 
        {"sofa" : 12,  "begin" : 132,  "end" : 232 }, 
        {"sofa" : 12,  "begin" : 234,  "end" : 369 } ], 
      "Token" : [
        {"sofa" : 12,  "end" : 7 }, 
        {"sofa" : 12,  "begin" : 7,  "end" : 8 }, 
        {"sofa" : 12,  "begin" : 9,  "end" : 11 }, 
        {"sofa" : 12,  "begin" : 12,  "end" : 29 }, 
        {"sofa" : 12,  "begin" : 30,  "end" : 34 }, 
        {"sofa" : 12,  "begin" : 35,  "end" : 38 }, 
        {"sofa" : 12,  "begin" : 38,  "end" : 39 }, 
        {"sofa" : 12,  "begin" : 40,  "end" : 42 }, 
        {"sofa" : 12,  "begin" : 43,  "end" : 53 }, 
        {"sofa" : 12,  "begin" : 54,  "end" : 57 }, 
        {"sofa" : 12,  "begin" : 58,  "end" : 61 }, 
        {"sofa" : 12,  "begin" : 62,  "end" : 66 }, 
        {"sofa" : 12,  "begin" : 68,  "end" : 77 }, 
        {"sofa" : 12,  "begin" : 78,  "end" : 85 }, 
        {"sofa" : 12,  "begin" : 86,  "end" : 90 }, 
        {"sofa" : 12,  "begin" : 91,  "end" : 93 }, 
        {"sofa" : 12,  "begin" : 94,  "end" : 95 }, 
        {"sofa" : 12,  "begin" : 95,  "end" : 105 }, 
        {"sofa" : 12,  "begin" : 106,  "end" : 109 }, 
        {"sofa" : 12,  "begin" : 110,  "end" : 113 }, 
        {"sofa" : 12,  "begin" : 114,  "end" : 118 }, 
        {"sofa" : 12,  "begin" : 118,  "end" : 119 }, 
        {"sofa" : 12,  "begin" : 120,  "end" : 128 }, 
        {"sofa" : 12,  "begin" : 129,  "end" : 130 }, 
        {"sofa" : 12,  "begin" : 132,  "end" : 139 }, 
        {"sofa" : 12,  "begin" : 140,  "end" : 147 }, 
        {"sofa" : 12,  "begin" : 148,  "end" : 151 }, 
        {"sofa" : 12,  "begin" : 152,  "end" : 154 }, 
        {"sofa" : 12,  "begin" : 155,  "end" : 158 }, 
        {"sofa" : 12,  "begin" : 159,  "end" : 170 }, 
        {"sofa" : 12,  "begin" : 171,  "end" : 177 }, 
        {"sofa" : 12,  "begin" : 178,  "end" : 179 }, 
        {"sofa" : 12,  "begin" : 180,  "end" : 184 }, 
        {"sofa" : 12,  "begin" : 185,  "end" : 189 }, 
        {"sofa" : 12,  "begin" : 190,  "end" : 196 }, 
        {"sofa" : 12,  "begin" : 197,  "end" : 201 }, 
        {"sofa" : 12,  "begin" : 202,  "end" : 205 }, 
        {"sofa" : 12,  "begin" : 206,  "end" : 208 }, 
        {"sofa" : 12,  "begin" : 209,  "end" : 212 }, 
        {"sofa" : 12,  "begin" : 213,  "end" : 221 }, 
        {"sofa" : 12,  "begin" : 222,  "end" : 230 }, 
        {"sofa" : 12,  "begin" : 231,  "end" : 232 }, 
        {"sofa" : 12,  "begin" : 234,  "end" : 242 }, 
        {"sofa" : 12,  "begin" : 243,  "end" : 251 }, 
        {"sofa" : 12,  "begin" : 252,  "end" : 260 }, 
        {"sofa" : 12,  "begin" : 261,  "end" : 263 }, 
        {"sofa" : 12,  "begin" : 264,  "end" : 272 }, 
        {"sofa" : 12,  "begin" : 273,  "end" : 279 }, 
        {"sofa" : 12,  "begin" : 280,  "end" : 283 }, 
        {"sofa" : 12,  "begin" : 284,  "end" : 291 }, 
        {"sofa" : 12,  "begin" : 291,  "end" : 292 }, 
        {"sofa" : 12,  "begin" : 293,  "end" : 295 }, 
        {"sofa" : 12,  "begin" : 296,  "end" : 313 }, 
        {"sofa" : 12,  "begin" : 314,  "end" : 318 }, 
        {"sofa" : 12,  "begin" : 319,  "end" : 322 }, 
        {"sofa" : 12,  "begin" : 322,  "end" : 323 }, 
        {"sofa" : 12,  "begin" : 324,  "end" : 327 }, 
        {"sofa" : 12,  "begin" : 328,  "end" : 334 }, 
        {"sofa" : 12,  "begin" : 335,  "end" : 340 }, 
        {"sofa" : 12,  "begin" : 341,  "end" : 343 }, 
        {"sofa" : 12,  "begin" : 344,  "end" : 348 }, 
        {"sofa" : 12,  "begin" : 349,  "end" : 355 }, 
        {"sofa" : 12,  "begin" : 356,  "end" : 364 }, 
        {"sofa" : 12,  "begin" : 365,  "end" : 367 }, 
        {"sofa" : 12,  "begin" : 368,  "end" : 369 } ], 
      "Eventclauses" : [
        {"sofa" : 12,  "end" : 66,  "EventPolarity" : "EVE positive",  "Prominence" : "Main" }, 
        {"sofa" : 12,  "begin" : 68,  "end" : 128,  "EventPolarity" : "EVE neutral",  "Prominence" : "Background" } ] } }, 
  "_referenced_fss" : {
    "12" : {"_type" : "Sofa",  "sofaNum" : 1,  "sofaID" : "_InitialView",  "mimeType" : "text",  "sofaString" : "Vrouwen - en kinderkledingzaak Shop lou . is ondernemer van het jaar\n Afgelopen weekend werd de ' ondernemer van het jaar ' verkozen .\n Normaal gebeurt dat op een feestelijke manier , maar door corona werd het nu een digitaal gebeuren .\n Winnaars Nathalie Janssens en Nathalie Sluyts van vrouwen - en kinderkledingzaak Shop lou. uit Nijlen waren er niet minder gelukkig om .\n " } } }
