{"_context" : {
    "_types" : {
      "DocumentMetaData" : {
        "_feature_types" : {"sofa" : "_ref" } }, 
      "Eventclauses" : {
        "_feature_types" : {"sofa" : "_ref",  "Arguments" : "_ref",  "Polarity" : "_ref",  "PolarityTrigger" : "_ref",  "Sameclause" : "_ref" } }, 
      "Sentence" : {
        "_feature_types" : {"sofa" : "_ref" } }, 
      "Sofa" : {
        "_feature_types" : {"sofaArray" : "_ref" } }, 
      "TagsetDescription" : {
        "_feature_types" : {"sofa" : "_ref",  "tags" : "_ref" } }, 
      "Token" : {
        "_feature_types" : {"sofa" : "_ref",  "parent" : "_ref",  "lemma" : "_ref",  "stem" : "_ref",  "pos" : "_ref",  "morph" : "_ref",  "form" : "_ref" } }, 
      "DocumentAnnotation" : {
        "_feature_types" : {"sofa" : "_ref" }, 
        "_subtypes" : ["DocumentMetaData" ] }, 
      "Annotation" : {
        "_feature_types" : {"sofa" : "_ref" }, 
        "_subtypes" : ["DocumentAnnotation",  "Eventclauses",  "Sentence",  "TagsetDescription",  "Token" ] }, 
      "AnnotationBase" : {
        "_feature_types" : {"sofa" : "_ref" }, 
        "_subtypes" : ["Annotation" ] }, 
      "TOP" : {
        "_subtypes" : ["AnnotationBase",  "Sofa" ] } } }, 
  "_views" : {
    "_InitialView" : {
      "DocumentMetaData" : [
        {"sofa" : 12,  "end" : 375,  "language" : "x-unspecified",  "documentTitle" : "dmf20211126_94093335.txt",  "documentId" : "WoutBoven",  "documentUri" : "file:/export/repository/project/114/document/44257/source/WoutBoven",  "collectionId" : "file:/export/repository/project/114/document/44257/source/",  "documentBaseUri" : "file:/export/repository/project/114/document/44257/source/",  "isLastSegment" : false } ], 
      "TagsetDescription" : [
        {"sofa" : 12,  "layer" : "de.tudarmstadt.ukp.dkpro.core.api.syntax.type.dependency.Dependency",  "name" : "UD Universal Dependencies",  "input" : false }, 
        {"sofa" : 12,  "layer" : "webanno.custom.Entities",  "name" : "Entity - mention level types",  "input" : false }, 
        {"sofa" : 12,  "layer" : "webanno.custom.Eventclauses",  "name" : "Event - tense",  "input" : false }, 
        {"sofa" : 12,  "layer" : "webanno.custom.Eventsarguments",  "name" : "eventdna_argument_entities_(auto)",  "input" : false }, 
        {"sofa" : 12,  "layer" : "webanno.custom.Namedentities",  "name" : "NE types",  "input" : false }, 
        {"sofa" : 12,  "layer" : "webanno.custom.EntitiesLETSpreanno",  "name" : "Named entity - types",  "input" : false }, 
        {"sofa" : 12,  "layer" : "de.tudarmstadt.ukp.dkpro.core.api.transform.type.SofaChangeAnnotation",  "name" : "Operation",  "input" : false }, 
        {"sofa" : 12,  "layer" : "de.tudarmstadt.ukp.dkpro.core.api.lexmorph.type.pos.POS",  "name" : "UD Universal POS tags",  "input" : false }, 
        {"sofa" : 12,  "layer" : "webanno.custom.Polaritytriggers",  "name" : "Polarity",  "input" : false }, 
        {"sofa" : 12,  "layer" : "de.tudarmstadt.ukp.dkpro.core.api.segmentation.type.SurfaceForm",  "name" : "Named Entity tags",  "input" : false } ], 
      "Sentence" : [
        {"sofa" : 12,  "end" : 86 }, 
        {"sofa" : 12,  "begin" : 88,  "end" : 200 }, 
        {"sofa" : 12,  "begin" : 202,  "end" : 296 }, 
        {"sofa" : 12,  "begin" : 298,  "end" : 373 } ], 
      "Token" : [
        {"sofa" : 12,  "end" : 5 }, 
        {"sofa" : 12,  "begin" : 6,  "end" : 10 }, 
        {"sofa" : 12,  "begin" : 11,  "end" : 14 }, 
        {"sofa" : 12,  "begin" : 15,  "end" : 18 }, 
        {"sofa" : 12,  "begin" : 19,  "end" : 23 }, 
        {"sofa" : 12,  "begin" : 24,  "end" : 33 }, 
        {"sofa" : 12,  "begin" : 34,  "end" : 37 }, 
        {"sofa" : 12,  "begin" : 38,  "end" : 43 }, 
        {"sofa" : 12,  "begin" : 44,  "end" : 47 }, 
        {"sofa" : 12,  "begin" : 48,  "end" : 57 }, 
        {"sofa" : 12,  "begin" : 58,  "end" : 59 }, 
        {"sofa" : 12,  "begin" : 60,  "end" : 66 }, 
        {"sofa" : 12,  "begin" : 67,  "end" : 77 }, 
        {"sofa" : 12,  "begin" : 78,  "end" : 86 }, 
        {"sofa" : 12,  "begin" : 88,  "end" : 93 }, 
        {"sofa" : 12,  "begin" : 94,  "end" : 98 }, 
        {"sofa" : 12,  "begin" : 99,  "end" : 104 }, 
        {"sofa" : 12,  "begin" : 105,  "end" : 113 }, 
        {"sofa" : 12,  "begin" : 114,  "end" : 116 }, 
        {"sofa" : 12,  "begin" : 117,  "end" : 119 }, 
        {"sofa" : 12,  "begin" : 120,  "end" : 132 }, 
        {"sofa" : 12,  "begin" : 133,  "end" : 138 }, 
        {"sofa" : 12,  "begin" : 139,  "end" : 146 }, 
        {"sofa" : 12,  "begin" : 147,  "end" : 153 }, 
        {"sofa" : 12,  "begin" : 154,  "end" : 158 }, 
        {"sofa" : 12,  "begin" : 159,  "end" : 165 }, 
        {"sofa" : 12,  "begin" : 166,  "end" : 169 }, 
        {"sofa" : 12,  "begin" : 170,  "end" : 177 }, 
        {"sofa" : 12,  "begin" : 178,  "end" : 181 }, 
        {"sofa" : 12,  "begin" : 182,  "end" : 191 }, 
        {"sofa" : 12,  "begin" : 192,  "end" : 198 }, 
        {"sofa" : 12,  "begin" : 199,  "end" : 200 }, 
        {"sofa" : 12,  "begin" : 202,  "end" : 204 }, 
        {"sofa" : 12,  "begin" : 205,  "end" : 207 }, 
        {"sofa" : 12,  "begin" : 207,  "end" : 208 }, 
        {"sofa" : 12,  "begin" : 208,  "end" : 214 }, 
        {"sofa" : 12,  "begin" : 215,  "end" : 220 }, 
        {"sofa" : 12,  "begin" : 221,  "end" : 226 }, 
        {"sofa" : 12,  "begin" : 227,  "end" : 233 }, 
        {"sofa" : 12,  "begin" : 234,  "end" : 238 }, 
        {"sofa" : 12,  "begin" : 239,  "end" : 241 }, 
        {"sofa" : 12,  "begin" : 242,  "end" : 252 }, 
        {"sofa" : 12,  "begin" : 253,  "end" : 256 }, 
        {"sofa" : 12,  "begin" : 257,  "end" : 266 }, 
        {"sofa" : 12,  "begin" : 267,  "end" : 269 }, 
        {"sofa" : 12,  "begin" : 270,  "end" : 273 }, 
        {"sofa" : 12,  "begin" : 274,  "end" : 283 }, 
        {"sofa" : 12,  "begin" : 284,  "end" : 294 }, 
        {"sofa" : 12,  "begin" : 295,  "end" : 296 }, 
        {"sofa" : 12,  "begin" : 298,  "end" : 302 }, 
        {"sofa" : 12,  "begin" : 303,  "end" : 307 }, 
        {"sofa" : 12,  "begin" : 308,  "end" : 312 }, 
        {"sofa" : 12,  "begin" : 313,  "end" : 320 }, 
        {"sofa" : 12,  "begin" : 321,  "end" : 328 }, 
        {"sofa" : 12,  "begin" : 329,  "end" : 335 }, 
        {"sofa" : 12,  "begin" : 336,  "end" : 338 }, 
        {"sofa" : 12,  "begin" : 339,  "end" : 343 }, 
        {"sofa" : 12,  "begin" : 344,  "end" : 348 }, 
        {"sofa" : 12,  "begin" : 349,  "end" : 354 }, 
        {"sofa" : 12,  "begin" : 355,  "end" : 358 }, 
        {"sofa" : 12,  "begin" : 359,  "end" : 362 }, 
        {"sofa" : 12,  "begin" : 363,  "end" : 371 }, 
        {"sofa" : 12,  "begin" : 372,  "end" : 373 } ], 
      "Eventclauses" : [
        {"sofa" : 12,  "end" : 57,  "EventPolarity" : "EVE positive",  "Prominence" : "Main" }, 
        {"sofa" : 12,  "begin" : 60,  "end" : 86,  "EventPolarity" : "EVE positive",  "Prominence" : "Main" }, 
        {"sofa" : 12,  "begin" : 88,  "end" : 198,  "EventPolarity" : "EVE positive",  "Prominence" : "Main" }, 
        {"sofa" : 12,  "begin" : 205,  "end" : 294,  "EventPolarity" : "EVE negative",  "Prominence" : "Background" }, 
        {"sofa" : 12,  "begin" : 298,  "end" : 335,  "EventPolarity" : "EVE positive",  "Prominence" : "Background" }, 
        {"sofa" : 12,  "begin" : 344,  "end" : 371,  "EventPolarity" : "EVE positive",  "Prominence" : "Main" } ] } }, 
  "_referenced_fss" : {
    "12" : {"_type" : "Sofa",  "sofaNum" : 1,  "sofaID" : "_InitialView",  "mimeType" : "text",  "sofaString" : "Eddie Howe mag dan toch debuteren als coach van Newcastle : nieuwe coronatest negatief\n Eddie Howe maakt zaterdag in de uitwedstrijd tegen Arsenal alsnog zijn debuut als trainer van Newcastle United .\n De 43 - jarige coach miste vorige week de ontmoeting met Brentford na een positieve coronatest .\n Howe liet zich vrijdag opnieuw testen en deze keer bleek hij wel negatief .\n " } } }
