{"_context" : {
    "_types" : {
      "DocumentMetaData" : {
        "_feature_types" : {"sofa" : "_ref" } }, 
      "Eventclauses" : {
        "_feature_types" : {"sofa" : "_ref",  "Arguments" : "_ref",  "Polarity" : "_ref",  "PolarityTrigger" : "_ref",  "Sameclause" : "_ref" } }, 
      "Sentence" : {
        "_feature_types" : {"sofa" : "_ref" } }, 
      "Sofa" : {
        "_feature_types" : {"sofaArray" : "_ref" } }, 
      "TagsetDescription" : {
        "_feature_types" : {"sofa" : "_ref",  "tags" : "_ref" } }, 
      "Token" : {
        "_feature_types" : {"sofa" : "_ref",  "parent" : "_ref",  "lemma" : "_ref",  "stem" : "_ref",  "pos" : "_ref",  "morph" : "_ref",  "form" : "_ref" } }, 
      "DocumentAnnotation" : {
        "_feature_types" : {"sofa" : "_ref" }, 
        "_subtypes" : ["DocumentMetaData" ] }, 
      "Annotation" : {
        "_feature_types" : {"sofa" : "_ref" }, 
        "_subtypes" : ["DocumentAnnotation",  "Eventclauses",  "Sentence",  "TagsetDescription",  "Token" ] }, 
      "AnnotationBase" : {
        "_feature_types" : {"sofa" : "_ref" }, 
        "_subtypes" : ["Annotation" ] }, 
      "TOP" : {
        "_subtypes" : ["AnnotationBase",  "Sofa" ] } } }, 
  "_views" : {
    "_InitialView" : {
      "DocumentMetaData" : [
        {"sofa" : 12,  "end" : 375,  "language" : "x-unspecified",  "documentTitle" : "dmf20211121_94927589.txt",  "documentId" : "WoutBoven",  "documentUri" : "file:/export/repository/project/114/document/44298/source/WoutBoven",  "collectionId" : "file:/export/repository/project/114/document/44298/source/",  "documentBaseUri" : "file:/export/repository/project/114/document/44298/source/",  "isLastSegment" : false } ], 
      "TagsetDescription" : [
        {"sofa" : 12,  "layer" : "de.tudarmstadt.ukp.dkpro.core.api.syntax.type.dependency.Dependency",  "name" : "UD Universal Dependencies",  "input" : false }, 
        {"sofa" : 12,  "layer" : "webanno.custom.Entities",  "name" : "Entity - mention level types",  "input" : false }, 
        {"sofa" : 12,  "layer" : "webanno.custom.Eventclauses",  "name" : "Event - tense",  "input" : false }, 
        {"sofa" : 12,  "layer" : "webanno.custom.Eventsarguments",  "name" : "eventdna_argument_entities_(auto)",  "input" : false }, 
        {"sofa" : 12,  "layer" : "webanno.custom.Namedentities",  "name" : "NE types",  "input" : false }, 
        {"sofa" : 12,  "layer" : "webanno.custom.EntitiesLETSpreanno",  "name" : "Named entity - types",  "input" : false }, 
        {"sofa" : 12,  "layer" : "de.tudarmstadt.ukp.dkpro.core.api.transform.type.SofaChangeAnnotation",  "name" : "Operation",  "input" : false }, 
        {"sofa" : 12,  "layer" : "de.tudarmstadt.ukp.dkpro.core.api.lexmorph.type.pos.POS",  "name" : "UD Universal POS tags",  "input" : false }, 
        {"sofa" : 12,  "layer" : "webanno.custom.Polaritytriggers",  "name" : "Polarity",  "input" : false }, 
        {"sofa" : 12,  "layer" : "de.tudarmstadt.ukp.dkpro.core.api.segmentation.type.SurfaceForm",  "name" : "Named Entity tags",  "input" : false } ], 
      "Sentence" : [
        {"sofa" : 12,  "end" : 101 }, 
        {"sofa" : 12,  "begin" : 103,  "end" : 205 }, 
        {"sofa" : 12,  "begin" : 207,  "end" : 264 }, 
        {"sofa" : 12,  "begin" : 266,  "end" : 373 } ], 
      "Token" : [
        {"sofa" : 12,  "end" : 5 }, 
        {"sofa" : 12,  "begin" : 6,  "end" : 10 }, 
        {"sofa" : 12,  "begin" : 11,  "end" : 19 }, 
        {"sofa" : 12,  "begin" : 20,  "end" : 22 }, 
        {"sofa" : 12,  "begin" : 23,  "end" : 30 }, 
        {"sofa" : 12,  "begin" : 31,  "end" : 40 }, 
        {"sofa" : 12,  "begin" : 41,  "end" : 43 }, 
        {"sofa" : 12,  "begin" : 44,  "end" : 54 }, 
        {"sofa" : 12,  "begin" : 55,  "end" : 60 }, 
        {"sofa" : 12,  "begin" : 61,  "end" : 70 }, 
        {"sofa" : 12,  "begin" : 71,  "end" : 80 }, 
        {"sofa" : 12,  "begin" : 81,  "end" : 91 }, 
        {"sofa" : 12,  "begin" : 92,  "end" : 94 }, 
        {"sofa" : 12,  "begin" : 95,  "end" : 101 }, 
        {"sofa" : 12,  "begin" : 103,  "end" : 105 }, 
        {"sofa" : 12,  "begin" : 106,  "end" : 116 }, 
        {"sofa" : 12,  "begin" : 117,  "end" : 122 }, 
        {"sofa" : 12,  "begin" : 123,  "end" : 125 }, 
        {"sofa" : 12,  "begin" : 126,  "end" : 133 }, 
        {"sofa" : 12,  "begin" : 134,  "end" : 140 }, 
        {"sofa" : 12,  "begin" : 141,  "end" : 144 }, 
        {"sofa" : 12,  "begin" : 145,  "end" : 154 }, 
        {"sofa" : 12,  "begin" : 155,  "end" : 160 }, 
        {"sofa" : 12,  "begin" : 161,  "end" : 167 }, 
        {"sofa" : 12,  "begin" : 168,  "end" : 176 }, 
        {"sofa" : 12,  "begin" : 177,  "end" : 181 }, 
        {"sofa" : 12,  "begin" : 182,  "end" : 189 }, 
        {"sofa" : 12,  "begin" : 190,  "end" : 203 }, 
        {"sofa" : 12,  "begin" : 204,  "end" : 205 }, 
        {"sofa" : 12,  "begin" : 207,  "end" : 210 }, 
        {"sofa" : 12,  "begin" : 211,  "end" : 217 }, 
        {"sofa" : 12,  "begin" : 218,  "end" : 227 }, 
        {"sofa" : 12,  "begin" : 228,  "end" : 237 }, 
        {"sofa" : 12,  "begin" : 238,  "end" : 241 }, 
        {"sofa" : 12,  "begin" : 242,  "end" : 252 }, 
        {"sofa" : 12,  "begin" : 253,  "end" : 255 }, 
        {"sofa" : 12,  "begin" : 256,  "end" : 262 }, 
        {"sofa" : 12,  "begin" : 263,  "end" : 264 }, 
        {"sofa" : 12,  "begin" : 266,  "end" : 270 }, 
        {"sofa" : 12,  "begin" : 271,  "end" : 273 }, 
        {"sofa" : 12,  "begin" : 274,  "end" : 278 }, 
        {"sofa" : 12,  "begin" : 279,  "end" : 290 }, 
        {"sofa" : 12,  "begin" : 291,  "end" : 293 }, 
        {"sofa" : 12,  "begin" : 294,  "end" : 296 }, 
        {"sofa" : 12,  "begin" : 297,  "end" : 302 }, 
        {"sofa" : 12,  "begin" : 303,  "end" : 315 }, 
        {"sofa" : 12,  "begin" : 316,  "end" : 320 }, 
        {"sofa" : 12,  "begin" : 321,  "end" : 333 }, 
        {"sofa" : 12,  "begin" : 334,  "end" : 341 }, 
        {"sofa" : 12,  "begin" : 342,  "end" : 343 }, 
        {"sofa" : 12,  "begin" : 344,  "end" : 353 }, 
        {"sofa" : 12,  "begin" : 354,  "end" : 356 }, 
        {"sofa" : 12,  "begin" : 357,  "end" : 363 }, 
        {"sofa" : 12,  "begin" : 364,  "end" : 371 }, 
        {"sofa" : 12,  "begin" : 372,  "end" : 373 } ], 
      "Eventclauses" : [
        {"sofa" : 12,  "end" : 40,  "EventPolarity" : "EVE negative",  "Prominence" : "Main" }, 
        {"sofa" : 12,  "begin" : 61,  "end" : 101,  "EventPolarity" : "EVE negative",  "Prominence" : "Background" }, 
        {"sofa" : 12,  "begin" : 103,  "end" : 203,  "EventPolarity" : "EVE negative",  "Prominence" : "Main" }, 
        {"sofa" : 12,  "begin" : 207,  "end" : 262,  "EventPolarity" : "EVE negative",  "Prominence" : "Background" }, 
        {"sofa" : 12,  "begin" : 271,  "end" : 341,  "EventPolarity" : "EVE positive",  "Prominence" : "Background" } ] } }, 
  "_referenced_fss" : {
    "12" : {"_type" : "Sofa",  "sofaNum" : 1,  "sofaID" : "_InitialView",  "mimeType" : "text",  "sofaString" : "Trein naar betoging in Brussel stilgezet in Oudenaarde omdat reizigers weigerden mondmasker te dragen\n In Oudenaarde heeft de politie zondag een overvolle trein vanuit Kortrijk naar Brussel tegengehouden .\n Een aantal reizigers weigerden hun mondmasker te dragen .\n Maar na onze tussenkomst is de trein rechtstreeks naar Brussel-Zuid gereden , bevestigt de lokale politie .\n " } } }