{"_context" : {
    "_types" : {
      "DocumentMetaData" : {
        "_feature_types" : {"sofa" : "_ref" } }, 
      "Eventclauses" : {
        "_feature_types" : {"sofa" : "_ref",  "Arguments" : "_ref",  "Polarity" : "_ref",  "PolarityTrigger" : "_ref",  "Sameclause" : "_ref" } }, 
      "Sentence" : {
        "_feature_types" : {"sofa" : "_ref" } }, 
      "Sofa" : {
        "_feature_types" : {"sofaArray" : "_ref" } }, 
      "TagsetDescription" : {
        "_feature_types" : {"sofa" : "_ref",  "tags" : "_ref" } }, 
      "Token" : {
        "_feature_types" : {"sofa" : "_ref",  "parent" : "_ref",  "lemma" : "_ref",  "stem" : "_ref",  "pos" : "_ref",  "morph" : "_ref",  "form" : "_ref" } }, 
      "DocumentAnnotation" : {
        "_feature_types" : {"sofa" : "_ref" }, 
        "_subtypes" : ["DocumentMetaData" ] }, 
      "Annotation" : {
        "_feature_types" : {"sofa" : "_ref" }, 
        "_subtypes" : ["DocumentAnnotation",  "Eventclauses",  "Sentence",  "TagsetDescription",  "Token" ] }, 
      "AnnotationBase" : {
        "_feature_types" : {"sofa" : "_ref" }, 
        "_subtypes" : ["Annotation" ] }, 
      "TOP" : {
        "_subtypes" : ["AnnotationBase",  "Sofa" ] } } }, 
  "_views" : {
    "_InitialView" : {
      "DocumentMetaData" : [
        {"sofa" : 12,  "end" : 251,  "language" : "x-unspecified",  "documentTitle" : "dmf20211118_94125142.txt",  "documentId" : "WoutBoven",  "documentUri" : "file:/export/repository/project/114/document/44316/source/WoutBoven",  "collectionId" : "file:/export/repository/project/114/document/44316/source/",  "documentBaseUri" : "file:/export/repository/project/114/document/44316/source/",  "isLastSegment" : false } ], 
      "TagsetDescription" : [
        {"sofa" : 12,  "layer" : "de.tudarmstadt.ukp.dkpro.core.api.syntax.type.dependency.Dependency",  "name" : "UD Universal Dependencies",  "input" : false }, 
        {"sofa" : 12,  "layer" : "webanno.custom.Entities",  "name" : "Entity - mention level types",  "input" : false }, 
        {"sofa" : 12,  "layer" : "webanno.custom.Eventclauses",  "name" : "Event - tense",  "input" : false }, 
        {"sofa" : 12,  "layer" : "webanno.custom.Eventsarguments",  "name" : "eventdna_argument_entities_(auto)",  "input" : false }, 
        {"sofa" : 12,  "layer" : "webanno.custom.Namedentities",  "name" : "NE types",  "input" : false }, 
        {"sofa" : 12,  "layer" : "webanno.custom.EntitiesLETSpreanno",  "name" : "Named entity - types",  "input" : false }, 
        {"sofa" : 12,  "layer" : "de.tudarmstadt.ukp.dkpro.core.api.transform.type.SofaChangeAnnotation",  "name" : "Operation",  "input" : false }, 
        {"sofa" : 12,  "layer" : "de.tudarmstadt.ukp.dkpro.core.api.lexmorph.type.pos.POS",  "name" : "UD Universal POS tags",  "input" : false }, 
        {"sofa" : 12,  "layer" : "webanno.custom.Polaritytriggers",  "name" : "Polarity",  "input" : false }, 
        {"sofa" : 12,  "layer" : "de.tudarmstadt.ukp.dkpro.core.api.segmentation.type.SurfaceForm",  "name" : "Named Entity tags",  "input" : false } ], 
      "Sentence" : [
        {"sofa" : 12,  "end" : 84 }, 
        {"sofa" : 12,  "begin" : 86,  "end" : 129 }, 
        {"sofa" : 12,  "begin" : 131,  "end" : 249 } ], 
      "Token" : [
        {"sofa" : 12,  "end" : 3 }, 
        {"sofa" : 12,  "begin" : 4,  "end" : 10 }, 
        {"sofa" : 12,  "begin" : 11,  "end" : 17 }, 
        {"sofa" : 12,  "begin" : 18,  "end" : 21 }, 
        {"sofa" : 12,  "begin" : 22,  "end" : 31 }, 
        {"sofa" : 12,  "begin" : 32,  "end" : 39 }, 
        {"sofa" : 12,  "begin" : 40,  "end" : 50 }, 
        {"sofa" : 12,  "begin" : 51,  "end" : 55 }, 
        {"sofa" : 12,  "begin" : 56,  "end" : 61 }, 
        {"sofa" : 12,  "begin" : 62,  "end" : 64 }, 
        {"sofa" : 12,  "begin" : 65,  "end" : 69 }, 
        {"sofa" : 12,  "begin" : 70,  "end" : 73 }, 
        {"sofa" : 12,  "begin" : 74,  "end" : 84 }, 
        {"sofa" : 12,  "begin" : 86,  "end" : 89 }, 
        {"sofa" : 12,  "begin" : 90,  "end" : 92 }, 
        {"sofa" : 12,  "begin" : 93,  "end" : 97 }, 
        {"sofa" : 12,  "begin" : 98,  "end" : 104 }, 
        {"sofa" : 12,  "begin" : 105,  "end" : 110 }, 
        {"sofa" : 12,  "begin" : 111,  "end" : 113 }, 
        {"sofa" : 12,  "begin" : 114,  "end" : 119 }, 
        {"sofa" : 12,  "begin" : 120,  "end" : 127 }, 
        {"sofa" : 12,  "begin" : 128,  "end" : 129 }, 
        {"sofa" : 12,  "begin" : 131,  "end" : 133 }, 
        {"sofa" : 12,  "begin" : 134,  "end" : 140 }, 
        {"sofa" : 12,  "begin" : 141,  "end" : 145 }, 
        {"sofa" : 12,  "begin" : 146,  "end" : 151 }, 
        {"sofa" : 12,  "begin" : 151,  "end" : 152 }, 
        {"sofa" : 12,  "begin" : 153,  "end" : 155 }, 
        {"sofa" : 12,  "begin" : 156,  "end" : 167 }, 
        {"sofa" : 12,  "begin" : 168,  "end" : 170 }, 
        {"sofa" : 12,  "begin" : 171,  "end" : 174 }, 
        {"sofa" : 12,  "begin" : 175,  "end" : 185 }, 
        {"sofa" : 12,  "begin" : 186,  "end" : 188 }, 
        {"sofa" : 12,  "begin" : 189,  "end" : 194 }, 
        {"sofa" : 12,  "begin" : 195,  "end" : 198 }, 
        {"sofa" : 12,  "begin" : 199,  "end" : 204 }, 
        {"sofa" : 12,  "begin" : 205,  "end" : 211 }, 
        {"sofa" : 12,  "begin" : 212,  "end" : 214 }, 
        {"sofa" : 12,  "begin" : 215,  "end" : 224 }, 
        {"sofa" : 12,  "begin" : 225,  "end" : 227 }, 
        {"sofa" : 12,  "begin" : 228,  "end" : 234 }, 
        {"sofa" : 12,  "begin" : 235,  "end" : 247 }, 
        {"sofa" : 12,  "begin" : 248,  "end" : 249 } ], 
      "Eventclauses" : [
        {"sofa" : 12,  "end" : 84,  "EventPolarity" : "EVE positive",  "Prominence" : "Main" }, 
        {"sofa" : 12,  "begin" : 86,  "end" : 127,  "EventPolarity" : "EVE negative",  "Prominence" : "Background" }, 
        {"sofa" : 12,  "begin" : 131,  "end" : 185,  "EventPolarity" : "EVE negative",  "Prominence" : "Background" }, 
        {"sofa" : 12,  "begin" : 189,  "end" : 247,  "EventPolarity" : "EVE negative",  "Prominence" : "Background" } ] } }, 
  "_referenced_fss" : {
    "12" : {"_type" : "Sofa",  "sofaNum" : 1,  "sofaID" : "_InitialView",  "mimeType" : "text",  "sofaString" : "ASZ steekt ouders van premature kindjes symbolisch hart onder de riem met minisokjes\n Een op tien baby's wordt te vroeg geboren .\n Ze liggen vaak weken- of maandenlang in het ziekenhuis en lopen een groot risico op infecties of andere aandoeningen .\n " } } }