{"_context" : {
    "_types" : {
      "DocumentMetaData" : {
        "_feature_types" : {"sofa" : "_ref" } }, 
      "Eventclauses" : {
        "_feature_types" : {"sofa" : "_ref",  "Arguments" : "_ref",  "Polarity" : "_ref",  "PolarityTrigger" : "_ref",  "Sameclause" : "_ref" } }, 
      "Sentence" : {
        "_feature_types" : {"sofa" : "_ref" } }, 
      "Sofa" : {
        "_feature_types" : {"sofaArray" : "_ref" } }, 
      "TagsetDescription" : {
        "_feature_types" : {"sofa" : "_ref",  "tags" : "_ref" } }, 
      "Token" : {
        "_feature_types" : {"sofa" : "_ref",  "parent" : "_ref",  "lemma" : "_ref",  "stem" : "_ref",  "pos" : "_ref",  "morph" : "_ref",  "form" : "_ref" } }, 
      "DocumentAnnotation" : {
        "_feature_types" : {"sofa" : "_ref" }, 
        "_subtypes" : ["DocumentMetaData" ] }, 
      "Annotation" : {
        "_feature_types" : {"sofa" : "_ref" }, 
        "_subtypes" : ["DocumentAnnotation",  "Eventclauses",  "Sentence",  "TagsetDescription",  "Token" ] }, 
      "AnnotationBase" : {
        "_feature_types" : {"sofa" : "_ref" }, 
        "_subtypes" : ["Annotation" ] }, 
      "TOP" : {
        "_subtypes" : ["AnnotationBase",  "Sofa" ] } } }, 
  "_views" : {
    "_InitialView" : {
      "DocumentMetaData" : [
        {"sofa" : 12,  "end" : 326,  "language" : "x-unspecified",  "documentTitle" : "dmf20211118_91925789.txt",  "documentId" : "WoutBoven",  "documentUri" : "file:/export/repository/project/114/document/44321/source/WoutBoven",  "collectionId" : "file:/export/repository/project/114/document/44321/source/",  "documentBaseUri" : "file:/export/repository/project/114/document/44321/source/",  "isLastSegment" : false } ], 
      "TagsetDescription" : [
        {"sofa" : 12,  "layer" : "de.tudarmstadt.ukp.dkpro.core.api.syntax.type.dependency.Dependency",  "name" : "UD Universal Dependencies",  "input" : false }, 
        {"sofa" : 12,  "layer" : "webanno.custom.Entities",  "name" : "Entity - mention level types",  "input" : false }, 
        {"sofa" : 12,  "layer" : "webanno.custom.Eventclauses",  "name" : "Event - tense",  "input" : false }, 
        {"sofa" : 12,  "layer" : "webanno.custom.Eventsarguments",  "name" : "eventdna_argument_entities_(auto)",  "input" : false }, 
        {"sofa" : 12,  "layer" : "webanno.custom.Namedentities",  "name" : "NE types",  "input" : false }, 
        {"sofa" : 12,  "layer" : "webanno.custom.EntitiesLETSpreanno",  "name" : "Named entity - types",  "input" : false }, 
        {"sofa" : 12,  "layer" : "de.tudarmstadt.ukp.dkpro.core.api.transform.type.SofaChangeAnnotation",  "name" : "Operation",  "input" : false }, 
        {"sofa" : 12,  "layer" : "de.tudarmstadt.ukp.dkpro.core.api.lexmorph.type.pos.POS",  "name" : "UD Universal POS tags",  "input" : false }, 
        {"sofa" : 12,  "layer" : "webanno.custom.Polaritytriggers",  "name" : "Polarity",  "input" : false }, 
        {"sofa" : 12,  "layer" : "de.tudarmstadt.ukp.dkpro.core.api.segmentation.type.SurfaceForm",  "name" : "Named Entity tags",  "input" : false } ], 
      "Sentence" : [
        {"sofa" : 12,  "end" : 74 }, 
        {"sofa" : 12,  "begin" : 76,  "end" : 146 }, 
        {"sofa" : 12,  "begin" : 148,  "end" : 211 }, 
        {"sofa" : 12,  "begin" : 213,  "end" : 243 }, 
        {"sofa" : 12,  "begin" : 245,  "end" : 324 } ], 
      "Token" : [
        {"sofa" : 12,  "end" : 4 }, 
        {"sofa" : 12,  "begin" : 5,  "end" : 10 }, 
        {"sofa" : 12,  "begin" : 11,  "end" : 13 }, 
        {"sofa" : 12,  "begin" : 14,  "end" : 20 }, 
        {"sofa" : 12,  "begin" : 21,  "end" : 27 }, 
        {"sofa" : 12,  "begin" : 28,  "end" : 36 }, 
        {"sofa" : 12,  "begin" : 37,  "end" : 40 }, 
        {"sofa" : 12,  "begin" : 41,  "end" : 42 }, 
        {"sofa" : 12,  "begin" : 43,  "end" : 48 }, 
        {"sofa" : 12,  "begin" : 49,  "end" : 55 }, 
        {"sofa" : 12,  "begin" : 56,  "end" : 59 }, 
        {"sofa" : 12,  "begin" : 60,  "end" : 65 }, 
        {"sofa" : 12,  "begin" : 66,  "end" : 74 }, 
        {"sofa" : 12,  "begin" : 76,  "end" : 79 }, 
        {"sofa" : 12,  "begin" : 80,  "end" : 91 }, 
        {"sofa" : 12,  "begin" : 92,  "end" : 97 }, 
        {"sofa" : 12,  "begin" : 98,  "end" : 100 }, 
        {"sofa" : 12,  "begin" : 101,  "end" : 107 }, 
        {"sofa" : 12,  "begin" : 108,  "end" : 110 }, 
        {"sofa" : 12,  "begin" : 111,  "end" : 124 }, 
        {"sofa" : 12,  "begin" : 125,  "end" : 133 }, 
        {"sofa" : 12,  "begin" : 134,  "end" : 144 }, 
        {"sofa" : 12,  "begin" : 145,  "end" : 146 }, 
        {"sofa" : 12,  "begin" : 148,  "end" : 150 }, 
        {"sofa" : 12,  "begin" : 151,  "end" : 161 }, 
        {"sofa" : 12,  "begin" : 162,  "end" : 167 }, 
        {"sofa" : 12,  "begin" : 168,  "end" : 169 }, 
        {"sofa" : 12,  "begin" : 170,  "end" : 173 }, 
        {"sofa" : 12,  "begin" : 174,  "end" : 177 }, 
        {"sofa" : 12,  "begin" : 178,  "end" : 185 }, 
        {"sofa" : 12,  "begin" : 186,  "end" : 188 }, 
        {"sofa" : 12,  "begin" : 189,  "end" : 190 }, 
        {"sofa" : 12,  "begin" : 191,  "end" : 195 }, 
        {"sofa" : 12,  "begin" : 196,  "end" : 199 }, 
        {"sofa" : 12,  "begin" : 200,  "end" : 206 }, 
        {"sofa" : 12,  "begin" : 207,  "end" : 209 }, 
        {"sofa" : 12,  "begin" : 210,  "end" : 211 }, 
        {"sofa" : 12,  "begin" : 213,  "end" : 215 }, 
        {"sofa" : 12,  "begin" : 216,  "end" : 224 }, 
        {"sofa" : 12,  "begin" : 225,  "end" : 231 }, 
        {"sofa" : 12,  "begin" : 232,  "end" : 241 }, 
        {"sofa" : 12,  "begin" : 242,  "end" : 243 }, 
        {"sofa" : 12,  "begin" : 245,  "end" : 247 }, 
        {"sofa" : 12,  "begin" : 248,  "end" : 253 }, 
        {"sofa" : 12,  "begin" : 254,  "end" : 258 }, 
        {"sofa" : 12,  "begin" : 259,  "end" : 270 }, 
        {"sofa" : 12,  "begin" : 271,  "end" : 274 }, 
        {"sofa" : 12,  "begin" : 275,  "end" : 278 }, 
        {"sofa" : 12,  "begin" : 279,  "end" : 285 }, 
        {"sofa" : 12,  "begin" : 286,  "end" : 289 }, 
        {"sofa" : 12,  "begin" : 290,  "end" : 292 }, 
        {"sofa" : 12,  "begin" : 293,  "end" : 300 }, 
        {"sofa" : 12,  "begin" : 301,  "end" : 305 }, 
        {"sofa" : 12,  "begin" : 306,  "end" : 309 }, 
        {"sofa" : 12,  "begin" : 310,  "end" : 312 }, 
        {"sofa" : 12,  "begin" : 313,  "end" : 322 }, 
        {"sofa" : 12,  "begin" : 323,  "end" : 324 } ], 
      "Eventclauses" : [
        {"sofa" : 12,  "end" : 40,  "EventPolarity" : "EVE negative",  "Prominence" : "Main" }, 
        {"sofa" : 12,  "begin" : 43,  "end" : 74,  "EventPolarity" : "EVE negative",  "Prominence" : "Main" }, 
        {"sofa" : 12,  "begin" : 76,  "end" : 144,  "EventPolarity" : "EVE negative",  "Prominence" : "Main" }, 
        {"sofa" : 12,  "begin" : 148,  "end" : 209,  "EventPolarity" : "EVE negative",  "Prominence" : "Background" } ] } }, 
  "_referenced_fss" : {
    "12" : {"_type" : "Sofa",  "sofaNum" : 1,  "sofaID" : "_InitialView",  "mimeType" : "text",  "sofaString" : "Oude villa in Brecht brandt helemaal uit , buren moeten hun villa verlaten\n Een leegstaande villa in Brecht is woensdagnacht volledig uitgebrand .\n De aanpalende villa , die wel bewoond is , liep ook schade op .\n De bewoners bleven ongedeerd .\n Er wordt niet uitgesloten dat een kraker aan de oorzaak ligt van de vuurhaard .\n " } } }