{"_context" : {
    "_types" : {
      "DocumentMetaData" : {
        "_feature_types" : {"sofa" : "_ref" } }, 
      "Eventclauses" : {
        "_feature_types" : {"sofa" : "_ref",  "Arguments" : "_ref",  "Polarity" : "_ref",  "PolarityTrigger" : "_ref",  "Sameclause" : "_ref" } }, 
      "Sentence" : {
        "_feature_types" : {"sofa" : "_ref" } }, 
      "Sofa" : {
        "_feature_types" : {"sofaArray" : "_ref" } }, 
      "TagsetDescription" : {
        "_feature_types" : {"sofa" : "_ref",  "tags" : "_ref" } }, 
      "Token" : {
        "_feature_types" : {"sofa" : "_ref",  "parent" : "_ref",  "lemma" : "_ref",  "stem" : "_ref",  "pos" : "_ref",  "morph" : "_ref",  "form" : "_ref" } }, 
      "DocumentAnnotation" : {
        "_feature_types" : {"sofa" : "_ref" }, 
        "_subtypes" : ["DocumentMetaData" ] }, 
      "Annotation" : {
        "_feature_types" : {"sofa" : "_ref" }, 
        "_subtypes" : ["DocumentAnnotation",  "Eventclauses",  "Sentence",  "TagsetDescription",  "Token" ] }, 
      "AnnotationBase" : {
        "_feature_types" : {"sofa" : "_ref" }, 
        "_subtypes" : ["Annotation" ] }, 
      "TOP" : {
        "_subtypes" : ["AnnotationBase",  "Sofa" ] } } }, 
  "_views" : {
    "_InitialView" : {
      "DocumentMetaData" : [
        {"sofa" : 12,  "end" : 324,  "language" : "x-unspecified",  "documentTitle" : "dmf20211108_98066215.txt",  "documentId" : "WoutBoven",  "documentUri" : "file:/export/repository/project/114/document/44384/source/WoutBoven",  "collectionId" : "file:/export/repository/project/114/document/44384/source/",  "documentBaseUri" : "file:/export/repository/project/114/document/44384/source/",  "isLastSegment" : false } ], 
      "TagsetDescription" : [
        {"sofa" : 12,  "layer" : "de.tudarmstadt.ukp.dkpro.core.api.syntax.type.dependency.Dependency",  "name" : "UD Universal Dependencies",  "input" : false }, 
        {"sofa" : 12,  "layer" : "webanno.custom.Entities",  "name" : "Entity - mention level types",  "input" : false }, 
        {"sofa" : 12,  "layer" : "webanno.custom.Eventclauses",  "name" : "Event - tense",  "input" : false }, 
        {"sofa" : 12,  "layer" : "webanno.custom.Eventsarguments",  "name" : "eventdna_argument_entities_(auto)",  "input" : false }, 
        {"sofa" : 12,  "layer" : "webanno.custom.Namedentities",  "name" : "NE types",  "input" : false }, 
        {"sofa" : 12,  "layer" : "webanno.custom.EntitiesLETSpreanno",  "name" : "Named entity - types",  "input" : false }, 
        {"sofa" : 12,  "layer" : "de.tudarmstadt.ukp.dkpro.core.api.transform.type.SofaChangeAnnotation",  "name" : "Operation",  "input" : false }, 
        {"sofa" : 12,  "layer" : "de.tudarmstadt.ukp.dkpro.core.api.lexmorph.type.pos.POS",  "name" : "UD Universal POS tags",  "input" : false }, 
        {"sofa" : 12,  "layer" : "webanno.custom.Polaritytriggers",  "name" : "Polarity",  "input" : false }, 
        {"sofa" : 12,  "layer" : "de.tudarmstadt.ukp.dkpro.core.api.segmentation.type.SurfaceForm",  "name" : "Named Entity tags",  "input" : false } ], 
      "Sentence" : [
        {"sofa" : 12,  "end" : 66 }, 
        {"sofa" : 12,  "begin" : 68,  "end" : 256 }, 
        {"sofa" : 12,  "begin" : 258,  "end" : 322 } ], 
      "Token" : [
        {"sofa" : 12,  "end" : 11 }, 
        {"sofa" : 12,  "begin" : 12,  "end" : 20 }, 
        {"sofa" : 12,  "begin" : 21,  "end" : 31 }, 
        {"sofa" : 12,  "begin" : 32,  "end" : 52 }, 
        {"sofa" : 12,  "begin" : 53,  "end" : 57 }, 
        {"sofa" : 12,  "begin" : 58,  "end" : 66 }, 
        {"sofa" : 12,  "begin" : 68,  "end" : 70 }, 
        {"sofa" : 12,  "begin" : 71,  "end" : 82 }, 
        {"sofa" : 12,  "begin" : 83,  "end" : 91 }, 
        {"sofa" : 12,  "begin" : 92,  "end" : 97 }, 
        {"sofa" : 12,  "begin" : 98,  "end" : 105 }, 
        {"sofa" : 12,  "begin" : 106,  "end" : 108 }, 
        {"sofa" : 12,  "begin" : 109,  "end" : 111 }, 
        {"sofa" : 12,  "begin" : 112,  "end" : 131 }, 
        {"sofa" : 12,  "begin" : 132,  "end" : 134 }, 
        {"sofa" : 12,  "begin" : 135,  "end" : 146 }, 
        {"sofa" : 12,  "begin" : 147,  "end" : 151 }, 
        {"sofa" : 12,  "begin" : 152,  "end" : 161 }, 
        {"sofa" : 12,  "begin" : 162,  "end" : 175 }, 
        {"sofa" : 12,  "begin" : 176,  "end" : 177 }, 
        {"sofa" : 12,  "begin" : 178,  "end" : 183 }, 
        {"sofa" : 12,  "begin" : 184,  "end" : 187 }, 
        {"sofa" : 12,  "begin" : 188,  "end" : 192 }, 
        {"sofa" : 12,  "begin" : 193,  "end" : 206 }, 
        {"sofa" : 12,  "begin" : 207,  "end" : 213 }, 
        {"sofa" : 12,  "begin" : 214,  "end" : 224 }, 
        {"sofa" : 12,  "begin" : 225,  "end" : 227 }, 
        {"sofa" : 12,  "begin" : 228,  "end" : 230 }, 
        {"sofa" : 12,  "begin" : 231,  "end" : 242 }, 
        {"sofa" : 12,  "begin" : 243,  "end" : 254 }, 
        {"sofa" : 12,  "begin" : 255,  "end" : 256 }, 
        {"sofa" : 12,  "begin" : 258,  "end" : 261 }, 
        {"sofa" : 12,  "begin" : 262,  "end" : 267 }, 
        {"sofa" : 12,  "begin" : 268,  "end" : 271 }, 
        {"sofa" : 12,  "begin" : 272,  "end" : 283 }, 
        {"sofa" : 12,  "begin" : 284,  "end" : 293 }, 
        {"sofa" : 12,  "begin" : 294,  "end" : 304 }, 
        {"sofa" : 12,  "begin" : 305,  "end" : 306 }, 
        {"sofa" : 12,  "begin" : 307,  "end" : 310 }, 
        {"sofa" : 12,  "begin" : 311,  "end" : 312 }, 
        {"sofa" : 12,  "begin" : 313,  "end" : 320 }, 
        {"sofa" : 12,  "begin" : 321,  "end" : 322 } ], 
      "Eventclauses" : [
        {"sofa" : 12,  "end" : 66,  "EventPolarity" : "EVE positive",  "Prominence" : "Main" }, 
        {"sofa" : 12,  "begin" : 68,  "end" : 105,  "EventPolarity" : "EVE neutral",  "Prominence" : "Background" }, 
        {"sofa" : 12,  "begin" : 109,  "end" : 175,  "EventPolarity" : "EVE positive",  "Prominence" : "Main" }, 
        {"sofa" : 12,  "begin" : 184,  "end" : 254,  "EventPolarity" : "EVE positive",  "Prominence" : "Background" } ] } }, 
  "_referenced_fss" : {
    "12" : {"_type" : "Sofa",  "sofaNum" : 1,  "sofaID" : "_InitialView",  "mimeType" : "text",  "sofaString" : "Amerikaanse regering versoepelt immigratieprocedures voor Afghanen\n De Amerikaanse regering heeft beslist om de immigratieprocedure te versoepelen voor Afghaanse vluchtelingen , zodat zij zich gemakkelijker kunnen integreren in de Amerikaanse samenleving .\n Dat meldt het departement nationale veiligheid ( DHS ) maandag .\n " } } }