{"_context" : {
    "_types" : {
      "DocumentMetaData" : {
        "_feature_types" : {"sofa" : "_ref" } }, 
      "Eventclauses" : {
        "_feature_types" : {"sofa" : "_ref",  "Arguments" : "_ref",  "Polarity" : "_ref",  "PolarityTrigger" : "_ref",  "Sameclause" : "_ref" } }, 
      "Sentence" : {
        "_feature_types" : {"sofa" : "_ref" } }, 
      "Sofa" : {
        "_feature_types" : {"sofaArray" : "_ref" } }, 
      "TagsetDescription" : {
        "_feature_types" : {"sofa" : "_ref",  "tags" : "_ref" } }, 
      "Token" : {
        "_feature_types" : {"sofa" : "_ref",  "parent" : "_ref",  "lemma" : "_ref",  "stem" : "_ref",  "pos" : "_ref",  "morph" : "_ref",  "form" : "_ref" } }, 
      "DocumentAnnotation" : {
        "_feature_types" : {"sofa" : "_ref" }, 
        "_subtypes" : ["DocumentMetaData" ] }, 
      "Annotation" : {
        "_feature_types" : {"sofa" : "_ref" }, 
        "_subtypes" : ["DocumentAnnotation",  "Eventclauses",  "Sentence",  "TagsetDescription",  "Token" ] }, 
      "AnnotationBase" : {
        "_feature_types" : {"sofa" : "_ref" }, 
        "_subtypes" : ["Annotation" ] }, 
      "TOP" : {
        "_subtypes" : ["AnnotationBase",  "Sofa" ] } } }, 
  "_views" : {
    "_InitialView" : {
      "DocumentMetaData" : [
        {"sofa" : 12,  "end" : 727,  "language" : "x-unspecified",  "documentTitle" : "dmf20211114_96039345.txt",  "documentId" : "WoutBoven",  "documentUri" : "file:/export/repository/project/114/document/44348/source/WoutBoven",  "collectionId" : "file:/export/repository/project/114/document/44348/source/",  "documentBaseUri" : "file:/export/repository/project/114/document/44348/source/",  "isLastSegment" : false } ], 
      "TagsetDescription" : [
        {"sofa" : 12,  "layer" : "de.tudarmstadt.ukp.dkpro.core.api.syntax.type.dependency.Dependency",  "name" : "UD Universal Dependencies",  "input" : false }, 
        {"sofa" : 12,  "layer" : "webanno.custom.Entities",  "name" : "Entity - mention level types",  "input" : false }, 
        {"sofa" : 12,  "layer" : "webanno.custom.Eventclauses",  "name" : "Event - tense",  "input" : false }, 
        {"sofa" : 12,  "layer" : "webanno.custom.Eventsarguments",  "name" : "eventdna_argument_entities_(auto)",  "input" : false }, 
        {"sofa" : 12,  "layer" : "webanno.custom.Namedentities",  "name" : "NE types",  "input" : false }, 
        {"sofa" : 12,  "layer" : "webanno.custom.EntitiesLETSpreanno",  "name" : "Named entity - types",  "input" : false }, 
        {"sofa" : 12,  "layer" : "de.tudarmstadt.ukp.dkpro.core.api.transform.type.SofaChangeAnnotation",  "name" : "Operation",  "input" : false }, 
        {"sofa" : 12,  "layer" : "de.tudarmstadt.ukp.dkpro.core.api.lexmorph.type.pos.POS",  "name" : "UD Universal POS tags",  "input" : false }, 
        {"sofa" : 12,  "layer" : "webanno.custom.Polaritytriggers",  "name" : "Polarity",  "input" : false }, 
        {"sofa" : 12,  "layer" : "de.tudarmstadt.ukp.dkpro.core.api.segmentation.type.SurfaceForm",  "name" : "Named Entity tags",  "input" : false } ], 
      "Sentence" : [
        {"sofa" : 12,  "end" : 109 }, 
        {"sofa" : 12,  "begin" : 111,  "end" : 149 }, 
        {"sofa" : 12,  "begin" : 151,  "end" : 163 }, 
        {"sofa" : 12,  "begin" : 165,  "end" : 256 }, 
        {"sofa" : 12,  "begin" : 258,  "end" : 333 }, 
        {"sofa" : 12,  "begin" : 335,  "end" : 442 }, 
        {"sofa" : 12,  "begin" : 444,  "end" : 592 }, 
        {"sofa" : 12,  "begin" : 594,  "end" : 657 }, 
        {"sofa" : 12,  "begin" : 659,  "end" : 725 } ], 
      "Token" : [
        {"sofa" : 12,  "end" : 2 }, 
        {"sofa" : 12,  "begin" : 3,  "end" : 14 }, 
        {"sofa" : 12,  "begin" : 15,  "end" : 20 }, 
        {"sofa" : 12,  "begin" : 21,  "end" : 25 }, 
        {"sofa" : 12,  "begin" : 26,  "end" : 30 }, 
        {"sofa" : 12,  "begin" : 31,  "end" : 39 }, 
        {"sofa" : 12,  "begin" : 40,  "end" : 42 }, 
        {"sofa" : 12,  "begin" : 43,  "end" : 45 }, 
        {"sofa" : 12,  "begin" : 46,  "end" : 51 }, 
        {"sofa" : 12,  "begin" : 52,  "end" : 53 }, 
        {"sofa" : 12,  "begin" : 54,  "end" : 58 }, 
        {"sofa" : 12,  "begin" : 59,  "end" : 65 }, 
        {"sofa" : 12,  "begin" : 66,  "end" : 75 }, 
        {"sofa" : 12,  "begin" : 76,  "end" : 80 }, 
        {"sofa" : 12,  "begin" : 81,  "end" : 83 }, 
        {"sofa" : 12,  "begin" : 84,  "end" : 88 }, 
        {"sofa" : 12,  "begin" : 89,  "end" : 100 }, 
        {"sofa" : 12,  "begin" : 101,  "end" : 103 }, 
        {"sofa" : 12,  "begin" : 104,  "end" : 109 }, 
        {"sofa" : 12,  "begin" : 111,  "end" : 119 }, 
        {"sofa" : 12,  "begin" : 120,  "end" : 123 }, 
        {"sofa" : 12,  "begin" : 124,  "end" : 134 }, 
        {"sofa" : 12,  "begin" : 135,  "end" : 139 }, 
        {"sofa" : 12,  "begin" : 140,  "end" : 142 }, 
        {"sofa" : 12,  "begin" : 143,  "end" : 147 }, 
        {"sofa" : 12,  "begin" : 148,  "end" : 149 }, 
        {"sofa" : 12,  "begin" : 151,  "end" : 157 }, 
        {"sofa" : 12,  "begin" : 158,  "end" : 161 }, 
        {"sofa" : 12,  "begin" : 162,  "end" : 163 }, 
        {"sofa" : 12,  "begin" : 165,  "end" : 167 }, 
        {"sofa" : 12,  "begin" : 168,  "end" : 172 }, 
        {"sofa" : 12,  "begin" : 173,  "end" : 182 }, 
        {"sofa" : 12,  "begin" : 183,  "end" : 185 }, 
        {"sofa" : 12,  "begin" : 186,  "end" : 189 }, 
        {"sofa" : 12,  "begin" : 190,  "end" : 196 }, 
        {"sofa" : 12,  "begin" : 197,  "end" : 202 }, 
        {"sofa" : 12,  "begin" : 203,  "end" : 207 }, 
        {"sofa" : 12,  "begin" : 208,  "end" : 215 }, 
        {"sofa" : 12,  "begin" : 216,  "end" : 218 }, 
        {"sofa" : 12,  "begin" : 219,  "end" : 230 }, 
        {"sofa" : 12,  "begin" : 231,  "end" : 235 }, 
        {"sofa" : 12,  "begin" : 236,  "end" : 239 }, 
        {"sofa" : 12,  "begin" : 240,  "end" : 249 }, 
        {"sofa" : 12,  "begin" : 250,  "end" : 254 }, 
        {"sofa" : 12,  "begin" : 255,  "end" : 256 }, 
        {"sofa" : 12,  "begin" : 258,  "end" : 262 }, 
        {"sofa" : 12,  "begin" : 263,  "end" : 267 }, 
        {"sofa" : 12,  "begin" : 268,  "end" : 271 }, 
        {"sofa" : 12,  "begin" : 272,  "end" : 282 }, 
        {"sofa" : 12,  "begin" : 283,  "end" : 292 }, 
        {"sofa" : 12,  "begin" : 293,  "end" : 294 }, 
        {"sofa" : 12,  "begin" : 295,  "end" : 298 }, 
        {"sofa" : 12,  "begin" : 299,  "end" : 306 }, 
        {"sofa" : 12,  "begin" : 307,  "end" : 310 }, 
        {"sofa" : 12,  "begin" : 311,  "end" : 314 }, 
        {"sofa" : 12,  "begin" : 315,  "end" : 331 }, 
        {"sofa" : 12,  "begin" : 332,  "end" : 333 }, 
        {"sofa" : 12,  "begin" : 335,  "end" : 338 }, 
        {"sofa" : 12,  "begin" : 339,  "end" : 346 }, 
        {"sofa" : 12,  "begin" : 347,  "end" : 351 }, 
        {"sofa" : 12,  "begin" : 352,  "end" : 354 }, 
        {"sofa" : 12,  "begin" : 355,  "end" : 358 }, 
        {"sofa" : 12,  "begin" : 359,  "end" : 362 }, 
        {"sofa" : 12,  "begin" : 363,  "end" : 370 }, 
        {"sofa" : 12,  "begin" : 371,  "end" : 374 }, 
        {"sofa" : 12,  "begin" : 375,  "end" : 376 }, 
        {"sofa" : 12,  "begin" : 377,  "end" : 381 }, 
        {"sofa" : 12,  "begin" : 382,  "end" : 386 }, 
        {"sofa" : 12,  "begin" : 387,  "end" : 391 }, 
        {"sofa" : 12,  "begin" : 392,  "end" : 394 }, 
        {"sofa" : 12,  "begin" : 395,  "end" : 401 }, 
        {"sofa" : 12,  "begin" : 402,  "end" : 406 }, 
        {"sofa" : 12,  "begin" : 407,  "end" : 409 }, 
        {"sofa" : 12,  "begin" : 410,  "end" : 413 }, 
        {"sofa" : 12,  "begin" : 414,  "end" : 422 }, 
        {"sofa" : 12,  "begin" : 423,  "end" : 427 }, 
        {"sofa" : 12,  "begin" : 428,  "end" : 431 }, 
        {"sofa" : 12,  "begin" : 432,  "end" : 435 }, 
        {"sofa" : 12,  "begin" : 436,  "end" : 440 }, 
        {"sofa" : 12,  "begin" : 441,  "end" : 442 }, 
        {"sofa" : 12,  "begin" : 444,  "end" : 451 }, 
        {"sofa" : 12,  "begin" : 452,  "end" : 457 }, 
        {"sofa" : 12,  "begin" : 458,  "end" : 468 }, 
        {"sofa" : 12,  "begin" : 469,  "end" : 470 }, 
        {"sofa" : 12,  "begin" : 471,  "end" : 474 }, 
        {"sofa" : 12,  "begin" : 475,  "end" : 477 }, 
        {"sofa" : 12,  "begin" : 478,  "end" : 480 }, 
        {"sofa" : 12,  "begin" : 481,  "end" : 488 }, 
        {"sofa" : 12,  "begin" : 489,  "end" : 494 }, 
        {"sofa" : 12,  "begin" : 495,  "end" : 496 }, 
        {"sofa" : 12,  "begin" : 497,  "end" : 499 }, 
        {"sofa" : 12,  "begin" : 500,  "end" : 508 }, 
        {"sofa" : 12,  "begin" : 509,  "end" : 525 }, 
        {"sofa" : 12,  "begin" : 526,  "end" : 531 }, 
        {"sofa" : 12,  "begin" : 532,  "end" : 537 }, 
        {"sofa" : 12,  "begin" : 538,  "end" : 539 }, 
        {"sofa" : 12,  "begin" : 540,  "end" : 544 }, 
        {"sofa" : 12,  "begin" : 545,  "end" : 549 }, 
        {"sofa" : 12,  "begin" : 550,  "end" : 566 }, 
        {"sofa" : 12,  "begin" : 567,  "end" : 568 }, 
        {"sofa" : 12,  "begin" : 569,  "end" : 575 }, 
        {"sofa" : 12,  "begin" : 576,  "end" : 578 }, 
        {"sofa" : 12,  "begin" : 579,  "end" : 585 }, 
        {"sofa" : 12,  "begin" : 586,  "end" : 590 }, 
        {"sofa" : 12,  "begin" : 591,  "end" : 592 }, 
        {"sofa" : 12,  "begin" : 594,  "end" : 597 }, 
        {"sofa" : 12,  "begin" : 598,  "end" : 600 }, 
        {"sofa" : 12,  "begin" : 601,  "end" : 608 }, 
        {"sofa" : 12,  "begin" : 609,  "end" : 615 }, 
        {"sofa" : 12,  "begin" : 616,  "end" : 619 }, 
        {"sofa" : 12,  "begin" : 620,  "end" : 631 }, 
        {"sofa" : 12,  "begin" : 632,  "end" : 635 }, 
        {"sofa" : 12,  "begin" : 636,  "end" : 642 }, 
        {"sofa" : 12,  "begin" : 643,  "end" : 655 }, 
        {"sofa" : 12,  "begin" : 656,  "end" : 657 }, 
        {"sofa" : 12,  "begin" : 659,  "end" : 667 }, 
        {"sofa" : 12,  "begin" : 668,  "end" : 670 }, 
        {"sofa" : 12,  "begin" : 671,  "end" : 674 }, 
        {"sofa" : 12,  "begin" : 675,  "end" : 682 }, 
        {"sofa" : 12,  "begin" : 683,  "end" : 690 }, 
        {"sofa" : 12,  "begin" : 691,  "end" : 693 }, 
        {"sofa" : 12,  "begin" : 694,  "end" : 697 }, 
        {"sofa" : 12,  "begin" : 698,  "end" : 702 }, 
        {"sofa" : 12,  "begin" : 703,  "end" : 706 }, 
        {"sofa" : 12,  "begin" : 707,  "end" : 715 }, 
        {"sofa" : 12,  "begin" : 716,  "end" : 718 }, 
        {"sofa" : 12,  "begin" : 719,  "end" : 723 }, 
        {"sofa" : 12,  "begin" : 724,  "end" : 725 } ], 
      "Eventclauses" : [
        {"sofa" : 12,  "end" : 51,  "EventPolarity" : "EVE negative",  "Prominence" : "Main" }, 
        {"sofa" : 12,  "begin" : 54,  "end" : 109,  "EventPolarity" : "EVE negative",  "Prominence" : "Main" }, 
        {"sofa" : 12,  "begin" : 111,  "end" : 147,  "EventPolarity" : "EVE positive",  "Prominence" : "Background" }, 
        {"sofa" : 12,  "begin" : 151,  "end" : 161,  "EventPolarity" : "EVE neutral",  "Prominence" : "Background" }, 
        {"sofa" : 12,  "begin" : 168,  "end" : 254,  "EventPolarity" : "EVE negative",  "Prominence" : "Main" }, 
        {"sofa" : 12,  "begin" : 258,  "end" : 292,  "EventPolarity" : "EVE neutral",  "Prominence" : "Background" }, 
        {"sofa" : 12,  "begin" : 295,  "end" : 331,  "EventPolarity" : "EVE neutral",  "Prominence" : "Background" }, 
        {"sofa" : 12,  "begin" : 335,  "end" : 374,  "EventPolarity" : "EVE neutral",  "Prominence" : "Background" }, 
        {"sofa" : 12,  "begin" : 382,  "end" : 440,  "EventPolarity" : "EVE negative",  "Prominence" : "Background" }, 
        {"sofa" : 12,  "begin" : 444,  "end" : 590,  "EventPolarity" : "EVE negative",  "Prominence" : "Background" }, 
        {"sofa" : 12,  "begin" : 594,  "end" : 655,  "EventPolarity" : "EVE neutral",  "Prominence" : "Background" }, 
        {"sofa" : 12,  "begin" : 659,  "end" : 723,  "EventPolarity" : "EVE positive",  "Prominence" : "Background" } ] } }, 
  "_referenced_fss" : {
    "12" : {"_type" : "Sofa",  "sofaNum" : 1,  "sofaID" : "_InitialView",  "mimeType" : "text",  "sofaString" : "De Brabançonne wordt niet meer gespeeld in de cross : geen enkele Belgische zege op vijf wedstrijden in Tabor\n Vlaamser dan veldrijden vind je niet .\n Denken wij !\n En toch weerklonk in het grijze Tabor niet eenmaal de Brabançonne voor een Belgische zege .\n Vier keer het Nederlands volkslied , een keertje dat van Groot-Brittannië .\n Eli Iserbyt kwam er nog het dichtst bij , maar beet zich de tanden stuk op een sterkere Lars van der Haar .\n Belofte Anton Ferdinande ( val in de laatste bocht ) en Europees junioreskampioen Aaron Dockx ( twee keer kettingproblemen ) kenden de nodige pech .\n Bij de vrouwen blijft het vastklampen aan kleine lichtpuntjes .\n Gelukkig is het volgend weekend in het zand van Koksijde te doen .\n " } } }