{"_context" : {
    "_types" : {
      "DocumentMetaData" : {
        "_feature_types" : {"sofa" : "_ref" } }, 
      "Eventclauses" : {
        "_feature_types" : {"sofa" : "_ref",  "Arguments" : "_ref",  "Polarity" : "_ref",  "PolarityTrigger" : "_ref",  "Sameclause" : "_ref" } }, 
      "Sentence" : {
        "_feature_types" : {"sofa" : "_ref" } }, 
      "Sofa" : {
        "_feature_types" : {"sofaArray" : "_ref" } }, 
      "TagsetDescription" : {
        "_feature_types" : {"sofa" : "_ref",  "tags" : "_ref" } }, 
      "Token" : {
        "_feature_types" : {"sofa" : "_ref",  "parent" : "_ref",  "lemma" : "_ref",  "stem" : "_ref",  "pos" : "_ref",  "morph" : "_ref",  "form" : "_ref" } }, 
      "DocumentAnnotation" : {
        "_feature_types" : {"sofa" : "_ref" }, 
        "_subtypes" : ["DocumentMetaData" ] }, 
      "Annotation" : {
        "_feature_types" : {"sofa" : "_ref" }, 
        "_subtypes" : ["DocumentAnnotation",  "Eventclauses",  "Sentence",  "TagsetDescription",  "Token" ] }, 
      "AnnotationBase" : {
        "_feature_types" : {"sofa" : "_ref" }, 
        "_subtypes" : ["Annotation" ] }, 
      "TOP" : {
        "_subtypes" : ["AnnotationBase",  "Sofa" ] } } }, 
  "_views" : {
    "_InitialView" : {
      "DocumentMetaData" : [
        {"sofa" : 12,  "end" : 424,  "language" : "x-unspecified",  "documentTitle" : "dmf20211124_97940680.txt",  "documentId" : "WoutBoven",  "documentUri" : "file:/export/repository/project/114/document/44263/source/WoutBoven",  "collectionId" : "file:/export/repository/project/114/document/44263/source/",  "documentBaseUri" : "file:/export/repository/project/114/document/44263/source/",  "isLastSegment" : false } ], 
      "TagsetDescription" : [
        {"sofa" : 12,  "layer" : "de.tudarmstadt.ukp.dkpro.core.api.syntax.type.dependency.Dependency",  "name" : "UD Universal Dependencies",  "input" : false }, 
        {"sofa" : 12,  "layer" : "webanno.custom.Entities",  "name" : "Entity - mention level types",  "input" : false }, 
        {"sofa" : 12,  "layer" : "webanno.custom.Eventclauses",  "name" : "Event - tense",  "input" : false }, 
        {"sofa" : 12,  "layer" : "webanno.custom.Eventsarguments",  "name" : "eventdna_argument_entities_(auto)",  "input" : false }, 
        {"sofa" : 12,  "layer" : "webanno.custom.Namedentities",  "name" : "NE types",  "input" : false }, 
        {"sofa" : 12,  "layer" : "webanno.custom.EntitiesLETSpreanno",  "name" : "Named entity - types",  "input" : false }, 
        {"sofa" : 12,  "layer" : "de.tudarmstadt.ukp.dkpro.core.api.transform.type.SofaChangeAnnotation",  "name" : "Operation",  "input" : false }, 
        {"sofa" : 12,  "layer" : "de.tudarmstadt.ukp.dkpro.core.api.lexmorph.type.pos.POS",  "name" : "UD Universal POS tags",  "input" : false }, 
        {"sofa" : 12,  "layer" : "webanno.custom.Polaritytriggers",  "name" : "Polarity",  "input" : false }, 
        {"sofa" : 12,  "layer" : "de.tudarmstadt.ukp.dkpro.core.api.segmentation.type.SurfaceForm",  "name" : "Named Entity tags",  "input" : false } ], 
      "Sentence" : [
        {"sofa" : 12,  "end" : 13 }, 
        {"sofa" : 12,  "begin" : 15,  "end" : 105 }, 
        {"sofa" : 12,  "begin" : 107,  "end" : 244 }, 
        {"sofa" : 12,  "begin" : 246,  "end" : 329 }, 
        {"sofa" : 12,  "begin" : 331,  "end" : 388 }, 
        {"sofa" : 12,  "begin" : 390,  "end" : 422 } ], 
      "Token" : [
        {"sofa" : 12,  "end" : 4 }, 
        {"sofa" : 12,  "begin" : 5,  "end" : 11 }, 
        {"sofa" : 12,  "begin" : 12,  "end" : 13 }, 
        {"sofa" : 12,  "begin" : 15,  "end" : 24 }, 
        {"sofa" : 12,  "begin" : 25,  "end" : 33 }, 
        {"sofa" : 12,  "begin" : 34,  "end" : 43 }, 
        {"sofa" : 12,  "begin" : 44,  "end" : 49 }, 
        {"sofa" : 12,  "begin" : 50,  "end" : 57 }, 
        {"sofa" : 12,  "begin" : 58,  "end" : 59 }, 
        {"sofa" : 12,  "begin" : 60,  "end" : 65 }, 
        {"sofa" : 12,  "begin" : 66,  "end" : 71 }, 
        {"sofa" : 12,  "begin" : 72,  "end" : 75 }, 
        {"sofa" : 12,  "begin" : 76,  "end" : 80 }, 
        {"sofa" : 12,  "begin" : 81,  "end" : 87 }, 
        {"sofa" : 12,  "begin" : 88,  "end" : 89 }, 
        {"sofa" : 12,  "begin" : 90,  "end" : 95 }, 
        {"sofa" : 12,  "begin" : 96,  "end" : 97 }, 
        {"sofa" : 12,  "begin" : 98,  "end" : 105 }, 
        {"sofa" : 12,  "begin" : 107,  "end" : 109 }, 
        {"sofa" : 12,  "begin" : 110,  "end" : 115 }, 
        {"sofa" : 12,  "begin" : 116,  "end" : 119 }, 
        {"sofa" : 12,  "begin" : 120,  "end" : 122 }, 
        {"sofa" : 12,  "begin" : 123,  "end" : 128 }, 
        {"sofa" : 12,  "begin" : 129,  "end" : 136 }, 
        {"sofa" : 12,  "begin" : 137,  "end" : 138 }, 
        {"sofa" : 12,  "begin" : 139,  "end" : 146 }, 
        {"sofa" : 12,  "begin" : 147,  "end" : 151 }, 
        {"sofa" : 12,  "begin" : 152,  "end" : 157 }, 
        {"sofa" : 12,  "begin" : 158,  "end" : 170 }, 
        {"sofa" : 12,  "begin" : 171,  "end" : 172 }, 
        {"sofa" : 12,  "begin" : 173,  "end" : 176 }, 
        {"sofa" : 12,  "begin" : 177,  "end" : 181 }, 
        {"sofa" : 12,  "begin" : 182,  "end" : 184 }, 
        {"sofa" : 12,  "begin" : 185,  "end" : 188 }, 
        {"sofa" : 12,  "begin" : 189,  "end" : 193 }, 
        {"sofa" : 12,  "begin" : 194,  "end" : 200 }, 
        {"sofa" : 12,  "begin" : 201,  "end" : 204 }, 
        {"sofa" : 12,  "begin" : 205,  "end" : 216 }, 
        {"sofa" : 12,  "begin" : 217,  "end" : 222 }, 
        {"sofa" : 12,  "begin" : 223,  "end" : 229 }, 
        {"sofa" : 12,  "begin" : 230,  "end" : 232 }, 
        {"sofa" : 12,  "begin" : 233,  "end" : 236 }, 
        {"sofa" : 12,  "begin" : 237,  "end" : 242 }, 
        {"sofa" : 12,  "begin" : 243,  "end" : 244 }, 
        {"sofa" : 12,  "begin" : 246,  "end" : 257 }, 
        {"sofa" : 12,  "begin" : 258,  "end" : 263 }, 
        {"sofa" : 12,  "begin" : 264,  "end" : 267 }, 
        {"sofa" : 12,  "begin" : 268,  "end" : 271 }, 
        {"sofa" : 12,  "begin" : 272,  "end" : 280 }, 
        {"sofa" : 12,  "begin" : 281,  "end" : 288 }, 
        {"sofa" : 12,  "begin" : 289,  "end" : 291 }, 
        {"sofa" : 12,  "begin" : 292,  "end" : 293 }, 
        {"sofa" : 12,  "begin" : 294,  "end" : 304 }, 
        {"sofa" : 12,  "begin" : 305,  "end" : 308 }, 
        {"sofa" : 12,  "begin" : 309,  "end" : 313 }, 
        {"sofa" : 12,  "begin" : 314,  "end" : 315 }, 
        {"sofa" : 12,  "begin" : 316,  "end" : 318 }, 
        {"sofa" : 12,  "begin" : 319,  "end" : 327 }, 
        {"sofa" : 12,  "begin" : 328,  "end" : 329 }, 
        {"sofa" : 12,  "begin" : 331,  "end" : 334 }, 
        {"sofa" : 12,  "begin" : 335,  "end" : 338 }, 
        {"sofa" : 12,  "begin" : 339,  "end" : 344 }, 
        {"sofa" : 12,  "begin" : 345,  "end" : 347 }, 
        {"sofa" : 12,  "begin" : 348,  "end" : 357 }, 
        {"sofa" : 12,  "begin" : 358,  "end" : 367 }, 
        {"sofa" : 12,  "begin" : 368,  "end" : 372 }, 
        {"sofa" : 12,  "begin" : 373,  "end" : 378 }, 
        {"sofa" : 12,  "begin" : 379,  "end" : 386 }, 
        {"sofa" : 12,  "begin" : 387,  "end" : 388 }, 
        {"sofa" : 12,  "begin" : 390,  "end" : 394 }, 
        {"sofa" : 12,  "begin" : 395,  "end" : 397 }, 
        {"sofa" : 12,  "begin" : 398,  "end" : 400 }, 
        {"sofa" : 12,  "begin" : 401,  "end" : 404 }, 
        {"sofa" : 12,  "begin" : 405,  "end" : 406 }, 
        {"sofa" : 12,  "begin" : 406,  "end" : 407 }, 
        {"sofa" : 12,  "begin" : 407,  "end" : 408 }, 
        {"sofa" : 12,  "begin" : 409,  "end" : 411 }, 
        {"sofa" : 12,  "begin" : 412,  "end" : 416 }, 
        {"sofa" : 12,  "begin" : 417,  "end" : 420 }, 
        {"sofa" : 12,  "begin" : 421,  "end" : 422 } ], 
      "Eventclauses" : [
        {"sofa" : 12,  "begin" : 15,  "end" : 57,  "EventPolarity" : "EVE negative",  "Prominence" : "Main" } ] } }, 
  "_referenced_fss" : {
    "12" : {"_type" : "Sofa",  "sofaNum" : 1,  "sofaID" : "_InitialView",  "mimeType" : "text",  "sofaString" : "ONZE PUNTEN .\n Slechtste Europese prestatie onder Clement , halve ploeg van Club Brugge ( zwaar ) gebuisd\n De helft van de ploeg gebuisd , waarvan twee zware onvoldoendes : dan weet je dat Club Brugge een dramatische avond achter de rug heeft .\n Verdedigend sloeg het bij momenten nergens op , aanvallend was Club o zo onmondig .\n Dit was bijna de slechtste prestatie ooit onder Clement .\n Want er is die 6 - 1 op Gent nog .\n " } } }
