{"_context" : {
    "_types" : {
      "DocumentMetaData" : {
        "_feature_types" : {"sofa" : "_ref" } }, 
      "Eventclauses" : {
        "_feature_types" : {"sofa" : "_ref",  "Arguments" : "_ref",  "Polarity" : "_ref",  "PolarityTrigger" : "_ref",  "Sameclause" : "_ref" } }, 
      "Sentence" : {
        "_feature_types" : {"sofa" : "_ref" } }, 
      "Sofa" : {
        "_feature_types" : {"sofaArray" : "_ref" } }, 
      "TagsetDescription" : {
        "_feature_types" : {"sofa" : "_ref",  "tags" : "_ref" } }, 
      "Token" : {
        "_feature_types" : {"sofa" : "_ref",  "parent" : "_ref",  "lemma" : "_ref",  "stem" : "_ref",  "pos" : "_ref",  "morph" : "_ref",  "form" : "_ref" } }, 
      "DocumentAnnotation" : {
        "_feature_types" : {"sofa" : "_ref" }, 
        "_subtypes" : ["DocumentMetaData" ] }, 
      "Annotation" : {
        "_feature_types" : {"sofa" : "_ref" }, 
        "_subtypes" : ["DocumentAnnotation",  "Eventclauses",  "Sentence",  "TagsetDescription",  "Token" ] }, 
      "AnnotationBase" : {
        "_feature_types" : {"sofa" : "_ref" }, 
        "_subtypes" : ["Annotation" ] }, 
      "TOP" : {
        "_subtypes" : ["AnnotationBase",  "Sofa" ] } } }, 
  "_views" : {
    "_InitialView" : {
      "DocumentMetaData" : [
        {"sofa" : 12,  "end" : 697,  "language" : "x-unspecified",  "documentTitle" : "dmf20211114_94867230.txt",  "documentId" : "WoutBoven",  "documentUri" : "file:/export/repository/project/114/document/44350/source/WoutBoven",  "collectionId" : "file:/export/repository/project/114/document/44350/source/",  "documentBaseUri" : "file:/export/repository/project/114/document/44350/source/",  "isLastSegment" : false } ], 
      "TagsetDescription" : [
        {"sofa" : 12,  "layer" : "de.tudarmstadt.ukp.dkpro.core.api.syntax.type.dependency.Dependency",  "name" : "UD Universal Dependencies",  "input" : false }, 
        {"sofa" : 12,  "layer" : "webanno.custom.Entities",  "name" : "Entity - mention level types",  "input" : false }, 
        {"sofa" : 12,  "layer" : "webanno.custom.Eventclauses",  "name" : "Event - tense",  "input" : false }, 
        {"sofa" : 12,  "layer" : "webanno.custom.Eventsarguments",  "name" : "eventdna_argument_entities_(auto)",  "input" : false }, 
        {"sofa" : 12,  "layer" : "webanno.custom.Namedentities",  "name" : "NE types",  "input" : false }, 
        {"sofa" : 12,  "layer" : "webanno.custom.EntitiesLETSpreanno",  "name" : "Named entity - types",  "input" : false }, 
        {"sofa" : 12,  "layer" : "de.tudarmstadt.ukp.dkpro.core.api.transform.type.SofaChangeAnnotation",  "name" : "Operation",  "input" : false }, 
        {"sofa" : 12,  "layer" : "de.tudarmstadt.ukp.dkpro.core.api.lexmorph.type.pos.POS",  "name" : "UD Universal POS tags",  "input" : false }, 
        {"sofa" : 12,  "layer" : "webanno.custom.Polaritytriggers",  "name" : "Polarity",  "input" : false }, 
        {"sofa" : 12,  "layer" : "de.tudarmstadt.ukp.dkpro.core.api.segmentation.type.SurfaceForm",  "name" : "Named Entity tags",  "input" : false } ], 
      "Sentence" : [
        {"sofa" : 12,  "end" : 59 }, 
        {"sofa" : 12,  "begin" : 61,  "end" : 168 }, 
        {"sofa" : 12,  "begin" : 170,  "end" : 232 }, 
        {"sofa" : 12,  "begin" : 234,  "end" : 306 }, 
        {"sofa" : 12,  "begin" : 308,  "end" : 356 }, 
        {"sofa" : 12,  "begin" : 358,  "end" : 411 }, 
        {"sofa" : 12,  "begin" : 413,  "end" : 493 }, 
        {"sofa" : 12,  "begin" : 495,  "end" : 556 }, 
        {"sofa" : 12,  "begin" : 558,  "end" : 695 } ], 
      "Token" : [
        {"sofa" : 12,  "end" : 6 }, 
        {"sofa" : 12,  "begin" : 7,  "end" : 13 }, 
        {"sofa" : 12,  "begin" : 14,  "end" : 20 }, 
        {"sofa" : 12,  "begin" : 21,  "end" : 23 }, 
        {"sofa" : 12,  "begin" : 24,  "end" : 30 }, 
        {"sofa" : 12,  "begin" : 31,  "end" : 42 }, 
        {"sofa" : 12,  "begin" : 43,  "end" : 46 }, 
        {"sofa" : 12,  "begin" : 47,  "end" : 55 }, 
        {"sofa" : 12,  "begin" : 56,  "end" : 59 }, 
        {"sofa" : 12,  "begin" : 61,  "end" : 63 }, 
        {"sofa" : 12,  "begin" : 64,  "end" : 66 }, 
        {"sofa" : 12,  "begin" : 67,  "end" : 82 }, 
        {"sofa" : 12,  "begin" : 83,  "end" : 85 }, 
        {"sofa" : 12,  "begin" : 86,  "end" : 88 }, 
        {"sofa" : 12,  "begin" : 89,  "end" : 95 }, 
        {"sofa" : 12,  "begin" : 96,  "end" : 98 }, 
        {"sofa" : 12,  "begin" : 99,  "end" : 107 }, 
        {"sofa" : 12,  "begin" : 108,  "end" : 111 }, 
        {"sofa" : 12,  "begin" : 112,  "end" : 119 }, 
        {"sofa" : 12,  "begin" : 120,  "end" : 131 }, 
        {"sofa" : 12,  "begin" : 132,  "end" : 134 }, 
        {"sofa" : 12,  "begin" : 135,  "end" : 138 }, 
        {"sofa" : 12,  "begin" : 139,  "end" : 145 }, 
        {"sofa" : 12,  "begin" : 146,  "end" : 149 }, 
        {"sofa" : 12,  "begin" : 150,  "end" : 153 }, 
        {"sofa" : 12,  "begin" : 154,  "end" : 162 }, 
        {"sofa" : 12,  "begin" : 163,  "end" : 166 }, 
        {"sofa" : 12,  "begin" : 167,  "end" : 168 }, 
        {"sofa" : 12,  "begin" : 170,  "end" : 172 }, 
        {"sofa" : 12,  "begin" : 173,  "end" : 179 }, 
        {"sofa" : 12,  "begin" : 180,  "end" : 186 }, 
        {"sofa" : 12,  "begin" : 187,  "end" : 192 }, 
        {"sofa" : 12,  "begin" : 193,  "end" : 197 }, 
        {"sofa" : 12,  "begin" : 198,  "end" : 201 }, 
        {"sofa" : 12,  "begin" : 202,  "end" : 204 }, 
        {"sofa" : 12,  "begin" : 205,  "end" : 209 }, 
        {"sofa" : 12,  "begin" : 210,  "end" : 213 }, 
        {"sofa" : 12,  "begin" : 214,  "end" : 218 }, 
        {"sofa" : 12,  "begin" : 219,  "end" : 230 }, 
        {"sofa" : 12,  "begin" : 231,  "end" : 232 }, 
        {"sofa" : 12,  "begin" : 234,  "end" : 237 }, 
        {"sofa" : 12,  "begin" : 238,  "end" : 241 }, 
        {"sofa" : 12,  "begin" : 242,  "end" : 246 }, 
        {"sofa" : 12,  "begin" : 247,  "end" : 249 }, 
        {"sofa" : 12,  "begin" : 250,  "end" : 256 }, 
        {"sofa" : 12,  "begin" : 257,  "end" : 261 }, 
        {"sofa" : 12,  "begin" : 262,  "end" : 265 }, 
        {"sofa" : 12,  "begin" : 266,  "end" : 269 }, 
        {"sofa" : 12,  "begin" : 270,  "end" : 281 }, 
        {"sofa" : 12,  "begin" : 282,  "end" : 291 }, 
        {"sofa" : 12,  "begin" : 292,  "end" : 298 }, 
        {"sofa" : 12,  "begin" : 299,  "end" : 304 }, 
        {"sofa" : 12,  "begin" : 305,  "end" : 306 }, 
        {"sofa" : 12,  "begin" : 308,  "end" : 314 }, 
        {"sofa" : 12,  "begin" : 315,  "end" : 319 }, 
        {"sofa" : 12,  "begin" : 320,  "end" : 323 }, 
        {"sofa" : 12,  "begin" : 324,  "end" : 326 }, 
        {"sofa" : 12,  "begin" : 327,  "end" : 329 }, 
        {"sofa" : 12,  "begin" : 330,  "end" : 334 }, 
        {"sofa" : 12,  "begin" : 335,  "end" : 338 }, 
        {"sofa" : 12,  "begin" : 339,  "end" : 341 }, 
        {"sofa" : 12,  "begin" : 342,  "end" : 345 }, 
        {"sofa" : 12,  "begin" : 346,  "end" : 354 }, 
        {"sofa" : 12,  "begin" : 355,  "end" : 356 }, 
        {"sofa" : 12,  "begin" : 358,  "end" : 361 }, 
        {"sofa" : 12,  "begin" : 362,  "end" : 366 }, 
        {"sofa" : 12,  "begin" : 367,  "end" : 372 }, 
        {"sofa" : 12,  "begin" : 373,  "end" : 377 }, 
        {"sofa" : 12,  "begin" : 378,  "end" : 383 }, 
        {"sofa" : 12,  "begin" : 384,  "end" : 386 }, 
        {"sofa" : 12,  "begin" : 387,  "end" : 389 }, 
        {"sofa" : 12,  "begin" : 390,  "end" : 395 }, 
        {"sofa" : 12,  "begin" : 396,  "end" : 409 }, 
        {"sofa" : 12,  "begin" : 410,  "end" : 411 }, 
        {"sofa" : 12,  "begin" : 413,  "end" : 415 }, 
        {"sofa" : 12,  "begin" : 416,  "end" : 422 }, 
        {"sofa" : 12,  "begin" : 423,  "end" : 429 }, 
        {"sofa" : 12,  "begin" : 430,  "end" : 436 }, 
        {"sofa" : 12,  "begin" : 437,  "end" : 440 }, 
        {"sofa" : 12,  "begin" : 441,  "end" : 443 }, 
        {"sofa" : 12,  "begin" : 444,  "end" : 461 }, 
        {"sofa" : 12,  "begin" : 462,  "end" : 465 }, 
        {"sofa" : 12,  "begin" : 466,  "end" : 468 }, 
        {"sofa" : 12,  "begin" : 469,  "end" : 480 }, 
        {"sofa" : 12,  "begin" : 481,  "end" : 491 }, 
        {"sofa" : 12,  "begin" : 492,  "end" : 493 }, 
        {"sofa" : 12,  "begin" : 495,  "end" : 502 }, 
        {"sofa" : 12,  "begin" : 503,  "end" : 510 }, 
        {"sofa" : 12,  "begin" : 511,  "end" : 513 }, 
        {"sofa" : 12,  "begin" : 514,  "end" : 516 }, 
        {"sofa" : 12,  "begin" : 517,  "end" : 522 }, 
        {"sofa" : 12,  "begin" : 523,  "end" : 525 }, 
        {"sofa" : 12,  "begin" : 526,  "end" : 528 }, 
        {"sofa" : 12,  "begin" : 529,  "end" : 532 }, 
        {"sofa" : 12,  "begin" : 533,  "end" : 536 }, 
        {"sofa" : 12,  "begin" : 537,  "end" : 542 }, 
        {"sofa" : 12,  "begin" : 543,  "end" : 545 }, 
        {"sofa" : 12,  "begin" : 546,  "end" : 554 }, 
        {"sofa" : 12,  "begin" : 555,  "end" : 556 }, 
        {"sofa" : 12,  "begin" : 558,  "end" : 562 }, 
        {"sofa" : 12,  "begin" : 563,  "end" : 566 }, 
        {"sofa" : 12,  "begin" : 567,  "end" : 569 }, 
        {"sofa" : 12,  "begin" : 570,  "end" : 578 }, 
        {"sofa" : 12,  "begin" : 579,  "end" : 586 }, 
        {"sofa" : 12,  "begin" : 587,  "end" : 593 }, 
        {"sofa" : 12,  "begin" : 594,  "end" : 598 }, 
        {"sofa" : 12,  "begin" : 599,  "end" : 600 }, 
        {"sofa" : 12,  "begin" : 601,  "end" : 607 }, 
        {"sofa" : 12,  "begin" : 608,  "end" : 611 }, 
        {"sofa" : 12,  "begin" : 612,  "end" : 616 }, 
        {"sofa" : 12,  "begin" : 617,  "end" : 620 }, 
        {"sofa" : 12,  "begin" : 621,  "end" : 625 }, 
        {"sofa" : 12,  "begin" : 626,  "end" : 642 }, 
        {"sofa" : 12,  "begin" : 643,  "end" : 644 }, 
        {"sofa" : 12,  "begin" : 645,  "end" : 651 }, 
        {"sofa" : 12,  "begin" : 652,  "end" : 654 }, 
        {"sofa" : 12,  "begin" : 655,  "end" : 660 }, 
        {"sofa" : 12,  "begin" : 661,  "end" : 665 }, 
        {"sofa" : 12,  "begin" : 666,  "end" : 677 }, 
        {"sofa" : 12,  "begin" : 678,  "end" : 687 }, 
        {"sofa" : 12,  "begin" : 688,  "end" : 693 }, 
        {"sofa" : 12,  "begin" : 694,  "end" : 695 } ], 
      "Eventclauses" : [
        {"sofa" : 12,  "end" : 20,  "EventPolarity" : "EVE negative",  "Prominence" : "Main" }, 
        {"sofa" : 12,  "begin" : 24,  "end" : 59,  "EventPolarity" : "EVE negative",  "Prominence" : "Main" }, 
        {"sofa" : 12,  "begin" : 61,  "end" : 166,  "EventPolarity" : "EVE negative",  "Prominence" : "Background" }, 
        {"sofa" : 12,  "begin" : 170,  "end" : 230,  "EventPolarity" : "EVE negative",  "Prominence" : "Main" }, 
        {"sofa" : 12,  "begin" : 234,  "end" : 261,  "EventPolarity" : "EVE neutral",  "Prominence" : "Background" }, 
        {"sofa" : 12,  "begin" : 266,  "end" : 304,  "EventPolarity" : "EVE negative",  "Prominence" : "Background" }, 
        {"sofa" : 12,  "begin" : 308,  "end" : 354,  "EventPolarity" : "EVE negative",  "Prominence" : "Background" }, 
        {"sofa" : 12,  "begin" : 358,  "end" : 409,  "EventPolarity" : "EVE positive",  "Prominence" : "Background" }, 
        {"sofa" : 12,  "begin" : 413,  "end" : 491,  "EventPolarity" : "EVE negative",  "Prominence" : "Background" }, 
        {"sofa" : 12,  "begin" : 495,  "end" : 522,  "EventPolarity" : "EVE negative",  "Prominence" : "Background" }, 
        {"sofa" : 12,  "begin" : 526,  "end" : 554,  "EventPolarity" : "EVE negative",  "Prominence" : "Main" }, 
        {"sofa" : 12,  "begin" : 563,  "end" : 598,  "EventPolarity" : "EVE positive",  "Prominence" : "Background" }, 
        {"sofa" : 12,  "begin" : 601,  "end" : 616,  "EventPolarity" : "EVE positive",  "Prominence" : "Background" }, 
        {"sofa" : 12,  "begin" : 621,  "end" : 693,  "EventPolarity" : "EVE negative",  "Prominence" : "Background" } ] } }, 
  "_referenced_fss" : {
    "12" : {"_type" : "Sofa",  "sofaNum" : 1,  "sofaID" : "_InitialView",  "mimeType" : "text",  "sofaString" : "Dieven breken binnen en stelen scootmobiel van bejaarde man\n In de Kerselarendreef in De Klinge is zaterdag een inbraak vastgesteld in een woning van een bejaarde man .\n De dieven gingen onder meer aan de haal met zijn scootmobiel .\n Het was niet de eerste keer dat het slachtoffer ongewenst bezoek kreeg .\n Recent werd ook al de auto van de man gestolen .\n Die werd korte tijd later in de buurt teruggevonden .\n De daders hadden echter wel de afstandsbediening van de garagepoort meegenomen .\n Daarmee keerden ze nu terug om de man ook thuis te bestelen .\n Toen hij de volgende ochtend wakker werd , stelde hij vast dat zijn televisietoestel , laptop en zelfs zijn scootmobiel verdwenen waren .\n " } } }