{"_context" : {
    "_types" : {
      "DocumentMetaData" : {
        "_feature_types" : {"sofa" : "_ref" } }, 
      "Eventclauses" : {
        "_feature_types" : {"sofa" : "_ref",  "Arguments" : "_ref",  "Polarity" : "_ref",  "PolarityTrigger" : "_ref",  "Sameclause" : "_ref" } }, 
      "Sentence" : {
        "_feature_types" : {"sofa" : "_ref" } }, 
      "Sofa" : {
        "_feature_types" : {"sofaArray" : "_ref" } }, 
      "TagsetDescription" : {
        "_feature_types" : {"sofa" : "_ref",  "tags" : "_ref" } }, 
      "Token" : {
        "_feature_types" : {"sofa" : "_ref",  "parent" : "_ref",  "lemma" : "_ref",  "stem" : "_ref",  "pos" : "_ref",  "morph" : "_ref",  "form" : "_ref" } }, 
      "DocumentAnnotation" : {
        "_feature_types" : {"sofa" : "_ref" }, 
        "_subtypes" : ["DocumentMetaData" ] }, 
      "Annotation" : {
        "_feature_types" : {"sofa" : "_ref" }, 
        "_subtypes" : ["DocumentAnnotation",  "Eventclauses",  "Sentence",  "TagsetDescription",  "Token" ] }, 
      "AnnotationBase" : {
        "_feature_types" : {"sofa" : "_ref" }, 
        "_subtypes" : ["Annotation" ] }, 
      "TOP" : {
        "_subtypes" : ["AnnotationBase",  "Sofa" ] } } }, 
  "_views" : {
    "_InitialView" : {
      "DocumentMetaData" : [
        {"sofa" : 12,  "end" : 244,  "language" : "x-unspecified",  "documentTitle" : "dmf20211123_96774803.txt",  "documentId" : "WoutBoven",  "documentUri" : "file:/export/repository/project/114/document/44276/source/WoutBoven",  "collectionId" : "file:/export/repository/project/114/document/44276/source/",  "documentBaseUri" : "file:/export/repository/project/114/document/44276/source/",  "isLastSegment" : false } ], 
      "TagsetDescription" : [
        {"sofa" : 12,  "layer" : "de.tudarmstadt.ukp.dkpro.core.api.syntax.type.dependency.Dependency",  "name" : "UD Universal Dependencies",  "input" : false }, 
        {"sofa" : 12,  "layer" : "webanno.custom.Entities",  "name" : "Entity - mention level types",  "input" : false }, 
        {"sofa" : 12,  "layer" : "webanno.custom.Eventclauses",  "name" : "Event - tense",  "input" : false }, 
        {"sofa" : 12,  "layer" : "webanno.custom.Eventsarguments",  "name" : "eventdna_argument_entities_(auto)",  "input" : false }, 
        {"sofa" : 12,  "layer" : "webanno.custom.Namedentities",  "name" : "NE types",  "input" : false }, 
        {"sofa" : 12,  "layer" : "webanno.custom.EntitiesLETSpreanno",  "name" : "Named entity - types",  "input" : false }, 
        {"sofa" : 12,  "layer" : "de.tudarmstadt.ukp.dkpro.core.api.transform.type.SofaChangeAnnotation",  "name" : "Operation",  "input" : false }, 
        {"sofa" : 12,  "layer" : "de.tudarmstadt.ukp.dkpro.core.api.lexmorph.type.pos.POS",  "name" : "UD Universal POS tags",  "input" : false }, 
        {"sofa" : 12,  "layer" : "webanno.custom.Polaritytriggers",  "name" : "Polarity",  "input" : false }, 
        {"sofa" : 12,  "layer" : "de.tudarmstadt.ukp.dkpro.core.api.segmentation.type.SurfaceForm",  "name" : "Named Entity tags",  "input" : false } ], 
      "Sentence" : [
        {"sofa" : 12,  "end" : 54 }, 
        {"sofa" : 12,  "begin" : 56,  "end" : 147 }, 
        {"sofa" : 12,  "begin" : 149,  "end" : 242 } ], 
      "Token" : [
        {"sofa" : 12,  "end" : 4 }, 
        {"sofa" : 12,  "begin" : 5,  "end" : 14 }, 
        {"sofa" : 12,  "begin" : 15,  "end" : 23 }, 
        {"sofa" : 12,  "begin" : 24,  "end" : 27 }, 
        {"sofa" : 12,  "begin" : 28,  "end" : 44 }, 
        {"sofa" : 12,  "begin" : 45,  "end" : 47 }, 
        {"sofa" : 12,  "begin" : 48,  "end" : 54 }, 
        {"sofa" : 12,  "begin" : 56,  "end" : 59 }, 
        {"sofa" : 12,  "begin" : 60,  "end" : 62 }, 
        {"sofa" : 12,  "begin" : 63,  "end" : 68 }, 
        {"sofa" : 12,  "begin" : 69,  "end" : 71 }, 
        {"sofa" : 12,  "begin" : 72,  "end" : 75 }, 
        {"sofa" : 12,  "begin" : 76,  "end" : 80 }, 
        {"sofa" : 12,  "begin" : 81,  "end" : 83 }, 
        {"sofa" : 12,  "begin" : 84,  "end" : 86 }, 
        {"sofa" : 12,  "begin" : 87,  "end" : 97 }, 
        {"sofa" : 12,  "begin" : 98,  "end" : 104 }, 
        {"sofa" : 12,  "begin" : 105,  "end" : 109 }, 
        {"sofa" : 12,  "begin" : 110,  "end" : 117 }, 
        {"sofa" : 12,  "begin" : 118,  "end" : 122 }, 
        {"sofa" : 12,  "begin" : 123,  "end" : 132 }, 
        {"sofa" : 12,  "begin" : 133,  "end" : 145 }, 
        {"sofa" : 12,  "begin" : 146,  "end" : 147 }, 
        {"sofa" : 12,  "begin" : 149,  "end" : 151 }, 
        {"sofa" : 12,  "begin" : 152,  "end" : 159 }, 
        {"sofa" : 12,  "begin" : 160,  "end" : 164 }, 
        {"sofa" : 12,  "begin" : 165,  "end" : 167 }, 
        {"sofa" : 12,  "begin" : 168,  "end" : 171 }, 
        {"sofa" : 12,  "begin" : 172,  "end" : 178 }, 
        {"sofa" : 12,  "begin" : 179,  "end" : 182 }, 
        {"sofa" : 12,  "begin" : 183,  "end" : 196 }, 
        {"sofa" : 12,  "begin" : 197,  "end" : 213 }, 
        {"sofa" : 12,  "begin" : 214,  "end" : 217 }, 
        {"sofa" : 12,  "begin" : 218,  "end" : 221 }, 
        {"sofa" : 12,  "begin" : 222,  "end" : 226 }, 
        {"sofa" : 12,  "begin" : 227,  "end" : 232 }, 
        {"sofa" : 12,  "begin" : 233,  "end" : 240 }, 
        {"sofa" : 12,  "begin" : 241,  "end" : 242 } ], 
      "Eventclauses" : [
        {"sofa" : 12,  "end" : 44,  "EventPolarity" : "EVE negative",  "Prominence" : "Main" }, 
        {"sofa" : 12,  "begin" : 56,  "end" : 145,  "EventPolarity" : "EVE negative",  "Prominence" : "Main" }, 
        {"sofa" : 12,  "begin" : 149,  "end" : 240,  "EventPolarity" : "EVE negative",  "Prominence" : "Background" } ] } }, 
  "_referenced_fss" : {
    "12" : {"_type" : "Sofa",  "sofaNum" : 1,  "sofaID" : "_InitialView",  "mimeType" : "text",  "sofaString" : "Twee Albanezen opgepakt bij cannabisplantage in Teuven\n Bij de inval in een pand in de Varnstraat Teuven zijn maandag twee Albanezen gearresteerd .\n De politie trof in het gebouw een professionele cannabisplantage aan met zo'n 2.000 planten .\n " } } }