{"_context" : {
    "_types" : {
      "DocumentMetaData" : {
        "_feature_types" : {"sofa" : "_ref" } }, 
      "Eventclauses" : {
        "_feature_types" : {"sofa" : "_ref",  "Arguments" : "_ref",  "Polarity" : "_ref",  "PolarityTrigger" : "_ref",  "Sameclause" : "_ref" } }, 
      "Sentence" : {
        "_feature_types" : {"sofa" : "_ref" } }, 
      "Sofa" : {
        "_feature_types" : {"sofaArray" : "_ref" } }, 
      "TagsetDescription" : {
        "_feature_types" : {"sofa" : "_ref",  "tags" : "_ref" } }, 
      "Token" : {
        "_feature_types" : {"sofa" : "_ref",  "parent" : "_ref",  "lemma" : "_ref",  "stem" : "_ref",  "pos" : "_ref",  "morph" : "_ref",  "form" : "_ref" } }, 
      "DocumentAnnotation" : {
        "_feature_types" : {"sofa" : "_ref" }, 
        "_subtypes" : ["DocumentMetaData" ] }, 
      "Annotation" : {
        "_feature_types" : {"sofa" : "_ref" }, 
        "_subtypes" : ["DocumentAnnotation",  "Eventclauses",  "Sentence",  "TagsetDescription",  "Token" ] }, 
      "AnnotationBase" : {
        "_feature_types" : {"sofa" : "_ref" }, 
        "_subtypes" : ["Annotation" ] }, 
      "TOP" : {
        "_subtypes" : ["AnnotationBase",  "Sofa" ] } } }, 
  "_views" : {
    "_InitialView" : {
      "DocumentMetaData" : [
        {"sofa" : 12,  "end" : 387,  "language" : "x-unspecified",  "documentTitle" : "dmf20211109_93549458.txt",  "documentId" : "WoutBoven",  "documentUri" : "file:/export/repository/project/114/document/44379/source/WoutBoven",  "collectionId" : "file:/export/repository/project/114/document/44379/source/",  "documentBaseUri" : "file:/export/repository/project/114/document/44379/source/",  "isLastSegment" : false } ], 
      "TagsetDescription" : [
        {"sofa" : 12,  "layer" : "de.tudarmstadt.ukp.dkpro.core.api.syntax.type.dependency.Dependency",  "name" : "UD Universal Dependencies",  "input" : false }, 
        {"sofa" : 12,  "layer" : "webanno.custom.Entities",  "name" : "Entity - mention level types",  "input" : false }, 
        {"sofa" : 12,  "layer" : "webanno.custom.Eventclauses",  "name" : "Event - tense",  "input" : false }, 
        {"sofa" : 12,  "layer" : "webanno.custom.Eventsarguments",  "name" : "eventdna_argument_entities_(auto)",  "input" : false }, 
        {"sofa" : 12,  "layer" : "webanno.custom.Namedentities",  "name" : "NE types",  "input" : false }, 
        {"sofa" : 12,  "layer" : "webanno.custom.EntitiesLETSpreanno",  "name" : "Named entity - types",  "input" : false }, 
        {"sofa" : 12,  "layer" : "de.tudarmstadt.ukp.dkpro.core.api.transform.type.SofaChangeAnnotation",  "name" : "Operation",  "input" : false }, 
        {"sofa" : 12,  "layer" : "de.tudarmstadt.ukp.dkpro.core.api.lexmorph.type.pos.POS",  "name" : "UD Universal POS tags",  "input" : false }, 
        {"sofa" : 12,  "layer" : "webanno.custom.Polaritytriggers",  "name" : "Polarity",  "input" : false }, 
        {"sofa" : 12,  "layer" : "de.tudarmstadt.ukp.dkpro.core.api.segmentation.type.SurfaceForm",  "name" : "Named Entity tags",  "input" : false } ], 
      "Sentence" : [
        {"sofa" : 12,  "end" : 85 }, 
        {"sofa" : 12,  "begin" : 87,  "end" : 158 }, 
        {"sofa" : 12,  "begin" : 160,  "end" : 311 }, 
        {"sofa" : 12,  "begin" : 313,  "end" : 385 } ], 
      "Token" : [
        {"sofa" : 12,  "end" : 7 }, 
        {"sofa" : 12,  "begin" : 8,  "end" : 11 }, 
        {"sofa" : 12,  "begin" : 12,  "end" : 21 }, 
        {"sofa" : 12,  "begin" : 22,  "end" : 26 }, 
        {"sofa" : 12,  "begin" : 27,  "end" : 37 }, 
        {"sofa" : 12,  "begin" : 38,  "end" : 41 }, 
        {"sofa" : 12,  "begin" : 42,  "end" : 51 }, 
        {"sofa" : 12,  "begin" : 52,  "end" : 53 }, 
        {"sofa" : 12,  "begin" : 54,  "end" : 56 }, 
        {"sofa" : 12,  "begin" : 57,  "end" : 60 }, 
        {"sofa" : 12,  "begin" : 61,  "end" : 65 }, 
        {"sofa" : 12,  "begin" : 66,  "end" : 74 }, 
        {"sofa" : 12,  "begin" : 75,  "end" : 77 }, 
        {"sofa" : 12,  "begin" : 78,  "end" : 85 }, 
        {"sofa" : 12,  "begin" : 87,  "end" : 91 }, 
        {"sofa" : 12,  "begin" : 92,  "end" : 99 }, 
        {"sofa" : 12,  "begin" : 100,  "end" : 101 }, 
        {"sofa" : 12,  "begin" : 102,  "end" : 104 }, 
        {"sofa" : 12,  "begin" : 105,  "end" : 106 }, 
        {"sofa" : 12,  "begin" : 107,  "end" : 112 }, 
        {"sofa" : 12,  "begin" : 113,  "end" : 133 }, 
        {"sofa" : 12,  "begin" : 134,  "end" : 138 }, 
        {"sofa" : 12,  "begin" : 139,  "end" : 142 }, 
        {"sofa" : 12,  "begin" : 143,  "end" : 147 }, 
        {"sofa" : 12,  "begin" : 148,  "end" : 156 }, 
        {"sofa" : 12,  "begin" : 157,  "end" : 158 }, 
        {"sofa" : 12,  "begin" : 160,  "end" : 162 }, 
        {"sofa" : 12,  "begin" : 163,  "end" : 166 }, 
        {"sofa" : 12,  "begin" : 167,  "end" : 177 }, 
        {"sofa" : 12,  "begin" : 178,  "end" : 187 }, 
        {"sofa" : 12,  "begin" : 188,  "end" : 191 }, 
        {"sofa" : 12,  "begin" : 192,  "end" : 203 }, 
        {"sofa" : 12,  "begin" : 204,  "end" : 208 }, 
        {"sofa" : 12,  "begin" : 209,  "end" : 212 }, 
        {"sofa" : 12,  "begin" : 213,  "end" : 222 }, 
        {"sofa" : 12,  "begin" : 223,  "end" : 234 }, 
        {"sofa" : 12,  "begin" : 235,  "end" : 240 }, 
        {"sofa" : 12,  "begin" : 241,  "end" : 243 }, 
        {"sofa" : 12,  "begin" : 244,  "end" : 248 }, 
        {"sofa" : 12,  "begin" : 249,  "end" : 256 }, 
        {"sofa" : 12,  "begin" : 257,  "end" : 259 }, 
        {"sofa" : 12,  "begin" : 260,  "end" : 266 }, 
        {"sofa" : 12,  "begin" : 267,  "end" : 270 }, 
        {"sofa" : 12,  "begin" : 271,  "end" : 278 }, 
        {"sofa" : 12,  "begin" : 279,  "end" : 287 }, 
        {"sofa" : 12,  "begin" : 288,  "end" : 290 }, 
        {"sofa" : 12,  "begin" : 291,  "end" : 297 }, 
        {"sofa" : 12,  "begin" : 298,  "end" : 301 }, 
        {"sofa" : 12,  "begin" : 302,  "end" : 309 }, 
        {"sofa" : 12,  "begin" : 310,  "end" : 311 }, 
        {"sofa" : 12,  "begin" : 313,  "end" : 320 }, 
        {"sofa" : 12,  "begin" : 321,  "end" : 327 }, 
        {"sofa" : 12,  "begin" : 328,  "end" : 330 }, 
        {"sofa" : 12,  "begin" : 331,  "end" : 335 }, 
        {"sofa" : 12,  "begin" : 336,  "end" : 338 }, 
        {"sofa" : 12,  "begin" : 339,  "end" : 341 }, 
        {"sofa" : 12,  "begin" : 342,  "end" : 346 }, 
        {"sofa" : 12,  "begin" : 347,  "end" : 348 }, 
        {"sofa" : 12,  "begin" : 349,  "end" : 355 }, 
        {"sofa" : 12,  "begin" : 356,  "end" : 359 }, 
        {"sofa" : 12,  "begin" : 360,  "end" : 362 }, 
        {"sofa" : 12,  "begin" : 363,  "end" : 369 }, 
        {"sofa" : 12,  "begin" : 370,  "end" : 372 }, 
        {"sofa" : 12,  "begin" : 373,  "end" : 378 }, 
        {"sofa" : 12,  "begin" : 379,  "end" : 383 }, 
        {"sofa" : 12,  "begin" : 384,  "end" : 385 } ], 
      "Eventclauses" : [
        {"sofa" : 12,  "end" : 51,  "EventPolarity" : "EVE neutral",  "Prominence" : "Main" }, 
        {"sofa" : 12,  "begin" : 87,  "end" : 156,  "EventPolarity" : "EVE neutral",  "Prominence" : "Main" }, 
        {"sofa" : 12,  "begin" : 204,  "end" : 287,  "EventPolarity" : "EVE neutral",  "Prominence" : "Background" }, 
        {"sofa" : 12,  "begin" : 291,  "end" : 309,  "EventPolarity" : "EVE positive",  "Prominence" : "Background" }, 
        {"sofa" : 12,  "begin" : 313,  "end" : 346,  "EventPolarity" : "EVE positive",  "Prominence" : "Background" }, 
        {"sofa" : 12,  "begin" : 356,  "end" : 383,  "EventPolarity" : "EVE positive",  "Prominence" : "Background" } ] } }, 
  "_referenced_fss" : {
    "12" : {"_type" : "Sofa",  "sofaNum" : 1,  "sofaID" : "_InitialView",  "mimeType" : "text",  "sofaString" : "Almeida van ploegmaat naar concurrent van Evenepoel : Ik ken zijn sterktes en zwaktes\n João Almeida ( 23 ) ruilt Deceuninck-QuickStep voor UAE Team Emirates .\n In een uitgebreid interview met Cyclingnews kwam het Portugese rondetalent terug op zijn periode in dienst van Patrick Lefevere en blikte hij vooruit .\n Almeida focust in 2022 op de Giro , waarin hij al vierde en zesde werd .\n " } } }