{"_context" : {
    "_types" : {
      "DocumentMetaData" : {
        "_feature_types" : {"sofa" : "_ref" } }, 
      "Eventclauses" : {
        "_feature_types" : {"sofa" : "_ref",  "Arguments" : "_ref",  "Polarity" : "_ref",  "PolarityTrigger" : "_ref",  "Sameclause" : "_ref" } }, 
      "Sentence" : {
        "_feature_types" : {"sofa" : "_ref" } }, 
      "Sofa" : {
        "_feature_types" : {"sofaArray" : "_ref" } }, 
      "TagsetDescription" : {
        "_feature_types" : {"sofa" : "_ref",  "tags" : "_ref" } }, 
      "Token" : {
        "_feature_types" : {"sofa" : "_ref",  "parent" : "_ref",  "lemma" : "_ref",  "stem" : "_ref",  "pos" : "_ref",  "morph" : "_ref",  "form" : "_ref" } }, 
      "DocumentAnnotation" : {
        "_feature_types" : {"sofa" : "_ref" }, 
        "_subtypes" : ["DocumentMetaData" ] }, 
      "Annotation" : {
        "_feature_types" : {"sofa" : "_ref" }, 
        "_subtypes" : ["DocumentAnnotation",  "Eventclauses",  "Sentence",  "TagsetDescription",  "Token" ] }, 
      "AnnotationBase" : {
        "_feature_types" : {"sofa" : "_ref" }, 
        "_subtypes" : ["Annotation" ] }, 
      "TOP" : {
        "_subtypes" : ["AnnotationBase",  "Sofa" ] } } }, 
  "_views" : {
    "_InitialView" : {
      "DocumentMetaData" : [
        {"sofa" : 12,  "end" : 277,  "language" : "x-unspecified",  "documentTitle" : "dmf20211121_97202194.txt",  "documentId" : "WoutBoven",  "documentUri" : "file:/export/repository/project/114/document/44293/source/WoutBoven",  "collectionId" : "file:/export/repository/project/114/document/44293/source/",  "documentBaseUri" : "file:/export/repository/project/114/document/44293/source/",  "isLastSegment" : false } ], 
      "TagsetDescription" : [
        {"sofa" : 12,  "layer" : "de.tudarmstadt.ukp.dkpro.core.api.syntax.type.dependency.Dependency",  "name" : "UD Universal Dependencies",  "input" : false }, 
        {"sofa" : 12,  "layer" : "webanno.custom.Entities",  "name" : "Entity - mention level types",  "input" : false }, 
        {"sofa" : 12,  "layer" : "webanno.custom.Eventclauses",  "name" : "Event - tense",  "input" : false }, 
        {"sofa" : 12,  "layer" : "webanno.custom.Eventsarguments",  "name" : "eventdna_argument_entities_(auto)",  "input" : false }, 
        {"sofa" : 12,  "layer" : "webanno.custom.Namedentities",  "name" : "NE types",  "input" : false }, 
        {"sofa" : 12,  "layer" : "webanno.custom.EntitiesLETSpreanno",  "name" : "Named entity - types",  "input" : false }, 
        {"sofa" : 12,  "layer" : "de.tudarmstadt.ukp.dkpro.core.api.transform.type.SofaChangeAnnotation",  "name" : "Operation",  "input" : false }, 
        {"sofa" : 12,  "layer" : "de.tudarmstadt.ukp.dkpro.core.api.lexmorph.type.pos.POS",  "name" : "UD Universal POS tags",  "input" : false }, 
        {"sofa" : 12,  "layer" : "webanno.custom.Polaritytriggers",  "name" : "Polarity",  "input" : false }, 
        {"sofa" : 12,  "layer" : "de.tudarmstadt.ukp.dkpro.core.api.segmentation.type.SurfaceForm",  "name" : "Named Entity tags",  "input" : false } ], 
      "Sentence" : [
        {"sofa" : 12,  "end" : 72 }, 
        {"sofa" : 12,  "begin" : 74,  "end" : 177 }, 
        {"sofa" : 12,  "begin" : 179,  "end" : 275 } ], 
      "Token" : [
        {"sofa" : 12,  "end" : 3 }, 
        {"sofa" : 12,  "begin" : 4,  "end" : 7 }, 
        {"sofa" : 12,  "begin" : 8,  "end" : 12 }, 
        {"sofa" : 12,  "begin" : 13,  "end" : 15 }, 
        {"sofa" : 12,  "begin" : 16,  "end" : 22 }, 
        {"sofa" : 12,  "begin" : 23,  "end" : 29 }, 
        {"sofa" : 12,  "begin" : 30,  "end" : 33 }, 
        {"sofa" : 12,  "begin" : 34,  "end" : 35 }, 
        {"sofa" : 12,  "begin" : 36,  "end" : 38 }, 
        {"sofa" : 12,  "begin" : 39,  "end" : 43 }, 
        {"sofa" : 12,  "begin" : 44,  "end" : 47 }, 
        {"sofa" : 12,  "begin" : 48,  "end" : 52 }, 
        {"sofa" : 12,  "begin" : 53,  "end" : 64 }, 
        {"sofa" : 12,  "begin" : 65,  "end" : 67 }, 
        {"sofa" : 12,  "begin" : 68,  "end" : 72 }, 
        {"sofa" : 12,  "begin" : 74,  "end" : 76 }, 
        {"sofa" : 12,  "begin" : 77,  "end" : 79 }, 
        {"sofa" : 12,  "begin" : 80,  "end" : 84 }, 
        {"sofa" : 12,  "begin" : 85,  "end" : 93 }, 
        {"sofa" : 12,  "begin" : 94,  "end" : 98 }, 
        {"sofa" : 12,  "begin" : 99,  "end" : 100 }, 
        {"sofa" : 12,  "begin" : 101,  "end" : 113 }, 
        {"sofa" : 12,  "begin" : 114,  "end" : 120 }, 
        {"sofa" : 12,  "begin" : 121,  "end" : 123 }, 
        {"sofa" : 12,  "begin" : 124,  "end" : 130 }, 
        {"sofa" : 12,  "begin" : 131,  "end" : 140 }, 
        {"sofa" : 12,  "begin" : 141,  "end" : 144 }, 
        {"sofa" : 12,  "begin" : 145,  "end" : 146 }, 
        {"sofa" : 12,  "begin" : 146,  "end" : 150 }, 
        {"sofa" : 12,  "begin" : 151,  "end" : 153 }, 
        {"sofa" : 12,  "begin" : 154,  "end" : 160 }, 
        {"sofa" : 12,  "begin" : 160,  "end" : 161 }, 
        {"sofa" : 12,  "begin" : 162,  "end" : 165 }, 
        {"sofa" : 12,  "begin" : 166,  "end" : 168 }, 
        {"sofa" : 12,  "begin" : 169,  "end" : 175 }, 
        {"sofa" : 12,  "begin" : 176,  "end" : 177 }, 
        {"sofa" : 12,  "begin" : 179,  "end" : 188 }, 
        {"sofa" : 12,  "begin" : 189,  "end" : 191 }, 
        {"sofa" : 12,  "begin" : 192,  "end" : 194 }, 
        {"sofa" : 12,  "begin" : 195,  "end" : 201 }, 
        {"sofa" : 12,  "begin" : 202,  "end" : 204 }, 
        {"sofa" : 12,  "begin" : 205,  "end" : 210 }, 
        {"sofa" : 12,  "begin" : 211,  "end" : 220 }, 
        {"sofa" : 12,  "begin" : 221,  "end" : 224 }, 
        {"sofa" : 12,  "begin" : 225,  "end" : 227 }, 
        {"sofa" : 12,  "begin" : 228,  "end" : 233 }, 
        {"sofa" : 12,  "begin" : 234,  "end" : 237 }, 
        {"sofa" : 12,  "begin" : 238,  "end" : 240 }, 
        {"sofa" : 12,  "begin" : 241,  "end" : 247 }, 
        {"sofa" : 12,  "begin" : 248,  "end" : 251 }, 
        {"sofa" : 12,  "begin" : 252,  "end" : 254 }, 
        {"sofa" : 12,  "begin" : 255,  "end" : 266 }, 
        {"sofa" : 12,  "begin" : 267,  "end" : 273 }, 
        {"sofa" : 12,  "begin" : 274,  "end" : 275 } ], 
      "Eventclauses" : [
        {"sofa" : 12,  "end" : 33,  "EventPolarity" : "EVE neutral",  "Prominence" : "Main" }, 
        {"sofa" : 12,  "begin" : 101,  "end" : 165,  "EventPolarity" : "EVE neutral",  "Prominence" : "Main" }, 
        {"sofa" : 12,  "begin" : 179,  "end" : 273,  "EventPolarity" : "EVE positive",  "Prominence" : "Background" } ] } }, 
  "_referenced_fss" : {
    "12" : {"_type" : "Sofa",  "sofaNum" : 1,  "sofaID" : "_InitialView",  "mimeType" : "text",  "sofaString" : "BVs van Over de oceaan zeilen weg : De code van mijn bankkaarten is 5499\n Er is geen terugweg meer : zondagmiddag vaarde de nieuwe bemanning van ' Over de oceaan ' uit in Spanje .\n Bedoeling is om binnen 18 dagen heelhuids aan te komen aan de andere van de Atlantische Oceaan .\n " } } }
