{"_context" : {
    "_types" : {
      "DocumentMetaData" : {
        "_feature_types" : {"sofa" : "_ref" } }, 
      "Eventclauses" : {
        "_feature_types" : {"sofa" : "_ref",  "Arguments" : "_ref",  "Polarity" : "_ref",  "PolarityTrigger" : "_ref",  "Sameclause" : "_ref" } }, 
      "Sentence" : {
        "_feature_types" : {"sofa" : "_ref" } }, 
      "Sofa" : {
        "_feature_types" : {"sofaArray" : "_ref" } }, 
      "TagsetDescription" : {
        "_feature_types" : {"sofa" : "_ref",  "tags" : "_ref" } }, 
      "Token" : {
        "_feature_types" : {"sofa" : "_ref",  "parent" : "_ref",  "lemma" : "_ref",  "stem" : "_ref",  "pos" : "_ref",  "morph" : "_ref",  "form" : "_ref" } }, 
      "DocumentAnnotation" : {
        "_feature_types" : {"sofa" : "_ref" }, 
        "_subtypes" : ["DocumentMetaData" ] }, 
      "Annotation" : {
        "_feature_types" : {"sofa" : "_ref" }, 
        "_subtypes" : ["DocumentAnnotation",  "Eventclauses",  "Sentence",  "TagsetDescription",  "Token" ] }, 
      "AnnotationBase" : {
        "_feature_types" : {"sofa" : "_ref" }, 
        "_subtypes" : ["Annotation" ] }, 
      "TOP" : {
        "_subtypes" : ["AnnotationBase",  "Sofa" ] } } }, 
  "_views" : {
    "_InitialView" : {
      "DocumentMetaData" : [
        {"sofa" : 12,  "end" : 235,  "language" : "x-unspecified",  "documentTitle" : "dmf20211107_93433707.txt",  "documentId" : "WoutBoven",  "documentUri" : "file:/export/repository/project/114/document/44396/source/WoutBoven",  "collectionId" : "file:/export/repository/project/114/document/44396/source/",  "documentBaseUri" : "file:/export/repository/project/114/document/44396/source/",  "isLastSegment" : false } ], 
      "TagsetDescription" : [
        {"sofa" : 12,  "layer" : "de.tudarmstadt.ukp.dkpro.core.api.syntax.type.dependency.Dependency",  "name" : "UD Universal Dependencies",  "input" : false }, 
        {"sofa" : 12,  "layer" : "webanno.custom.Entities",  "name" : "Entity - mention level types",  "input" : false }, 
        {"sofa" : 12,  "layer" : "webanno.custom.Eventclauses",  "name" : "Event - tense",  "input" : false }, 
        {"sofa" : 12,  "layer" : "webanno.custom.Eventsarguments",  "name" : "eventdna_argument_entities_(auto)",  "input" : false }, 
        {"sofa" : 12,  "layer" : "webanno.custom.Namedentities",  "name" : "NE types",  "input" : false }, 
        {"sofa" : 12,  "layer" : "webanno.custom.EntitiesLETSpreanno",  "name" : "Named entity - types",  "input" : false }, 
        {"sofa" : 12,  "layer" : "de.tudarmstadt.ukp.dkpro.core.api.transform.type.SofaChangeAnnotation",  "name" : "Operation",  "input" : false }, 
        {"sofa" : 12,  "layer" : "de.tudarmstadt.ukp.dkpro.core.api.lexmorph.type.pos.POS",  "name" : "UD Universal POS tags",  "input" : false }, 
        {"sofa" : 12,  "layer" : "webanno.custom.Polaritytriggers",  "name" : "Polarity",  "input" : false }, 
        {"sofa" : 12,  "layer" : "de.tudarmstadt.ukp.dkpro.core.api.segmentation.type.SurfaceForm",  "name" : "Named Entity tags",  "input" : false } ], 
      "Sentence" : [
        {"sofa" : 12,  "end" : 50 }, 
        {"sofa" : 12,  "begin" : 52,  "end" : 233 } ], 
      "Token" : [
        {"sofa" : 12,  "end" : 13 }, 
        {"sofa" : 12,  "begin" : 14,  "end" : 20 }, 
        {"sofa" : 12,  "begin" : 21,  "end" : 24 }, 
        {"sofa" : 12,  "begin" : 25,  "end" : 31 }, 
        {"sofa" : 12,  "begin" : 32,  "end" : 33 }, 
        {"sofa" : 12,  "begin" : 34,  "end" : 38 }, 
        {"sofa" : 12,  "begin" : 39,  "end" : 45 }, 
        {"sofa" : 12,  "begin" : 46,  "end" : 50 }, 
        {"sofa" : 12,  "begin" : 52,  "end" : 55 }, 
        {"sofa" : 12,  "begin" : 56,  "end" : 64 }, 
        {"sofa" : 12,  "begin" : 65,  "end" : 68 }, 
        {"sofa" : 12,  "begin" : 69,  "end" : 73 }, 
        {"sofa" : 12,  "begin" : 74,  "end" : 79 }, 
        {"sofa" : 12,  "begin" : 80,  "end" : 82 }, 
        {"sofa" : 12,  "begin" : 83,  "end" : 86 }, 
        {"sofa" : 12,  "begin" : 87,  "end" : 91 }, 
        {"sofa" : 12,  "begin" : 92,  "end" : 93 }, 
        {"sofa" : 12,  "begin" : 93,  "end" : 99 }, 
        {"sofa" : 12,  "begin" : 100,  "end" : 104 }, 
        {"sofa" : 12,  "begin" : 105,  "end" : 108 }, 
        {"sofa" : 12,  "begin" : 109,  "end" : 117 }, 
        {"sofa" : 12,  "begin" : 118,  "end" : 121 }, 
        {"sofa" : 12,  "begin" : 122,  "end" : 125 }, 
        {"sofa" : 12,  "begin" : 126,  "end" : 132 }, 
        {"sofa" : 12,  "begin" : 133,  "end" : 137 }, 
        {"sofa" : 12,  "begin" : 138,  "end" : 146 }, 
        {"sofa" : 12,  "begin" : 147,  "end" : 149 }, 
        {"sofa" : 12,  "begin" : 150,  "end" : 153 }, 
        {"sofa" : 12,  "begin" : 154,  "end" : 160 }, 
        {"sofa" : 12,  "begin" : 161,  "end" : 163 }, 
        {"sofa" : 12,  "begin" : 164,  "end" : 170 }, 
        {"sofa" : 12,  "begin" : 171,  "end" : 179 }, 
        {"sofa" : 12,  "begin" : 180,  "end" : 182 }, 
        {"sofa" : 12,  "begin" : 183,  "end" : 185 }, 
        {"sofa" : 12,  "begin" : 186,  "end" : 190 }, 
        {"sofa" : 12,  "begin" : 191,  "end" : 193 }, 
        {"sofa" : 12,  "begin" : 194,  "end" : 200 }, 
        {"sofa" : 12,  "begin" : 201,  "end" : 205 }, 
        {"sofa" : 12,  "begin" : 206,  "end" : 208 }, 
        {"sofa" : 12,  "begin" : 209,  "end" : 216 }, 
        {"sofa" : 12,  "begin" : 217,  "end" : 218 }, 
        {"sofa" : 12,  "begin" : 219,  "end" : 221 }, 
        {"sofa" : 12,  "begin" : 222,  "end" : 231 }, 
        {"sofa" : 12,  "begin" : 232,  "end" : 233 } ], 
      "Eventclauses" : [
        {"sofa" : 12,  "end" : 31,  "EventPolarity" : "EVE positive",  "Prominence" : "Background" }, 
        {"sofa" : 12,  "begin" : 39,  "end" : 50,  "EventPolarity" : "EVE negative",  "Prominence" : "Main" }, 
        {"sofa" : 12,  "begin" : 52,  "end" : 231,  "EventPolarity" : "EVE negative",  "Prominence" : "Main" } ] } }, 
  "_referenced_fss" : {
    "12" : {"_type" : "Sofa",  "sofaNum" : 1,  "sofaID" : "_InitialView",  "mimeType" : "text",  "sofaString" : "Ooievaarsjong vliegt tot Sahara , maar sterft daar\n Een ooievaar die deze zomer in het Zwin ­Natuur Park als nestjong van een zender werd voorzien en dit najaar de Sahara overstak om in Mali de winter door te brengen , is overleden .\n " } } }