{"_context" : {
    "_types" : {
      "DocumentMetaData" : {
        "_feature_types" : {"sofa" : "_ref" } }, 
      "Eventclauses" : {
        "_feature_types" : {"sofa" : "_ref",  "Arguments" : "_ref",  "Polarity" : "_ref",  "PolarityTrigger" : "_ref",  "Sameclause" : "_ref" } }, 
      "Sentence" : {
        "_feature_types" : {"sofa" : "_ref" } }, 
      "Sofa" : {
        "_feature_types" : {"sofaArray" : "_ref" } }, 
      "TagsetDescription" : {
        "_feature_types" : {"sofa" : "_ref",  "tags" : "_ref" } }, 
      "Token" : {
        "_feature_types" : {"sofa" : "_ref",  "parent" : "_ref",  "lemma" : "_ref",  "stem" : "_ref",  "pos" : "_ref",  "morph" : "_ref",  "form" : "_ref" } }, 
      "DocumentAnnotation" : {
        "_feature_types" : {"sofa" : "_ref" }, 
        "_subtypes" : ["DocumentMetaData" ] }, 
      "Annotation" : {
        "_feature_types" : {"sofa" : "_ref" }, 
        "_subtypes" : ["DocumentAnnotation",  "Eventclauses",  "Sentence",  "TagsetDescription",  "Token" ] }, 
      "AnnotationBase" : {
        "_feature_types" : {"sofa" : "_ref" }, 
        "_subtypes" : ["Annotation" ] }, 
      "TOP" : {
        "_subtypes" : ["AnnotationBase",  "Sofa" ] } } }, 
  "_views" : {
    "_InitialView" : {
      "DocumentMetaData" : [
        {"sofa" : 12,  "end" : 322,  "language" : "x-unspecified",  "documentTitle" : "dmf20211111_93519647.txt",  "documentId" : "WoutBoven",  "documentUri" : "file:/export/repository/project/114/document/44368/source/WoutBoven",  "collectionId" : "file:/export/repository/project/114/document/44368/source/",  "documentBaseUri" : "file:/export/repository/project/114/document/44368/source/",  "isLastSegment" : false } ], 
      "TagsetDescription" : [
        {"sofa" : 12,  "layer" : "de.tudarmstadt.ukp.dkpro.core.api.syntax.type.dependency.Dependency",  "name" : "UD Universal Dependencies",  "input" : false }, 
        {"sofa" : 12,  "layer" : "webanno.custom.Entities",  "name" : "Entity - mention level types",  "input" : false }, 
        {"sofa" : 12,  "layer" : "webanno.custom.Eventclauses",  "name" : "Event - tense",  "input" : false }, 
        {"sofa" : 12,  "layer" : "webanno.custom.Eventsarguments",  "name" : "eventdna_argument_entities_(auto)",  "input" : false }, 
        {"sofa" : 12,  "layer" : "webanno.custom.Namedentities",  "name" : "NE types",  "input" : false }, 
        {"sofa" : 12,  "layer" : "webanno.custom.EntitiesLETSpreanno",  "name" : "Named entity - types",  "input" : false }, 
        {"sofa" : 12,  "layer" : "de.tudarmstadt.ukp.dkpro.core.api.transform.type.SofaChangeAnnotation",  "name" : "Operation",  "input" : false }, 
        {"sofa" : 12,  "layer" : "de.tudarmstadt.ukp.dkpro.core.api.lexmorph.type.pos.POS",  "name" : "UD Universal POS tags",  "input" : false }, 
        {"sofa" : 12,  "layer" : "webanno.custom.Polaritytriggers",  "name" : "Polarity",  "input" : false }, 
        {"sofa" : 12,  "layer" : "de.tudarmstadt.ukp.dkpro.core.api.segmentation.type.SurfaceForm",  "name" : "Named Entity tags",  "input" : false } ], 
      "Sentence" : [
        {"sofa" : 12,  "end" : 117 }, 
        {"sofa" : 12,  "begin" : 119,  "end" : 167 }, 
        {"sofa" : 12,  "begin" : 169,  "end" : 191 }, 
        {"sofa" : 12,  "begin" : 193,  "end" : 252 }, 
        {"sofa" : 12,  "begin" : 254,  "end" : 320 } ], 
      "Token" : [
        {"sofa" : 12,  "end" : 2 }, 
        {"sofa" : 12,  "begin" : 3,  "end" : 5 }, 
        {"sofa" : 12,  "begin" : 6,  "end" : 10 }, 
        {"sofa" : 12,  "begin" : 11,  "end" : 16 }, 
        {"sofa" : 12,  "begin" : 17,  "end" : 21 }, 
        {"sofa" : 12,  "begin" : 22,  "end" : 25 }, 
        {"sofa" : 12,  "begin" : 26,  "end" : 28 }, 
        {"sofa" : 12,  "begin" : 29,  "end" : 35 }, 
        {"sofa" : 12,  "begin" : 36,  "end" : 48 }, 
        {"sofa" : 12,  "begin" : 49,  "end" : 50 }, 
        {"sofa" : 12,  "begin" : 51,  "end" : 53 }, 
        {"sofa" : 12,  "begin" : 54,  "end" : 57 }, 
        {"sofa" : 12,  "begin" : 58,  "end" : 69 }, 
        {"sofa" : 12,  "begin" : 70,  "end" : 73 }, 
        {"sofa" : 12,  "begin" : 74,  "end" : 76 }, 
        {"sofa" : 12,  "begin" : 77,  "end" : 83 }, 
        {"sofa" : 12,  "begin" : 84,  "end" : 90 }, 
        {"sofa" : 12,  "begin" : 91,  "end" : 94 }, 
        {"sofa" : 12,  "begin" : 95,  "end" : 99 }, 
        {"sofa" : 12,  "begin" : 100,  "end" : 111 }, 
        {"sofa" : 12,  "begin" : 112,  "end" : 117 }, 
        {"sofa" : 12,  "begin" : 119,  "end" : 125 }, 
        {"sofa" : 12,  "begin" : 126,  "end" : 128 }, 
        {"sofa" : 12,  "begin" : 129,  "end" : 137 }, 
        {"sofa" : 12,  "begin" : 138,  "end" : 143 }, 
        {"sofa" : 12,  "begin" : 144,  "end" : 147 }, 
        {"sofa" : 12,  "begin" : 148,  "end" : 152 }, 
        {"sofa" : 12,  "begin" : 153,  "end" : 155 }, 
        {"sofa" : 12,  "begin" : 156,  "end" : 165 }, 
        {"sofa" : 12,  "begin" : 166,  "end" : 167 }, 
        {"sofa" : 12,  "begin" : 169,  "end" : 178 }, 
        {"sofa" : 12,  "begin" : 179,  "end" : 185 }, 
        {"sofa" : 12,  "begin" : 186,  "end" : 189 }, 
        {"sofa" : 12,  "begin" : 190,  "end" : 191 }, 
        {"sofa" : 12,  "begin" : 193,  "end" : 197 }, 
        {"sofa" : 12,  "begin" : 198,  "end" : 201 }, 
        {"sofa" : 12,  "begin" : 202,  "end" : 213 }, 
        {"sofa" : 12,  "begin" : 214,  "end" : 220 }, 
        {"sofa" : 12,  "begin" : 221,  "end" : 223 }, 
        {"sofa" : 12,  "begin" : 224,  "end" : 227 }, 
        {"sofa" : 12,  "begin" : 228,  "end" : 235 }, 
        {"sofa" : 12,  "begin" : 236,  "end" : 239 }, 
        {"sofa" : 12,  "begin" : 240,  "end" : 250 }, 
        {"sofa" : 12,  "begin" : 251,  "end" : 252 }, 
        {"sofa" : 12,  "begin" : 254,  "end" : 257 }, 
        {"sofa" : 12,  "begin" : 258,  "end" : 266 }, 
        {"sofa" : 12,  "begin" : 267,  "end" : 270 }, 
        {"sofa" : 12,  "begin" : 271,  "end" : 273 }, 
        {"sofa" : 12,  "begin" : 274,  "end" : 278 }, 
        {"sofa" : 12,  "begin" : 279,  "end" : 282 }, 
        {"sofa" : 12,  "begin" : 283,  "end" : 287 }, 
        {"sofa" : 12,  "begin" : 288,  "end" : 294 }, 
        {"sofa" : 12,  "begin" : 295,  "end" : 301 }, 
        {"sofa" : 12,  "begin" : 302,  "end" : 308 }, 
        {"sofa" : 12,  "begin" : 309,  "end" : 311 }, 
        {"sofa" : 12,  "begin" : 312,  "end" : 318 }, 
        {"sofa" : 12,  "begin" : 319,  "end" : 320 } ], 
      "Eventclauses" : [
        {"sofa" : 12,  "end" : 48,  "EventPolarity" : "EVE positive",  "Prominence" : "Main" }, 
        {"sofa" : 12,  "begin" : 54,  "end" : 117,  "EventPolarity" : "EVE positive",  "Prominence" : "Background" }, 
        {"sofa" : 12,  "begin" : 119,  "end" : 165,  "EventPolarity" : "EVE neutral",  "Prominence" : "Background" }, 
        {"sofa" : 12,  "begin" : 169,  "end" : 189,  "EventPolarity" : "EVE neutral",  "Prominence" : "Background" }, 
        {"sofa" : 12,  "begin" : 193,  "end" : 250,  "EventPolarity" : "EVE neutral",  "Prominence" : "Background" } ] } }, 
  "_referenced_fss" : {
    "12" : {"_type" : "Sofa",  "sofaNum" : 1,  "sofaID" : "_InitialView",  "mimeType" : "text",  "sofaString" : "Er is geen spoor meer van de eerste onwennigheid , na het verschijnen van de schone Kedist aan haar Ethiopische vader\n Alleen de kleinste heeft oog voor de fotograaf .\n Gefixeerd staart hij .\n Voor het onverwachte bezoek is hij gestopt met voetballen .\n Met schoenen die de maat van zijn vaders voeten lijken te hebben .\n " } } }