{"_context" : {
    "_types" : {
      "DocumentMetaData" : {
        "_feature_types" : {"sofa" : "_ref" } }, 
      "Eventclauses" : {
        "_feature_types" : {"sofa" : "_ref",  "Arguments" : "_ref",  "Polarity" : "_ref",  "PolarityTrigger" : "_ref",  "Sameclause" : "_ref" } }, 
      "Sentence" : {
        "_feature_types" : {"sofa" : "_ref" } }, 
      "Sofa" : {
        "_feature_types" : {"sofaArray" : "_ref" } }, 
      "TagsetDescription" : {
        "_feature_types" : {"sofa" : "_ref",  "tags" : "_ref" } }, 
      "Token" : {
        "_feature_types" : {"sofa" : "_ref",  "parent" : "_ref",  "lemma" : "_ref",  "stem" : "_ref",  "pos" : "_ref",  "morph" : "_ref",  "form" : "_ref" } }, 
      "DocumentAnnotation" : {
        "_feature_types" : {"sofa" : "_ref" }, 
        "_subtypes" : ["DocumentMetaData" ] }, 
      "Annotation" : {
        "_feature_types" : {"sofa" : "_ref" }, 
        "_subtypes" : ["DocumentAnnotation",  "Eventclauses",  "Sentence",  "TagsetDescription",  "Token" ] }, 
      "AnnotationBase" : {
        "_feature_types" : {"sofa" : "_ref" }, 
        "_subtypes" : ["Annotation" ] }, 
      "TOP" : {
        "_subtypes" : ["AnnotationBase",  "Sofa" ] } } }, 
  "_views" : {
    "_InitialView" : {
      "DocumentMetaData" : [
        {"sofa" : 12,  "end" : 351,  "language" : "x-unspecified",  "documentTitle" : "dmf20211124_96412930.txt",  "documentId" : "WoutBoven",  "documentUri" : "file:/export/repository/project/114/document/44267/source/WoutBoven",  "collectionId" : "file:/export/repository/project/114/document/44267/source/",  "documentBaseUri" : "file:/export/repository/project/114/document/44267/source/",  "isLastSegment" : false } ], 
      "TagsetDescription" : [
        {"sofa" : 12,  "layer" : "de.tudarmstadt.ukp.dkpro.core.api.syntax.type.dependency.Dependency",  "name" : "UD Universal Dependencies",  "input" : false }, 
        {"sofa" : 12,  "layer" : "webanno.custom.Entities",  "name" : "Entity - mention level types",  "input" : false }, 
        {"sofa" : 12,  "layer" : "webanno.custom.Eventclauses",  "name" : "Event - tense",  "input" : false }, 
        {"sofa" : 12,  "layer" : "webanno.custom.Eventsarguments",  "name" : "eventdna_argument_entities_(auto)",  "input" : false }, 
        {"sofa" : 12,  "layer" : "webanno.custom.Namedentities",  "name" : "NE types",  "input" : false }, 
        {"sofa" : 12,  "layer" : "webanno.custom.EntitiesLETSpreanno",  "name" : "Named entity - types",  "input" : false }, 
        {"sofa" : 12,  "layer" : "de.tudarmstadt.ukp.dkpro.core.api.transform.type.SofaChangeAnnotation",  "name" : "Operation",  "input" : false }, 
        {"sofa" : 12,  "layer" : "de.tudarmstadt.ukp.dkpro.core.api.lexmorph.type.pos.POS",  "name" : "UD Universal POS tags",  "input" : false }, 
        {"sofa" : 12,  "layer" : "webanno.custom.Polaritytriggers",  "name" : "Polarity",  "input" : false }, 
        {"sofa" : 12,  "layer" : "de.tudarmstadt.ukp.dkpro.core.api.segmentation.type.SurfaceForm",  "name" : "Named Entity tags",  "input" : false } ], 
      "Sentence" : [
        {"sofa" : 12,  "end" : 86 }, 
        {"sofa" : 12,  "begin" : 88,  "end" : 206 }, 
        {"sofa" : 12,  "begin" : 208,  "end" : 277 }, 
        {"sofa" : 12,  "begin" : 279,  "end" : 349 } ], 
      "Token" : [
        {"sofa" : 12,  "end" : 9 }, 
        {"sofa" : 12,  "begin" : 10,  "end" : 15 }, 
        {"sofa" : 12,  "begin" : 16,  "end" : 25 }, 
        {"sofa" : 12,  "begin" : 26,  "end" : 30 }, 
        {"sofa" : 12,  "begin" : 31,  "end" : 35 }, 
        {"sofa" : 12,  "begin" : 36,  "end" : 37 }, 
        {"sofa" : 12,  "begin" : 38,  "end" : 46 }, 
        {"sofa" : 12,  "begin" : 47,  "end" : 58 }, 
        {"sofa" : 12,  "begin" : 59,  "end" : 64 }, 
        {"sofa" : 12,  "begin" : 65,  "end" : 75 }, 
        {"sofa" : 12,  "begin" : 76,  "end" : 86 }, 
        {"sofa" : 12,  "begin" : 88,  "end" : 90 }, 
        {"sofa" : 12,  "begin" : 91,  "end" : 100 }, 
        {"sofa" : 12,  "begin" : 101,  "end" : 104 }, 
        {"sofa" : 12,  "begin" : 105,  "end" : 108 }, 
        {"sofa" : 12,  "begin" : 109,  "end" : 115 }, 
        {"sofa" : 12,  "begin" : 116,  "end" : 120 }, 
        {"sofa" : 12,  "begin" : 120,  "end" : 121 }, 
        {"sofa" : 12,  "begin" : 122,  "end" : 124 }, 
        {"sofa" : 12,  "begin" : 125,  "end" : 139 }, 
        {"sofa" : 12,  "begin" : 140,  "end" : 144 }, 
        {"sofa" : 12,  "begin" : 145,  "end" : 147 }, 
        {"sofa" : 12,  "begin" : 148,  "end" : 155 }, 
        {"sofa" : 12,  "begin" : 156,  "end" : 161 }, 
        {"sofa" : 12,  "begin" : 162,  "end" : 167 }, 
        {"sofa" : 12,  "begin" : 168,  "end" : 169 }, 
        {"sofa" : 12,  "begin" : 170,  "end" : 177 }, 
        {"sofa" : 12,  "begin" : 178,  "end" : 189 }, 
        {"sofa" : 12,  "begin" : 190,  "end" : 194 }, 
        {"sofa" : 12,  "begin" : 195,  "end" : 204 }, 
        {"sofa" : 12,  "begin" : 205,  "end" : 206 }, 
        {"sofa" : 12,  "begin" : 208,  "end" : 210 }, 
        {"sofa" : 12,  "begin" : 211,  "end" : 215 }, 
        {"sofa" : 12,  "begin" : 216,  "end" : 220 }, 
        {"sofa" : 12,  "begin" : 221,  "end" : 226 }, 
        {"sofa" : 12,  "begin" : 227,  "end" : 229 }, 
        {"sofa" : 12,  "begin" : 230,  "end" : 240 }, 
        {"sofa" : 12,  "begin" : 241,  "end" : 243 }, 
        {"sofa" : 12,  "begin" : 244,  "end" : 251 }, 
        {"sofa" : 12,  "begin" : 252,  "end" : 261 }, 
        {"sofa" : 12,  "begin" : 262,  "end" : 265 }, 
        {"sofa" : 12,  "begin" : 266,  "end" : 272 }, 
        {"sofa" : 12,  "begin" : 273,  "end" : 275 }, 
        {"sofa" : 12,  "begin" : 276,  "end" : 277 }, 
        {"sofa" : 12,  "begin" : 279,  "end" : 283 }, 
        {"sofa" : 12,  "begin" : 284,  "end" : 286 }, 
        {"sofa" : 12,  "begin" : 287,  "end" : 299 }, 
        {"sofa" : 12,  "begin" : 300,  "end" : 306 }, 
        {"sofa" : 12,  "begin" : 307,  "end" : 309 }, 
        {"sofa" : 12,  "begin" : 310,  "end" : 312 }, 
        {"sofa" : 12,  "begin" : 313,  "end" : 318 }, 
        {"sofa" : 12,  "begin" : 319,  "end" : 322 }, 
        {"sofa" : 12,  "begin" : 323,  "end" : 333 }, 
        {"sofa" : 12,  "begin" : 334,  "end" : 347 }, 
        {"sofa" : 12,  "begin" : 348,  "end" : 349 } ], 
      "Eventclauses" : [
        {"sofa" : 12,  "end" : 35,  "EventPolarity" : "EVE neutral",  "Prominence" : "Main" }, 
        {"sofa" : 12,  "begin" : 88,  "end" : 204,  "EventPolarity" : "EVE neutral",  "Prominence" : "Main" }, 
        {"sofa" : 12,  "begin" : 208,  "end" : 275,  "EventPolarity" : "EVE neutral",  "Prominence" : "Background" }, 
        {"sofa" : 12,  "begin" : 279,  "end" : 347,  "EventPolarity" : "EVE negative",  "Prominence" : "Background" } ] } }, 
  "_referenced_fss" : {
    "12" : {"_type" : "Sofa",  "sofaNum" : 1,  "sofaID" : "_InitialView",  "mimeType" : "text",  "sofaString" : "Sportoase neemt uitbating Todi over : Voorbije coronajaren waren financieel onhoudbaar\n De uitbating van het indoor duik- en snorkelcentrum Todi op be-Mine wordt vanaf 1 januari overgenomen door Sportoase .\n Na vijf jaar geven de oprichters en huidige uitbaters hun kindje af .\n Door de coronacrisis kregen ze te maken met financiële moeilijkheden .\n " } } }