{"_context" : {
    "_types" : {
      "DocumentMetaData" : {
        "_feature_types" : {"sofa" : "_ref" } }, 
      "Eventclauses" : {
        "_feature_types" : {"sofa" : "_ref",  "Arguments" : "_ref",  "Polarity" : "_ref",  "PolarityTrigger" : "_ref",  "Sameclause" : "_ref" } }, 
      "Sentence" : {
        "_feature_types" : {"sofa" : "_ref" } }, 
      "Sofa" : {
        "_feature_types" : {"sofaArray" : "_ref" } }, 
      "TagsetDescription" : {
        "_feature_types" : {"sofa" : "_ref",  "tags" : "_ref" } }, 
      "Token" : {
        "_feature_types" : {"sofa" : "_ref",  "parent" : "_ref",  "lemma" : "_ref",  "stem" : "_ref",  "pos" : "_ref",  "morph" : "_ref",  "form" : "_ref" } }, 
      "DocumentAnnotation" : {
        "_feature_types" : {"sofa" : "_ref" }, 
        "_subtypes" : ["DocumentMetaData" ] }, 
      "Annotation" : {
        "_feature_types" : {"sofa" : "_ref" }, 
        "_subtypes" : ["DocumentAnnotation",  "Eventclauses",  "Sentence",  "TagsetDescription",  "Token" ] }, 
      "AnnotationBase" : {
        "_feature_types" : {"sofa" : "_ref" }, 
        "_subtypes" : ["Annotation" ] }, 
      "TOP" : {
        "_subtypes" : ["AnnotationBase",  "Sofa" ] } } }, 
  "_views" : {
    "_InitialView" : {
      "DocumentMetaData" : [
        {"sofa" : 12,  "end" : 190,  "language" : "x-unspecified",  "documentTitle" : "dmf20211116_91135783.txt",  "documentId" : "WoutBoven",  "documentUri" : "file:/export/repository/project/114/document/44332/source/WoutBoven",  "collectionId" : "file:/export/repository/project/114/document/44332/source/",  "documentBaseUri" : "file:/export/repository/project/114/document/44332/source/",  "isLastSegment" : false } ], 
      "TagsetDescription" : [
        {"sofa" : 12,  "layer" : "de.tudarmstadt.ukp.dkpro.core.api.syntax.type.dependency.Dependency",  "name" : "UD Universal Dependencies",  "input" : false }, 
        {"sofa" : 12,  "layer" : "webanno.custom.Entities",  "name" : "Entity - mention level types",  "input" : false }, 
        {"sofa" : 12,  "layer" : "webanno.custom.Eventclauses",  "name" : "Event - tense",  "input" : false }, 
        {"sofa" : 12,  "layer" : "webanno.custom.Eventsarguments",  "name" : "eventdna_argument_entities_(auto)",  "input" : false }, 
        {"sofa" : 12,  "layer" : "webanno.custom.Namedentities",  "name" : "NE types",  "input" : false }, 
        {"sofa" : 12,  "layer" : "webanno.custom.EntitiesLETSpreanno",  "name" : "Named entity - types",  "input" : false }, 
        {"sofa" : 12,  "layer" : "de.tudarmstadt.ukp.dkpro.core.api.transform.type.SofaChangeAnnotation",  "name" : "Operation",  "input" : false }, 
        {"sofa" : 12,  "layer" : "de.tudarmstadt.ukp.dkpro.core.api.lexmorph.type.pos.POS",  "name" : "UD Universal POS tags",  "input" : false }, 
        {"sofa" : 12,  "layer" : "webanno.custom.Polaritytriggers",  "name" : "Polarity",  "input" : false }, 
        {"sofa" : 12,  "layer" : "de.tudarmstadt.ukp.dkpro.core.api.segmentation.type.SurfaceForm",  "name" : "Named Entity tags",  "input" : false } ], 
      "Sentence" : [
        {"sofa" : 12,  "end" : 39 }, 
        {"sofa" : 12,  "begin" : 41,  "end" : 100 }, 
        {"sofa" : 12,  "begin" : 102,  "end" : 188 } ], 
      "Token" : [
        {"sofa" : 12,  "end" : 2 }, 
        {"sofa" : 12,  "begin" : 3,  "end" : 7 }, 
        {"sofa" : 12,  "begin" : 8,  "end" : 11 }, 
        {"sofa" : 12,  "begin" : 12,  "end" : 14 }, 
        {"sofa" : 12,  "begin" : 15,  "end" : 22 }, 
        {"sofa" : 12,  "begin" : 23,  "end" : 27 }, 
        {"sofa" : 12,  "begin" : 28,  "end" : 30 }, 
        {"sofa" : 12,  "begin" : 31,  "end" : 33 }, 
        {"sofa" : 12,  "begin" : 34,  "end" : 39 }, 
        {"sofa" : 12,  "begin" : 41,  "end" : 43 }, 
        {"sofa" : 12,  "begin" : 44,  "end" : 48 }, 
        {"sofa" : 12,  "begin" : 49,  "end" : 50 }, 
        {"sofa" : 12,  "begin" : 51,  "end" : 57 }, 
        {"sofa" : 12,  "begin" : 58,  "end" : 67 }, 
        {"sofa" : 12,  "begin" : 68,  "end" : 72 }, 
        {"sofa" : 12,  "begin" : 73,  "end" : 77 }, 
        {"sofa" : 12,  "begin" : 78,  "end" : 85 }, 
        {"sofa" : 12,  "begin" : 86,  "end" : 93 }, 
        {"sofa" : 12,  "begin" : 94,  "end" : 98 }, 
        {"sofa" : 12,  "begin" : 99,  "end" : 100 }, 
        {"sofa" : 12,  "begin" : 102,  "end" : 105 }, 
        {"sofa" : 12,  "begin" : 106,  "end" : 112 }, 
        {"sofa" : 12,  "begin" : 113,  "end" : 115 }, 
        {"sofa" : 12,  "begin" : 116,  "end" : 135 }, 
        {"sofa" : 12,  "begin" : 136,  "end" : 139 }, 
        {"sofa" : 12,  "begin" : 140,  "end" : 152 }, 
        {"sofa" : 12,  "begin" : 153,  "end" : 170 }, 
        {"sofa" : 12,  "begin" : 171,  "end" : 174 }, 
        {"sofa" : 12,  "begin" : 175,  "end" : 178 }, 
        {"sofa" : 12,  "begin" : 179,  "end" : 183 }, 
        {"sofa" : 12,  "begin" : 184,  "end" : 186 }, 
        {"sofa" : 12,  "begin" : 187,  "end" : 188 } ], 
      "Eventclauses" : [
        {"sofa" : 12,  "end" : 39,  "EventPolarity" : "EVE positive",  "Prominence" : "Main" }, 
        {"sofa" : 12,  "begin" : 102,  "end" : 186,  "EventPolarity" : "EVE positive",  "Prominence" : "Background" } ] } }, 
  "_referenced_fss" : {
    "12" : {"_type" : "Sofa",  "sofaNum" : 1,  "sofaID" : "_InitialView",  "mimeType" : "text",  "sofaString" : "TC Nete zit al vijftig jaar op de fiets\n TC Nete , voluit Toeristen Club Nete bestaat vijftig jaar .\n Dat levert de wielertoeristenclub een gemeentelijk verjaardagscadeau van 285 euro op .\n " } } }