{"_context" : {
    "_types" : {
      "DocumentMetaData" : {
        "_feature_types" : {"sofa" : "_ref" } }, 
      "Eventclauses" : {
        "_feature_types" : {"sofa" : "_ref",  "Arguments" : "_ref",  "Polarity" : "_ref",  "PolarityTrigger" : "_ref",  "Sameclause" : "_ref" } }, 
      "Sentence" : {
        "_feature_types" : {"sofa" : "_ref" } }, 
      "Sofa" : {
        "_feature_types" : {"sofaArray" : "_ref" } }, 
      "TagsetDescription" : {
        "_feature_types" : {"sofa" : "_ref",  "tags" : "_ref" } }, 
      "Token" : {
        "_feature_types" : {"sofa" : "_ref",  "parent" : "_ref",  "lemma" : "_ref",  "stem" : "_ref",  "pos" : "_ref",  "morph" : "_ref",  "form" : "_ref" } }, 
      "DocumentAnnotation" : {
        "_feature_types" : {"sofa" : "_ref" }, 
        "_subtypes" : ["DocumentMetaData" ] }, 
      "Annotation" : {
        "_feature_types" : {"sofa" : "_ref" }, 
        "_subtypes" : ["DocumentAnnotation",  "Eventclauses",  "Sentence",  "TagsetDescription",  "Token" ] }, 
      "AnnotationBase" : {
        "_feature_types" : {"sofa" : "_ref" }, 
        "_subtypes" : ["Annotation" ] }, 
      "TOP" : {
        "_subtypes" : ["AnnotationBase",  "Sofa" ] } } }, 
  "_views" : {
    "_InitialView" : {
      "DocumentMetaData" : [
        {"sofa" : 12,  "end" : 591,  "language" : "x-unspecified",  "documentTitle" : "dmf20211126_96092825.txt",  "documentId" : "WoutBoven",  "documentUri" : "file:/export/repository/project/114/document/44252/source/WoutBoven",  "collectionId" : "file:/export/repository/project/114/document/44252/source/",  "documentBaseUri" : "file:/export/repository/project/114/document/44252/source/",  "isLastSegment" : false } ], 
      "TagsetDescription" : [
        {"sofa" : 12,  "layer" : "de.tudarmstadt.ukp.dkpro.core.api.syntax.type.dependency.Dependency",  "name" : "UD Universal Dependencies",  "input" : false }, 
        {"sofa" : 12,  "layer" : "webanno.custom.Entities",  "name" : "Entity - mention level types",  "input" : false }, 
        {"sofa" : 12,  "layer" : "webanno.custom.Eventclauses",  "name" : "Event - tense",  "input" : false }, 
        {"sofa" : 12,  "layer" : "webanno.custom.Eventsarguments",  "name" : "eventdna_argument_entities_(auto)",  "input" : false }, 
        {"sofa" : 12,  "layer" : "webanno.custom.Namedentities",  "name" : "NE types",  "input" : false }, 
        {"sofa" : 12,  "layer" : "webanno.custom.EntitiesLETSpreanno",  "name" : "Named entity - types",  "input" : false }, 
        {"sofa" : 12,  "layer" : "de.tudarmstadt.ukp.dkpro.core.api.transform.type.SofaChangeAnnotation",  "name" : "Operation",  "input" : false }, 
        {"sofa" : 12,  "layer" : "de.tudarmstadt.ukp.dkpro.core.api.lexmorph.type.pos.POS",  "name" : "UD Universal POS tags",  "input" : false }, 
        {"sofa" : 12,  "layer" : "webanno.custom.Polaritytriggers",  "name" : "Polarity",  "input" : false }, 
        {"sofa" : 12,  "layer" : "de.tudarmstadt.ukp.dkpro.core.api.segmentation.type.SurfaceForm",  "name" : "Named Entity tags",  "input" : false } ], 
      "Sentence" : [
        {"sofa" : 12,  "end" : 115 }, 
        {"sofa" : 12,  "begin" : 117,  "end" : 143 }, 
        {"sofa" : 12,  "begin" : 145,  "end" : 218 }, 
        {"sofa" : 12,  "begin" : 220,  "end" : 290 }, 
        {"sofa" : 12,  "begin" : 292,  "end" : 518 }, 
        {"sofa" : 12,  "begin" : 520,  "end" : 589 } ], 
      "Token" : [
        {"sofa" : 12,  "end" : 3 }, 
        {"sofa" : 12,  "begin" : 4,  "end" : 8 }, 
        {"sofa" : 12,  "begin" : 9,  "end" : 20 }, 
        {"sofa" : 12,  "begin" : 21,  "end" : 25 }, 
        {"sofa" : 12,  "begin" : 26,  "end" : 32 }, 
        {"sofa" : 12,  "begin" : 33,  "end" : 38 }, 
        {"sofa" : 12,  "begin" : 39,  "end" : 40 }, 
        {"sofa" : 12,  "begin" : 41,  "end" : 44 }, 
        {"sofa" : 12,  "begin" : 45,  "end" : 48 }, 
        {"sofa" : 12,  "begin" : 49,  "end" : 60 }, 
        {"sofa" : 12,  "begin" : 61,  "end" : 72 }, 
        {"sofa" : 12,  "begin" : 73,  "end" : 79 }, 
        {"sofa" : 12,  "begin" : 80,  "end" : 82 }, 
        {"sofa" : 12,  "begin" : 83,  "end" : 87 }, 
        {"sofa" : 12,  "begin" : 88,  "end" : 98 }, 
        {"sofa" : 12,  "begin" : 99,  "end" : 101 }, 
        {"sofa" : 12,  "begin" : 102,  "end" : 106 }, 
        {"sofa" : 12,  "begin" : 107,  "end" : 110 }, 
        {"sofa" : 12,  "begin" : 111,  "end" : 115 }, 
        {"sofa" : 12,  "begin" : 117,  "end" : 126 }, 
        {"sofa" : 12,  "begin" : 127,  "end" : 131 }, 
        {"sofa" : 12,  "begin" : 132,  "end" : 134 }, 
        {"sofa" : 12,  "begin" : 135,  "end" : 141 }, 
        {"sofa" : 12,  "begin" : 142,  "end" : 143 }, 
        {"sofa" : 12,  "begin" : 145,  "end" : 148 }, 
        {"sofa" : 12,  "begin" : 149,  "end" : 155 }, 
        {"sofa" : 12,  "begin" : 156,  "end" : 163 }, 
        {"sofa" : 12,  "begin" : 164,  "end" : 167 }, 
        {"sofa" : 12,  "begin" : 168,  "end" : 176 }, 
        {"sofa" : 12,  "begin" : 177,  "end" : 181 }, 
        {"sofa" : 12,  "begin" : 182,  "end" : 184 }, 
        {"sofa" : 12,  "begin" : 185,  "end" : 193 }, 
        {"sofa" : 12,  "begin" : 194,  "end" : 198 }, 
        {"sofa" : 12,  "begin" : 199,  "end" : 202 }, 
        {"sofa" : 12,  "begin" : 203,  "end" : 209 }, 
        {"sofa" : 12,  "begin" : 210,  "end" : 216 }, 
        {"sofa" : 12,  "begin" : 217,  "end" : 218 }, 
        {"sofa" : 12,  "begin" : 220,  "end" : 229 }, 
        {"sofa" : 12,  "begin" : 230,  "end" : 235 }, 
        {"sofa" : 12,  "begin" : 236,  "end" : 238 }, 
        {"sofa" : 12,  "begin" : 239,  "end" : 244 }, 
        {"sofa" : 12,  "begin" : 245,  "end" : 247 }, 
        {"sofa" : 12,  "begin" : 248,  "end" : 252 }, 
        {"sofa" : 12,  "begin" : 253,  "end" : 257 }, 
        {"sofa" : 12,  "begin" : 258,  "end" : 260 }, 
        {"sofa" : 12,  "begin" : 261,  "end" : 272 }, 
        {"sofa" : 12,  "begin" : 273,  "end" : 288 }, 
        {"sofa" : 12,  "begin" : 289,  "end" : 290 }, 
        {"sofa" : 12,  "begin" : 292,  "end" : 296 }, 
        {"sofa" : 12,  "begin" : 297,  "end" : 301 }, 
        {"sofa" : 12,  "begin" : 302,  "end" : 303 }, 
        {"sofa" : 12,  "begin" : 304,  "end" : 307 }, 
        {"sofa" : 12,  "begin" : 308,  "end" : 312 }, 
        {"sofa" : 12,  "begin" : 313,  "end" : 315 }, 
        {"sofa" : 12,  "begin" : 316,  "end" : 327 }, 
        {"sofa" : 12,  "begin" : 328,  "end" : 335 }, 
        {"sofa" : 12,  "begin" : 336,  "end" : 339 }, 
        {"sofa" : 12,  "begin" : 340,  "end" : 342 }, 
        {"sofa" : 12,  "begin" : 343,  "end" : 352 }, 
        {"sofa" : 12,  "begin" : 353,  "end" : 357 }, 
        {"sofa" : 12,  "begin" : 358,  "end" : 363 }, 
        {"sofa" : 12,  "begin" : 364,  "end" : 365 }, 
        {"sofa" : 12,  "begin" : 366,  "end" : 371 }, 
        {"sofa" : 12,  "begin" : 372,  "end" : 373 }, 
        {"sofa" : 12,  "begin" : 373,  "end" : 381 }, 
        {"sofa" : 12,  "begin" : 381,  "end" : 382 }, 
        {"sofa" : 12,  "begin" : 383,  "end" : 384 }, 
        {"sofa" : 12,  "begin" : 385,  "end" : 389 }, 
        {"sofa" : 12,  "begin" : 390,  "end" : 392 }, 
        {"sofa" : 12,  "begin" : 393,  "end" : 400 }, 
        {"sofa" : 12,  "begin" : 401,  "end" : 406 }, 
        {"sofa" : 12,  "begin" : 407,  "end" : 409 }, 
        {"sofa" : 12,  "begin" : 410,  "end" : 413 }, 
        {"sofa" : 12,  "begin" : 414,  "end" : 418 }, 
        {"sofa" : 12,  "begin" : 419,  "end" : 421 }, 
        {"sofa" : 12,  "begin" : 422,  "end" : 426 }, 
        {"sofa" : 12,  "begin" : 427,  "end" : 430 }, 
        {"sofa" : 12,  "begin" : 431,  "end" : 433 }, 
        {"sofa" : 12,  "begin" : 434,  "end" : 443 }, 
        {"sofa" : 12,  "begin" : 444,  "end" : 447 }, 
        {"sofa" : 12,  "begin" : 448,  "end" : 451 }, 
        {"sofa" : 12,  "begin" : 452,  "end" : 457 }, 
        {"sofa" : 12,  "begin" : 458,  "end" : 469 }, 
        {"sofa" : 12,  "begin" : 470,  "end" : 478 }, 
        {"sofa" : 12,  "begin" : 479,  "end" : 480 }, 
        {"sofa" : 12,  "begin" : 481,  "end" : 484 }, 
        {"sofa" : 12,  "begin" : 485,  "end" : 492 }, 
        {"sofa" : 12,  "begin" : 493,  "end" : 498 }, 
        {"sofa" : 12,  "begin" : 499,  "end" : 501 }, 
        {"sofa" : 12,  "begin" : 502,  "end" : 506 }, 
        {"sofa" : 12,  "begin" : 507,  "end" : 516 }, 
        {"sofa" : 12,  "begin" : 517,  "end" : 518 }, 
        {"sofa" : 12,  "begin" : 520,  "end" : 525 }, 
        {"sofa" : 12,  "begin" : 526,  "end" : 532 }, 
        {"sofa" : 12,  "begin" : 533,  "end" : 542 }, 
        {"sofa" : 12,  "begin" : 543,  "end" : 547 }, 
        {"sofa" : 12,  "begin" : 548,  "end" : 550 }, 
        {"sofa" : 12,  "begin" : 551,  "end" : 557 }, 
        {"sofa" : 12,  "begin" : 558,  "end" : 561 }, 
        {"sofa" : 12,  "begin" : 562,  "end" : 568 }, 
        {"sofa" : 12,  "begin" : 569,  "end" : 574 }, 
        {"sofa" : 12,  "begin" : 575,  "end" : 577 }, 
        {"sofa" : 12,  "begin" : 578,  "end" : 588 }, 
        {"sofa" : 12,  "begin" : 588,  "end" : 589 } ], 
      "Eventclauses" : [
        {"sofa" : 12,  "begin" : 4,  "end" : 38,  "EventPolarity" : "EVE positive",  "Prominence" : "Main" }, 
        {"sofa" : 12,  "begin" : 45,  "end" : 115,  "EventPolarity" : "EVE positive",  "Prominence" : "Main" }, 
        {"sofa" : 12,  "begin" : 145,  "end" : 216,  "EventPolarity" : "EVE positive",  "Prominence" : "Background" }, 
        {"sofa" : 12,  "begin" : 304,  "end" : 382,  "EventPolarity" : "EVE neutral",  "Prominence" : "Background" }, 
        {"sofa" : 12,  "begin" : 385,  "end" : 406,  "EventPolarity" : "EVE neutral",  "Prominence" : "Background" }, 
        {"sofa" : 12,  "begin" : 410,  "end" : 478,  "EventPolarity" : "EVE neutral",  "Prominence" : "Main" }, 
        {"sofa" : 12,  "begin" : 481,  "end" : 516,  "EventPolarity" : "EVE negative",  "Prominence" : "Background" }, 
        {"sofa" : 12,  "begin" : 520,  "end" : 588,  "EventPolarity" : "EVE positive",  "Prominence" : "Background" } ] } }, 
  "_referenced_fss" : {
    "12" : {"_type" : "Sofa",  "sofaNum" : 1,  "sofaID" : "_InitialView",  "mimeType" : "text",  "sofaString" : "Een late overwinning voor nonkel Jules : hoe een oer - Vlaamse voetbalclub straks in heel Argentinië te zien zal zijn\n Duizenden fans in extase .\n Een bomvol stadion dat ontploft door de promotie naar een hogere klasse .\n Taferelen zoals ze vaker te zien zijn in Argentijnse voetbalstadions ?\n Niet echt : wie naar de geel-zwarte vlaggen van de feestende club kijkt , leest ' Flandria ' , ziet de Vlaamse Leeuw en kan hier en daar ook de beeltenis van don Julio Steverlynck ontwaren , dit weekend exact 46 jaar overleden .\n Zelfs koning Boudewijn ging op bezoek bij nonkel Jules in Argentinië.\n " } } }
