{"_context" : {
    "_types" : {
      "DocumentMetaData" : {
        "_feature_types" : {"sofa" : "_ref" } }, 
      "Eventclauses" : {
        "_feature_types" : {"sofa" : "_ref",  "Arguments" : "_ref",  "Polarity" : "_ref",  "PolarityTrigger" : "_ref",  "Sameclause" : "_ref" } }, 
      "Sentence" : {
        "_feature_types" : {"sofa" : "_ref" } }, 
      "Sofa" : {
        "_feature_types" : {"sofaArray" : "_ref" } }, 
      "TagsetDescription" : {
        "_feature_types" : {"sofa" : "_ref",  "tags" : "_ref" } }, 
      "Token" : {
        "_feature_types" : {"sofa" : "_ref",  "parent" : "_ref",  "lemma" : "_ref",  "stem" : "_ref",  "pos" : "_ref",  "morph" : "_ref",  "form" : "_ref" } }, 
      "DocumentAnnotation" : {
        "_feature_types" : {"sofa" : "_ref" }, 
        "_subtypes" : ["DocumentMetaData" ] }, 
      "Annotation" : {
        "_feature_types" : {"sofa" : "_ref" }, 
        "_subtypes" : ["DocumentAnnotation",  "Eventclauses",  "Sentence",  "TagsetDescription",  "Token" ] }, 
      "AnnotationBase" : {
        "_feature_types" : {"sofa" : "_ref" }, 
        "_subtypes" : ["Annotation" ] }, 
      "TOP" : {
        "_subtypes" : ["AnnotationBase",  "Sofa" ] } } }, 
  "_views" : {
    "_InitialView" : {
      "DocumentMetaData" : [
        {"sofa" : 12,  "end" : 481,  "language" : "x-unspecified",  "documentTitle" : "dmf20211112_96293115.txt",  "documentId" : "WoutBoven",  "documentUri" : "file:/export/repository/project/114/document/44354/source/WoutBoven",  "collectionId" : "file:/export/repository/project/114/document/44354/source/",  "documentBaseUri" : "file:/export/repository/project/114/document/44354/source/",  "isLastSegment" : false } ], 
      "TagsetDescription" : [
        {"sofa" : 12,  "layer" : "de.tudarmstadt.ukp.dkpro.core.api.syntax.type.dependency.Dependency",  "name" : "UD Universal Dependencies",  "input" : false }, 
        {"sofa" : 12,  "layer" : "webanno.custom.Entities",  "name" : "Entity - mention level types",  "input" : false }, 
        {"sofa" : 12,  "layer" : "webanno.custom.Eventclauses",  "name" : "Event - tense",  "input" : false }, 
        {"sofa" : 12,  "layer" : "webanno.custom.Eventsarguments",  "name" : "eventdna_argument_entities_(auto)",  "input" : false }, 
        {"sofa" : 12,  "layer" : "webanno.custom.Namedentities",  "name" : "NE types",  "input" : false }, 
        {"sofa" : 12,  "layer" : "webanno.custom.EntitiesLETSpreanno",  "name" : "Named entity - types",  "input" : false }, 
        {"sofa" : 12,  "layer" : "de.tudarmstadt.ukp.dkpro.core.api.transform.type.SofaChangeAnnotation",  "name" : "Operation",  "input" : false }, 
        {"sofa" : 12,  "layer" : "de.tudarmstadt.ukp.dkpro.core.api.lexmorph.type.pos.POS",  "name" : "UD Universal POS tags",  "input" : false }, 
        {"sofa" : 12,  "layer" : "webanno.custom.Polaritytriggers",  "name" : "Polarity",  "input" : false }, 
        {"sofa" : 12,  "layer" : "de.tudarmstadt.ukp.dkpro.core.api.segmentation.type.SurfaceForm",  "name" : "Named Entity tags",  "input" : false } ], 
      "Sentence" : [
        {"sofa" : 12,  "end" : 80 }, 
        {"sofa" : 12,  "begin" : 82,  "end" : 176 }, 
        {"sofa" : 12,  "begin" : 178,  "end" : 341 }, 
        {"sofa" : 12,  "begin" : 343,  "end" : 479 } ], 
      "Token" : [
        {"sofa" : 12,  "end" : 7 }, 
        {"sofa" : 12,  "begin" : 8,  "end" : 16 }, 
        {"sofa" : 12,  "begin" : 17,  "end" : 21 }, 
        {"sofa" : 12,  "begin" : 22,  "end" : 27 }, 
        {"sofa" : 12,  "begin" : 28,  "end" : 40 }, 
        {"sofa" : 12,  "begin" : 41,  "end" : 45 }, 
        {"sofa" : 12,  "begin" : 46,  "end" : 60 }, 
        {"sofa" : 12,  "begin" : 61,  "end" : 67 }, 
        {"sofa" : 12,  "begin" : 68,  "end" : 71 }, 
        {"sofa" : 12,  "begin" : 72,  "end" : 80 }, 
        {"sofa" : 12,  "begin" : 82,  "end" : 86 }, 
        {"sofa" : 12,  "begin" : 87,  "end" : 92 }, 
        {"sofa" : 12,  "begin" : 93,  "end" : 97 }, 
        {"sofa" : 12,  "begin" : 98,  "end" : 101 }, 
        {"sofa" : 12,  "begin" : 102,  "end" : 103 }, 
        {"sofa" : 12,  "begin" : 104,  "end" : 105 }, 
        {"sofa" : 12,  "begin" : 105,  "end" : 106 }, 
        {"sofa" : 12,  "begin" : 107,  "end" : 114 }, 
        {"sofa" : 12,  "begin" : 115,  "end" : 118 }, 
        {"sofa" : 12,  "begin" : 119,  "end" : 121 }, 
        {"sofa" : 12,  "begin" : 122,  "end" : 129 }, 
        {"sofa" : 12,  "begin" : 130,  "end" : 140 }, 
        {"sofa" : 12,  "begin" : 141,  "end" : 144 }, 
        {"sofa" : 12,  "begin" : 145,  "end" : 153 }, 
        {"sofa" : 12,  "begin" : 154,  "end" : 156 }, 
        {"sofa" : 12,  "begin" : 157,  "end" : 167 }, 
        {"sofa" : 12,  "begin" : 168,  "end" : 174 }, 
        {"sofa" : 12,  "begin" : 175,  "end" : 176 }, 
        {"sofa" : 12,  "begin" : 178,  "end" : 180 }, 
        {"sofa" : 12,  "begin" : 181,  "end" : 187 }, 
        {"sofa" : 12,  "begin" : 188,  "end" : 195 }, 
        {"sofa" : 12,  "begin" : 196,  "end" : 204 }, 
        {"sofa" : 12,  "begin" : 205,  "end" : 208 }, 
        {"sofa" : 12,  "begin" : 209,  "end" : 213 }, 
        {"sofa" : 12,  "begin" : 214,  "end" : 225 }, 
        {"sofa" : 12,  "begin" : 226,  "end" : 228 }, 
        {"sofa" : 12,  "begin" : 229,  "end" : 234 }, 
        {"sofa" : 12,  "begin" : 235,  "end" : 239 }, 
        {"sofa" : 12,  "begin" : 240,  "end" : 241 }, 
        {"sofa" : 12,  "begin" : 242,  "end" : 249 }, 
        {"sofa" : 12,  "begin" : 250,  "end" : 260 }, 
        {"sofa" : 12,  "begin" : 261,  "end" : 264 }, 
        {"sofa" : 12,  "begin" : 265,  "end" : 268 }, 
        {"sofa" : 12,  "begin" : 269,  "end" : 278 }, 
        {"sofa" : 12,  "begin" : 279,  "end" : 281 }, 
        {"sofa" : 12,  "begin" : 282,  "end" : 286 }, 
        {"sofa" : 12,  "begin" : 287,  "end" : 289 }, 
        {"sofa" : 12,  "begin" : 290,  "end" : 297 }, 
        {"sofa" : 12,  "begin" : 298,  "end" : 299 }, 
        {"sofa" : 12,  "begin" : 300,  "end" : 304 }, 
        {"sofa" : 12,  "begin" : 305,  "end" : 308 }, 
        {"sofa" : 12,  "begin" : 309,  "end" : 321 }, 
        {"sofa" : 12,  "begin" : 322,  "end" : 326 }, 
        {"sofa" : 12,  "begin" : 327,  "end" : 331 }, 
        {"sofa" : 12,  "begin" : 332,  "end" : 339 }, 
        {"sofa" : 12,  "begin" : 340,  "end" : 341 }, 
        {"sofa" : 12,  "begin" : 343,  "end" : 346 }, 
        {"sofa" : 12,  "begin" : 347,  "end" : 353 }, 
        {"sofa" : 12,  "begin" : 354,  "end" : 357 }, 
        {"sofa" : 12,  "begin" : 358,  "end" : 365 }, 
        {"sofa" : 12,  "begin" : 366,  "end" : 369 }, 
        {"sofa" : 12,  "begin" : 370,  "end" : 374 }, 
        {"sofa" : 12,  "begin" : 375,  "end" : 392 }, 
        {"sofa" : 12,  "begin" : 393,  "end" : 400 }, 
        {"sofa" : 12,  "begin" : 401,  "end" : 406 }, 
        {"sofa" : 12,  "begin" : 407,  "end" : 412 }, 
        {"sofa" : 12,  "begin" : 413,  "end" : 420 }, 
        {"sofa" : 12,  "begin" : 421,  "end" : 424 }, 
        {"sofa" : 12,  "begin" : 425,  "end" : 433 }, 
        {"sofa" : 12,  "begin" : 434,  "end" : 437 }, 
        {"sofa" : 12,  "begin" : 438,  "end" : 445 }, 
        {"sofa" : 12,  "begin" : 446,  "end" : 452 }, 
        {"sofa" : 12,  "begin" : 453,  "end" : 457 }, 
        {"sofa" : 12,  "begin" : 458,  "end" : 464 }, 
        {"sofa" : 12,  "begin" : 465,  "end" : 466 }, 
        {"sofa" : 12,  "begin" : 467,  "end" : 471 }, 
        {"sofa" : 12,  "begin" : 472,  "end" : 475 }, 
        {"sofa" : 12,  "begin" : 476,  "end" : 477 }, 
        {"sofa" : 12,  "begin" : 478,  "end" : 479 } ], 
      "Eventclauses" : [
        {"sofa" : 12,  "end" : 80,  "EventPolarity" : "EVE negative",  "Prominence" : "Main" }, 
        {"sofa" : 12,  "begin" : 82,  "end" : 174,  "EventPolarity" : "EVE negative",  "Prominence" : "Background" }, 
        {"sofa" : 12,  "begin" : 178,  "end" : 225,  "EventPolarity" : "EVE neutral",  "Prominence" : "Background" }, 
        {"sofa" : 12,  "begin" : 229,  "end" : 297,  "EventPolarity" : "EVE positive",  "Prominence" : "Background" }, 
        {"sofa" : 12,  "begin" : 305,  "end" : 339,  "EventPolarity" : "EVE negative",  "Prominence" : "Main" } ] } }, 
  "_referenced_fss" : {
    "12" : {"_type" : "Sofa",  "sofaNum" : 1,  "sofaID" : "_InitialView",  "mimeType" : "text",  "sofaString" : "Vlaamse overheid mist eigen doelstelling over tewerkstelling mensen met handicap\n Eind vorig jaar had 2 ,3 procent van de Vlaamse ambtenaren een handicap of chronische ziekte .\n De vorige Vlaamse regering had zich voorgenomen om tegen 2021 3 procent ambtenaren met een beperking te werk te stellen , maar die doelstelling werd niet gehaald .\n Dat blijkt uit cijfers die Open VLD-parlementslid Maurits Vande Reyde opvroeg bij minister van Gelijke Kansen Bart Somers ( Open VLD ) .\n " } } }