{"_context" : {
    "_types" : {
      "DocumentMetaData" : {
        "_feature_types" : {"sofa" : "_ref" } }, 
      "Eventclauses" : {
        "_feature_types" : {"sofa" : "_ref",  "Arguments" : "_ref",  "Polarity" : "_ref",  "PolarityTrigger" : "_ref",  "Sameclause" : "_ref" } }, 
      "Sentence" : {
        "_feature_types" : {"sofa" : "_ref" } }, 
      "Sofa" : {
        "_feature_types" : {"sofaArray" : "_ref" } }, 
      "TagsetDescription" : {
        "_feature_types" : {"sofa" : "_ref",  "tags" : "_ref" } }, 
      "Token" : {
        "_feature_types" : {"sofa" : "_ref",  "parent" : "_ref",  "lemma" : "_ref",  "stem" : "_ref",  "pos" : "_ref",  "morph" : "_ref",  "form" : "_ref" } }, 
      "DocumentAnnotation" : {
        "_feature_types" : {"sofa" : "_ref" }, 
        "_subtypes" : ["DocumentMetaData" ] }, 
      "Annotation" : {
        "_feature_types" : {"sofa" : "_ref" }, 
        "_subtypes" : ["DocumentAnnotation",  "Eventclauses",  "Sentence",  "TagsetDescription",  "Token" ] }, 
      "AnnotationBase" : {
        "_feature_types" : {"sofa" : "_ref" }, 
        "_subtypes" : ["Annotation" ] }, 
      "TOP" : {
        "_subtypes" : ["AnnotationBase",  "Sofa" ] } } }, 
  "_views" : {
    "_InitialView" : {
      "DocumentMetaData" : [
        {"sofa" : 12,  "end" : 344,  "language" : "x-unspecified",  "documentTitle" : "dmf20211126_95782108.txt",  "documentId" : "WoutBoven",  "documentUri" : "file:/export/repository/project/114/document/44253/source/WoutBoven",  "collectionId" : "file:/export/repository/project/114/document/44253/source/",  "documentBaseUri" : "file:/export/repository/project/114/document/44253/source/",  "isLastSegment" : false } ], 
      "TagsetDescription" : [
        {"sofa" : 12,  "layer" : "de.tudarmstadt.ukp.dkpro.core.api.syntax.type.dependency.Dependency",  "name" : "UD Universal Dependencies",  "input" : false }, 
        {"sofa" : 12,  "layer" : "webanno.custom.Entities",  "name" : "Entity - mention level types",  "input" : false }, 
        {"sofa" : 12,  "layer" : "webanno.custom.Eventclauses",  "name" : "Event - tense",  "input" : false }, 
        {"sofa" : 12,  "layer" : "webanno.custom.Eventsarguments",  "name" : "eventdna_argument_entities_(auto)",  "input" : false }, 
        {"sofa" : 12,  "layer" : "webanno.custom.Namedentities",  "name" : "NE types",  "input" : false }, 
        {"sofa" : 12,  "layer" : "webanno.custom.EntitiesLETSpreanno",  "name" : "Named entity - types",  "input" : false }, 
        {"sofa" : 12,  "layer" : "de.tudarmstadt.ukp.dkpro.core.api.transform.type.SofaChangeAnnotation",  "name" : "Operation",  "input" : false }, 
        {"sofa" : 12,  "layer" : "de.tudarmstadt.ukp.dkpro.core.api.lexmorph.type.pos.POS",  "name" : "UD Universal POS tags",  "input" : false }, 
        {"sofa" : 12,  "layer" : "webanno.custom.Polaritytriggers",  "name" : "Polarity",  "input" : false }, 
        {"sofa" : 12,  "layer" : "de.tudarmstadt.ukp.dkpro.core.api.segmentation.type.SurfaceForm",  "name" : "Named Entity tags",  "input" : false } ], 
      "Sentence" : [
        {"sofa" : 12,  "end" : 82 }, 
        {"sofa" : 12,  "begin" : 84,  "end" : 342 } ], 
      "Token" : [
        {"sofa" : 12,  "end" : 11 }, 
        {"sofa" : 12,  "begin" : 12,  "end" : 19 }, 
        {"sofa" : 12,  "begin" : 20,  "end" : 26 }, 
        {"sofa" : 12,  "begin" : 27,  "end" : 30 }, 
        {"sofa" : 12,  "begin" : 31,  "end" : 44 }, 
        {"sofa" : 12,  "begin" : 45,  "end" : 46 }, 
        {"sofa" : 12,  "begin" : 47,  "end" : 56 }, 
        {"sofa" : 12,  "begin" : 57,  "end" : 58 }, 
        {"sofa" : 12,  "begin" : 59,  "end" : 63 }, 
        {"sofa" : 12,  "begin" : 64,  "end" : 68 }, 
        {"sofa" : 12,  "begin" : 69,  "end" : 75 }, 
        {"sofa" : 12,  "begin" : 76,  "end" : 82 }, 
        {"sofa" : 12,  "begin" : 84,  "end" : 95 }, 
        {"sofa" : 12,  "begin" : 96,  "end" : 105 }, 
        {"sofa" : 12,  "begin" : 106,  "end" : 109 }, 
        {"sofa" : 12,  "begin" : 110,  "end" : 113 }, 
        {"sofa" : 12,  "begin" : 114,  "end" : 116 }, 
        {"sofa" : 12,  "begin" : 117,  "end" : 122 }, 
        {"sofa" : 12,  "begin" : 123,  "end" : 126 }, 
        {"sofa" : 12,  "begin" : 127,  "end" : 138 }, 
        {"sofa" : 12,  "begin" : 139,  "end" : 142 }, 
        {"sofa" : 12,  "begin" : 143,  "end" : 148 }, 
        {"sofa" : 12,  "begin" : 149,  "end" : 157 }, 
        {"sofa" : 12,  "begin" : 158,  "end" : 162 }, 
        {"sofa" : 12,  "begin" : 163,  "end" : 164 }, 
        {"sofa" : 12,  "begin" : 165,  "end" : 171 }, 
        {"sofa" : 12,  "begin" : 172,  "end" : 175 }, 
        {"sofa" : 12,  "begin" : 176,  "end" : 185 }, 
        {"sofa" : 12,  "begin" : 186,  "end" : 192 }, 
        {"sofa" : 12,  "begin" : 193,  "end" : 199 }, 
        {"sofa" : 12,  "begin" : 200,  "end" : 210 }, 
        {"sofa" : 12,  "begin" : 211,  "end" : 212 }, 
        {"sofa" : 12,  "begin" : 213,  "end" : 215 }, 
        {"sofa" : 12,  "begin" : 216,  "end" : 221 }, 
        {"sofa" : 12,  "begin" : 222,  "end" : 224 }, 
        {"sofa" : 12,  "begin" : 225,  "end" : 238 }, 
        {"sofa" : 12,  "begin" : 239,  "end" : 248 }, 
        {"sofa" : 12,  "begin" : 249,  "end" : 258 }, 
        {"sofa" : 12,  "begin" : 259,  "end" : 270 }, 
        {"sofa" : 12,  "begin" : 271,  "end" : 278 }, 
        {"sofa" : 12,  "begin" : 279,  "end" : 285 }, 
        {"sofa" : 12,  "begin" : 286,  "end" : 290 }, 
        {"sofa" : 12,  "begin" : 291,  "end" : 294 }, 
        {"sofa" : 12,  "begin" : 295,  "end" : 298 }, 
        {"sofa" : 12,  "begin" : 299,  "end" : 312 }, 
        {"sofa" : 12,  "begin" : 313,  "end" : 316 }, 
        {"sofa" : 12,  "begin" : 317,  "end" : 319 }, 
        {"sofa" : 12,  "begin" : 320,  "end" : 326 }, 
        {"sofa" : 12,  "begin" : 327,  "end" : 332 }, 
        {"sofa" : 12,  "begin" : 333,  "end" : 340 }, 
        {"sofa" : 12,  "begin" : 341,  "end" : 342 } ], 
      "Eventclauses" : [
        {"sofa" : 12,  "end" : 44,  "EventPolarity" : "EVE positive",  "Prominence" : "Background" }, 
        {"sofa" : 12,  "begin" : 47,  "end" : 82,  "EventPolarity" : "EVE positive",  "Prominence" : "Main" }, 
        {"sofa" : 12,  "begin" : 84,  "end" : 210,  "EventPolarity" : "EVE positive",  "Prominence" : "Main" }, 
        {"sofa" : 12,  "begin" : 291,  "end" : 340,  "EventPolarity" : "EVE positive",  "Prominence" : "Background" } ] } }, 
  "_referenced_fss" : {
    "12" : {"_type" : "Sofa",  "sofaNum" : 1,  "sofaID" : "_InitialView",  "mimeType" : "text",  "sofaString" : "Loekasjenko tijdens bezoek aan migrantenkamp : Duitsland , laat deze mensen binnen\n Tweeduizend migranten die aan de grens van Wit-Rusland met Polen gestrand zijn , zouden tot Duitsland moeten worden toegelaten , zo heeft de Wit-Russische president Aleksandr Loekasjenko vrijdag gezegd toen hij een migrantenkamp aan de Poolse grens bezocht .\n " } } }