{"_context" : {
    "_types" : {
      "DocumentMetaData" : {
        "_feature_types" : {"sofa" : "_ref" } }, 
      "Eventclauses" : {
        "_feature_types" : {"sofa" : "_ref",  "Arguments" : "_ref",  "Polarity" : "_ref",  "PolarityTrigger" : "_ref",  "Sameclause" : "_ref" } }, 
      "Sentence" : {
        "_feature_types" : {"sofa" : "_ref" } }, 
      "Sofa" : {
        "_feature_types" : {"sofaArray" : "_ref" } }, 
      "TagsetDescription" : {
        "_feature_types" : {"sofa" : "_ref",  "tags" : "_ref" } }, 
      "Token" : {
        "_feature_types" : {"sofa" : "_ref",  "parent" : "_ref",  "lemma" : "_ref",  "stem" : "_ref",  "pos" : "_ref",  "morph" : "_ref",  "form" : "_ref" } }, 
      "DocumentAnnotation" : {
        "_feature_types" : {"sofa" : "_ref" }, 
        "_subtypes" : ["DocumentMetaData" ] }, 
      "Annotation" : {
        "_feature_types" : {"sofa" : "_ref" }, 
        "_subtypes" : ["DocumentAnnotation",  "Eventclauses",  "Sentence",  "TagsetDescription",  "Token" ] }, 
      "AnnotationBase" : {
        "_feature_types" : {"sofa" : "_ref" }, 
        "_subtypes" : ["Annotation" ] }, 
      "TOP" : {
        "_subtypes" : ["AnnotationBase",  "Sofa" ] } } }, 
  "_views" : {
    "_InitialView" : {
      "DocumentMetaData" : [
        {"sofa" : 12,  "end" : 132,  "language" : "x-unspecified",  "documentTitle" : "dmf20211115_93377188.txt",  "documentId" : "WoutBoven",  "documentUri" : "file:/export/repository/project/114/document/44343/source/WoutBoven",  "collectionId" : "file:/export/repository/project/114/document/44343/source/",  "documentBaseUri" : "file:/export/repository/project/114/document/44343/source/",  "isLastSegment" : false } ], 
      "TagsetDescription" : [
        {"sofa" : 12,  "layer" : "de.tudarmstadt.ukp.dkpro.core.api.syntax.type.dependency.Dependency",  "name" : "UD Universal Dependencies",  "input" : false }, 
        {"sofa" : 12,  "layer" : "webanno.custom.Entities",  "name" : "Entity - mention level types",  "input" : false }, 
        {"sofa" : 12,  "layer" : "webanno.custom.Eventclauses",  "name" : "Event - tense",  "input" : false }, 
        {"sofa" : 12,  "layer" : "webanno.custom.Eventsarguments",  "name" : "eventdna_argument_entities_(auto)",  "input" : false }, 
        {"sofa" : 12,  "layer" : "webanno.custom.Namedentities",  "name" : "NE types",  "input" : false }, 
        {"sofa" : 12,  "layer" : "webanno.custom.EntitiesLETSpreanno",  "name" : "Named entity - types",  "input" : false }, 
        {"sofa" : 12,  "layer" : "de.tudarmstadt.ukp.dkpro.core.api.transform.type.SofaChangeAnnotation",  "name" : "Operation",  "input" : false }, 
        {"sofa" : 12,  "layer" : "de.tudarmstadt.ukp.dkpro.core.api.lexmorph.type.pos.POS",  "name" : "UD Universal POS tags",  "input" : false }, 
        {"sofa" : 12,  "layer" : "webanno.custom.Polaritytriggers",  "name" : "Polarity",  "input" : false }, 
        {"sofa" : 12,  "layer" : "de.tudarmstadt.ukp.dkpro.core.api.segmentation.type.SurfaceForm",  "name" : "Named Entity tags",  "input" : false } ], 
      "Sentence" : [
        {"sofa" : 12,  "end" : 52 }, 
        {"sofa" : 12,  "begin" : 54,  "end" : 130 } ], 
      "Token" : [
        {"sofa" : 12,  "end" : 5 }, 
        {"sofa" : 12,  "begin" : 6,  "end" : 16 }, 
        {"sofa" : 12,  "begin" : 17,  "end" : 18 }, 
        {"sofa" : 12,  "begin" : 19,  "end" : 25 }, 
        {"sofa" : 12,  "begin" : 26,  "end" : 32 }, 
        {"sofa" : 12,  "begin" : 33,  "end" : 36 }, 
        {"sofa" : 12,  "begin" : 37,  "end" : 43 }, 
        {"sofa" : 12,  "begin" : 44,  "end" : 52 }, 
        {"sofa" : 12,  "begin" : 54,  "end" : 59 }, 
        {"sofa" : 12,  "begin" : 60,  "end" : 70 }, 
        {"sofa" : 12,  "begin" : 71,  "end" : 77 }, 
        {"sofa" : 12,  "begin" : 78,  "end" : 81 }, 
        {"sofa" : 12,  "begin" : 82,  "end" : 87 }, 
        {"sofa" : 12,  "begin" : 88,  "end" : 93 }, 
        {"sofa" : 12,  "begin" : 94,  "end" : 97 }, 
        {"sofa" : 12,  "begin" : 98,  "end" : 101 }, 
        {"sofa" : 12,  "begin" : 102,  "end" : 108 }, 
        {"sofa" : 12,  "begin" : 109,  "end" : 115 }, 
        {"sofa" : 12,  "begin" : 116,  "end" : 118 }, 
        {"sofa" : 12,  "begin" : 119,  "end" : 121 }, 
        {"sofa" : 12,  "begin" : 122,  "end" : 128 }, 
        {"sofa" : 12,  "begin" : 129,  "end" : 130 } ], 
      "Eventclauses" : [
        {"sofa" : 12,  "begin" : 54,  "end" : 128,  "EventPolarity" : "EVE positive",  "Prominence" : "Main" } ] } }, 
  "_referenced_fss" : {
    "12" : {"_type" : "Sofa",  "sofaNum" : 1,  "sofaID" : "_InitialView",  "mimeType" : "text",  "sofaString" : "Emiel Verstrynge : Vijfde plaats het hoogst haalbare\n Emiel Verstrynge keerde van Tabor terug met een vijfde plaats in de valies .\n " } } }