{"_context" : {
    "_types" : {
      "DocumentMetaData" : {
        "_feature_types" : {"sofa" : "_ref" } }, 
      "Eventclauses" : {
        "_feature_types" : {"sofa" : "_ref",  "Arguments" : "_ref",  "Polarity" : "_ref",  "PolarityTrigger" : "_ref",  "Sameclause" : "_ref" } }, 
      "Sentence" : {
        "_feature_types" : {"sofa" : "_ref" } }, 
      "Sofa" : {
        "_feature_types" : {"sofaArray" : "_ref" } }, 
      "TagsetDescription" : {
        "_feature_types" : {"sofa" : "_ref",  "tags" : "_ref" } }, 
      "Token" : {
        "_feature_types" : {"sofa" : "_ref",  "parent" : "_ref",  "lemma" : "_ref",  "stem" : "_ref",  "pos" : "_ref",  "morph" : "_ref",  "form" : "_ref" } }, 
      "DocumentAnnotation" : {
        "_feature_types" : {"sofa" : "_ref" }, 
        "_subtypes" : ["DocumentMetaData" ] }, 
      "Annotation" : {
        "_feature_types" : {"sofa" : "_ref" }, 
        "_subtypes" : ["DocumentAnnotation",  "Eventclauses",  "Sentence",  "TagsetDescription",  "Token" ] }, 
      "AnnotationBase" : {
        "_feature_types" : {"sofa" : "_ref" }, 
        "_subtypes" : ["Annotation" ] }, 
      "TOP" : {
        "_subtypes" : ["AnnotationBase",  "Sofa" ] } } }, 
  "_views" : {
    "_InitialView" : {
      "DocumentMetaData" : [
        {"sofa" : 12,  "end" : 423,  "language" : "x-unspecified",  "documentTitle" : "dmf20211114_96982549.txt",  "documentId" : "WoutBoven",  "documentUri" : "file:/export/repository/project/114/document/44347/source/WoutBoven",  "collectionId" : "file:/export/repository/project/114/document/44347/source/",  "documentBaseUri" : "file:/export/repository/project/114/document/44347/source/",  "isLastSegment" : false } ], 
      "TagsetDescription" : [
        {"sofa" : 12,  "layer" : "de.tudarmstadt.ukp.dkpro.core.api.syntax.type.dependency.Dependency",  "name" : "UD Universal Dependencies",  "input" : false }, 
        {"sofa" : 12,  "layer" : "webanno.custom.Entities",  "name" : "Entity - mention level types",  "input" : false }, 
        {"sofa" : 12,  "layer" : "webanno.custom.Eventclauses",  "name" : "Event - tense",  "input" : false }, 
        {"sofa" : 12,  "layer" : "webanno.custom.Eventsarguments",  "name" : "eventdna_argument_entities_(auto)",  "input" : false }, 
        {"sofa" : 12,  "layer" : "webanno.custom.Namedentities",  "name" : "NE types",  "input" : false }, 
        {"sofa" : 12,  "layer" : "webanno.custom.EntitiesLETSpreanno",  "name" : "Named entity - types",  "input" : false }, 
        {"sofa" : 12,  "layer" : "de.tudarmstadt.ukp.dkpro.core.api.transform.type.SofaChangeAnnotation",  "name" : "Operation",  "input" : false }, 
        {"sofa" : 12,  "layer" : "de.tudarmstadt.ukp.dkpro.core.api.lexmorph.type.pos.POS",  "name" : "UD Universal POS tags",  "input" : false }, 
        {"sofa" : 12,  "layer" : "webanno.custom.Polaritytriggers",  "name" : "Polarity",  "input" : false }, 
        {"sofa" : 12,  "layer" : "de.tudarmstadt.ukp.dkpro.core.api.segmentation.type.SurfaceForm",  "name" : "Named Entity tags",  "input" : false } ], 
      "Sentence" : [
        {"sofa" : 12,  "end" : 11 }, 
        {"sofa" : 12,  "begin" : 13,  "end" : 66 }, 
        {"sofa" : 12,  "begin" : 68,  "end" : 113 }, 
        {"sofa" : 12,  "begin" : 115,  "end" : 191 }, 
        {"sofa" : 12,  "begin" : 193,  "end" : 345 }, 
        {"sofa" : 12,  "begin" : 347,  "end" : 421 } ], 
      "Token" : [
        {"sofa" : 12,  "end" : 9 }, 
        {"sofa" : 12,  "begin" : 10,  "end" : 11 }, 
        {"sofa" : 12,  "begin" : 13,  "end" : 18 }, 
        {"sofa" : 12,  "begin" : 19,  "end" : 25 }, 
        {"sofa" : 12,  "begin" : 26,  "end" : 30 }, 
        {"sofa" : 12,  "begin" : 31,  "end" : 36 }, 
        {"sofa" : 12,  "begin" : 37,  "end" : 40 }, 
        {"sofa" : 12,  "begin" : 41,  "end" : 44 }, 
        {"sofa" : 12,  "begin" : 45,  "end" : 47 }, 
        {"sofa" : 12,  "begin" : 48,  "end" : 53 }, 
        {"sofa" : 12,  "begin" : 54,  "end" : 58 }, 
        {"sofa" : 12,  "begin" : 59,  "end" : 64 }, 
        {"sofa" : 12,  "begin" : 65,  "end" : 66 }, 
        {"sofa" : 12,  "begin" : 68,  "end" : 70 }, 
        {"sofa" : 12,  "begin" : 71,  "end" : 74 }, 
        {"sofa" : 12,  "begin" : 75,  "end" : 78 }, 
        {"sofa" : 12,  "begin" : 79,  "end" : 82 }, 
        {"sofa" : 12,  "begin" : 83,  "end" : 88 }, 
        {"sofa" : 12,  "begin" : 89,  "end" : 91 }, 
        {"sofa" : 12,  "begin" : 92,  "end" : 95 }, 
        {"sofa" : 12,  "begin" : 96,  "end" : 98 }, 
        {"sofa" : 12,  "begin" : 99,  "end" : 102 }, 
        {"sofa" : 12,  "begin" : 103,  "end" : 111 }, 
        {"sofa" : 12,  "begin" : 112,  "end" : 113 }, 
        {"sofa" : 12,  "begin" : 115,  "end" : 117 }, 
        {"sofa" : 12,  "begin" : 118,  "end" : 125 }, 
        {"sofa" : 12,  "begin" : 126,  "end" : 134 }, 
        {"sofa" : 12,  "begin" : 135,  "end" : 138 }, 
        {"sofa" : 12,  "begin" : 139,  "end" : 141 }, 
        {"sofa" : 12,  "begin" : 142,  "end" : 150 }, 
        {"sofa" : 12,  "begin" : 151,  "end" : 174 }, 
        {"sofa" : 12,  "begin" : 175,  "end" : 177 }, 
        {"sofa" : 12,  "begin" : 178,  "end" : 189 }, 
        {"sofa" : 12,  "begin" : 190,  "end" : 191 }, 
        {"sofa" : 12,  "begin" : 193,  "end" : 195 }, 
        {"sofa" : 12,  "begin" : 196,  "end" : 203 }, 
        {"sofa" : 12,  "begin" : 204,  "end" : 209 }, 
        {"sofa" : 12,  "begin" : 210,  "end" : 215 }, 
        {"sofa" : 12,  "begin" : 216,  "end" : 225 }, 
        {"sofa" : 12,  "begin" : 226,  "end" : 231 }, 
        {"sofa" : 12,  "begin" : 232,  "end" : 238 }, 
        {"sofa" : 12,  "begin" : 239,  "end" : 242 }, 
        {"sofa" : 12,  "begin" : 243,  "end" : 249 }, 
        {"sofa" : 12,  "begin" : 250,  "end" : 254 }, 
        {"sofa" : 12,  "begin" : 255,  "end" : 260 }, 
        {"sofa" : 12,  "begin" : 261,  "end" : 263 }, 
        {"sofa" : 12,  "begin" : 264,  "end" : 269 }, 
        {"sofa" : 12,  "begin" : 270,  "end" : 276 }, 
        {"sofa" : 12,  "begin" : 277,  "end" : 279 }, 
        {"sofa" : 12,  "begin" : 280,  "end" : 285 }, 
        {"sofa" : 12,  "begin" : 286,  "end" : 292 }, 
        {"sofa" : 12,  "begin" : 293,  "end" : 295 }, 
        {"sofa" : 12,  "begin" : 296,  "end" : 301 }, 
        {"sofa" : 12,  "begin" : 302,  "end" : 306 }, 
        {"sofa" : 12,  "begin" : 307,  "end" : 310 }, 
        {"sofa" : 12,  "begin" : 311,  "end" : 329 }, 
        {"sofa" : 12,  "begin" : 330,  "end" : 336 }, 
        {"sofa" : 12,  "begin" : 337,  "end" : 343 }, 
        {"sofa" : 12,  "begin" : 344,  "end" : 345 }, 
        {"sofa" : 12,  "begin" : 347,  "end" : 350 }, 
        {"sofa" : 12,  "begin" : 351,  "end" : 359 }, 
        {"sofa" : 12,  "begin" : 360,  "end" : 369 }, 
        {"sofa" : 12,  "begin" : 370,  "end" : 373 }, 
        {"sofa" : 12,  "begin" : 374,  "end" : 376 }, 
        {"sofa" : 12,  "begin" : 377,  "end" : 382 }, 
        {"sofa" : 12,  "begin" : 383,  "end" : 386 }, 
        {"sofa" : 12,  "begin" : 387,  "end" : 392 }, 
        {"sofa" : 12,  "begin" : 393,  "end" : 395 }, 
        {"sofa" : 12,  "begin" : 396,  "end" : 399 }, 
        {"sofa" : 12,  "begin" : 400,  "end" : 409 }, 
        {"sofa" : 12,  "begin" : 410,  "end" : 413 }, 
        {"sofa" : 12,  "begin" : 414,  "end" : 419 }, 
        {"sofa" : 12,  "begin" : 420,  "end" : 421 } ], 
      "Eventclauses" : [
        {"sofa" : 12,  "begin" : 13,  "end" : 64,  "EventPolarity" : "EVE positive",  "Prominence" : "Main" }, 
        {"sofa" : 12,  "begin" : 71,  "end" : 111,  "EventPolarity" : "EVE positive",  "Prominence" : "Main" }, 
        {"sofa" : 12,  "begin" : 115,  "end" : 189,  "EventPolarity" : "EVE neutral",  "Prominence" : "Background" }, 
        {"sofa" : 12,  "begin" : 193,  "end" : 225,  "EventPolarity" : "EVE neutral",  "Prominence" : "Background" }, 
        {"sofa" : 12,  "begin" : 226,  "end" : 276,  "EventPolarity" : "EVE positive",  "Prominence" : "Main" }, 
        {"sofa" : 12,  "begin" : 280,  "end" : 343,  "EventPolarity" : "EVE positive",  "Prominence" : "Main" }, 
        {"sofa" : 12,  "begin" : 347,  "end" : 392,  "EventPolarity" : "EVE neutral",  "Prominence" : "Background" }, 
        {"sofa" : 12,  "begin" : 396,  "end" : 419,  "EventPolarity" : "EVE neutral",  "Prominence" : "Background" } ] } }, 
  "_referenced_fss" : {
    "12" : {"_type" : "Sofa",  "sofaNum" : 1,  "sofaID" : "_InitialView",  "mimeType" : "text",  "sofaString" : "OVERZICHT .\n Welke landen gaan samen met ons al zeker naar Qatar ?\n En wie mag nog hopen op het WK via barrages ?\n De laatste speeldag van de Europese WK-kwalificatiecampagne is aangebroken .\n De komende dagen wordt duidelijk welke landen hun ticket voor Qatar al mogen boeken en welke landen in maart 2022 nog barragewedstrijden moeten spelen .\n Een algemeen overzicht met de stand van zaken en een overzicht per poule .\n " } } }