{"_context" : {
    "_types" : {
      "DocumentMetaData" : {
        "_feature_types" : {"sofa" : "_ref" } }, 
      "Eventclauses" : {
        "_feature_types" : {"sofa" : "_ref",  "Arguments" : "_ref",  "Polarity" : "_ref",  "PolarityTrigger" : "_ref",  "Sameclause" : "_ref" } }, 
      "Sentence" : {
        "_feature_types" : {"sofa" : "_ref" } }, 
      "Sofa" : {
        "_feature_types" : {"sofaArray" : "_ref" } }, 
      "TagsetDescription" : {
        "_feature_types" : {"sofa" : "_ref",  "tags" : "_ref" } }, 
      "Token" : {
        "_feature_types" : {"sofa" : "_ref",  "parent" : "_ref",  "lemma" : "_ref",  "stem" : "_ref",  "pos" : "_ref",  "morph" : "_ref",  "form" : "_ref" } }, 
      "DocumentAnnotation" : {
        "_feature_types" : {"sofa" : "_ref" }, 
        "_subtypes" : ["DocumentMetaData" ] }, 
      "Annotation" : {
        "_feature_types" : {"sofa" : "_ref" }, 
        "_subtypes" : ["DocumentAnnotation",  "Eventclauses",  "Sentence",  "TagsetDescription",  "Token" ] }, 
      "AnnotationBase" : {
        "_feature_types" : {"sofa" : "_ref" }, 
        "_subtypes" : ["Annotation" ] }, 
      "TOP" : {
        "_subtypes" : ["AnnotationBase",  "Sofa" ] } } }, 
  "_views" : {
    "_InitialView" : {
      "DocumentMetaData" : [
        {"sofa" : 12,  "end" : 466,  "language" : "x-unspecified",  "documentTitle" : "dmf20211128_95664263.txt",  "documentId" : "WoutBoven",  "documentUri" : "file:/export/repository/project/114/document/44243/source/WoutBoven",  "collectionId" : "file:/export/repository/project/114/document/44243/source/",  "documentBaseUri" : "file:/export/repository/project/114/document/44243/source/",  "isLastSegment" : false } ], 
      "TagsetDescription" : [
        {"sofa" : 12,  "layer" : "de.tudarmstadt.ukp.dkpro.core.api.syntax.type.dependency.Dependency",  "name" : "UD Universal Dependencies",  "input" : false }, 
        {"sofa" : 12,  "layer" : "webanno.custom.Entities",  "name" : "Entity - mention level types",  "input" : false }, 
        {"sofa" : 12,  "layer" : "webanno.custom.Eventclauses",  "name" : "Event - tense",  "input" : false }, 
        {"sofa" : 12,  "layer" : "webanno.custom.Eventsarguments",  "name" : "eventdna_argument_entities_(auto)",  "input" : false }, 
        {"sofa" : 12,  "layer" : "webanno.custom.Namedentities",  "name" : "NE types",  "input" : false }, 
        {"sofa" : 12,  "layer" : "webanno.custom.EntitiesLETSpreanno",  "name" : "Named entity - types",  "input" : false }, 
        {"sofa" : 12,  "layer" : "de.tudarmstadt.ukp.dkpro.core.api.transform.type.SofaChangeAnnotation",  "name" : "Operation",  "input" : false }, 
        {"sofa" : 12,  "layer" : "de.tudarmstadt.ukp.dkpro.core.api.lexmorph.type.pos.POS",  "name" : "UD Universal POS tags",  "input" : false }, 
        {"sofa" : 12,  "layer" : "webanno.custom.Polaritytriggers",  "name" : "Polarity",  "input" : false }, 
        {"sofa" : 12,  "layer" : "de.tudarmstadt.ukp.dkpro.core.api.segmentation.type.SurfaceForm",  "name" : "Named Entity tags",  "input" : false } ], 
      "Sentence" : [
        {"sofa" : 12,  "end" : 86 }, 
        {"sofa" : 12,  "begin" : 88,  "end" : 187 }, 
        {"sofa" : 12,  "begin" : 189,  "end" : 323 }, 
        {"sofa" : 12,  "begin" : 325,  "end" : 402 }, 
        {"sofa" : 12,  "begin" : 404,  "end" : 464 } ], 
      "Token" : [
        {"sofa" : 12,  "end" : 3 }, 
        {"sofa" : 12,  "begin" : 4,  "end" : 11 }, 
        {"sofa" : 12,  "begin" : 12,  "end" : 16 }, 
        {"sofa" : 12,  "begin" : 17,  "end" : 27 }, 
        {"sofa" : 12,  "begin" : 28,  "end" : 38 }, 
        {"sofa" : 12,  "begin" : 39,  "end" : 42 }, 
        {"sofa" : 12,  "begin" : 43,  "end" : 47 }, 
        {"sofa" : 12,  "begin" : 48,  "end" : 53 }, 
        {"sofa" : 12,  "begin" : 54,  "end" : 56 }, 
        {"sofa" : 12,  "begin" : 57,  "end" : 74 }, 
        {"sofa" : 12,  "begin" : 75,  "end" : 77 }, 
        {"sofa" : 12,  "begin" : 78,  "end" : 86 }, 
        {"sofa" : 12,  "begin" : 88,  "end" : 91 }, 
        {"sofa" : 12,  "begin" : 92,  "end" : 99 }, 
        {"sofa" : 12,  "begin" : 100,  "end" : 101 }, 
        {"sofa" : 12,  "begin" : 102,  "end" : 109 }, 
        {"sofa" : 12,  "begin" : 110,  "end" : 124 }, 
        {"sofa" : 12,  "begin" : 125,  "end" : 126 }, 
        {"sofa" : 12,  "begin" : 127,  "end" : 132 }, 
        {"sofa" : 12,  "begin" : 133,  "end" : 135 }, 
        {"sofa" : 12,  "begin" : 136,  "end" : 153 }, 
        {"sofa" : 12,  "begin" : 154,  "end" : 156 }, 
        {"sofa" : 12,  "begin" : 157,  "end" : 160 }, 
        {"sofa" : 12,  "begin" : 161,  "end" : 167 }, 
        {"sofa" : 12,  "begin" : 168,  "end" : 176 }, 
        {"sofa" : 12,  "begin" : 177,  "end" : 185 }, 
        {"sofa" : 12,  "begin" : 186,  "end" : 187 }, 
        {"sofa" : 12,  "begin" : 189,  "end" : 191 }, 
        {"sofa" : 12,  "begin" : 192,  "end" : 204 }, 
        {"sofa" : 12,  "begin" : 205,  "end" : 208 }, 
        {"sofa" : 12,  "begin" : 209,  "end" : 212 }, 
        {"sofa" : 12,  "begin" : 213,  "end" : 223 }, 
        {"sofa" : 12,  "begin" : 224,  "end" : 228 }, 
        {"sofa" : 12,  "begin" : 229,  "end" : 232 }, 
        {"sofa" : 12,  "begin" : 233,  "end" : 237 }, 
        {"sofa" : 12,  "begin" : 238,  "end" : 243 }, 
        {"sofa" : 12,  "begin" : 244,  "end" : 246 }, 
        {"sofa" : 12,  "begin" : 247,  "end" : 250 }, 
        {"sofa" : 12,  "begin" : 251,  "end" : 265 }, 
        {"sofa" : 12,  "begin" : 266,  "end" : 268 }, 
        {"sofa" : 12,  "begin" : 269,  "end" : 279 }, 
        {"sofa" : 12,  "begin" : 280,  "end" : 284 }, 
        {"sofa" : 12,  "begin" : 285,  "end" : 292 }, 
        {"sofa" : 12,  "begin" : 293,  "end" : 296 }, 
        {"sofa" : 12,  "begin" : 297,  "end" : 303 }, 
        {"sofa" : 12,  "begin" : 304,  "end" : 306 }, 
        {"sofa" : 12,  "begin" : 307,  "end" : 309 }, 
        {"sofa" : 12,  "begin" : 310,  "end" : 321 }, 
        {"sofa" : 12,  "begin" : 322,  "end" : 323 }, 
        {"sofa" : 12,  "begin" : 325,  "end" : 327 }, 
        {"sofa" : 12,  "begin" : 328,  "end" : 332 }, 
        {"sofa" : 12,  "begin" : 333,  "end" : 339 }, 
        {"sofa" : 12,  "begin" : 340,  "end" : 342 }, 
        {"sofa" : 12,  "begin" : 343,  "end" : 353 }, 
        {"sofa" : 12,  "begin" : 354,  "end" : 360 }, 
        {"sofa" : 12,  "begin" : 361,  "end" : 362 }, 
        {"sofa" : 12,  "begin" : 363,  "end" : 365 }, 
        {"sofa" : 12,  "begin" : 366,  "end" : 371 }, 
        {"sofa" : 12,  "begin" : 372,  "end" : 375 }, 
        {"sofa" : 12,  "begin" : 376,  "end" : 383 }, 
        {"sofa" : 12,  "begin" : 384,  "end" : 388 }, 
        {"sofa" : 12,  "begin" : 389,  "end" : 394 }, 
        {"sofa" : 12,  "begin" : 395,  "end" : 400 }, 
        {"sofa" : 12,  "begin" : 401,  "end" : 402 }, 
        {"sofa" : 12,  "begin" : 404,  "end" : 407 }, 
        {"sofa" : 12,  "begin" : 408,  "end" : 410 }, 
        {"sofa" : 12,  "begin" : 411,  "end" : 418 }, 
        {"sofa" : 12,  "begin" : 419,  "end" : 423 }, 
        {"sofa" : 12,  "begin" : 424,  "end" : 431 }, 
        {"sofa" : 12,  "begin" : 432,  "end" : 437 }, 
        {"sofa" : 12,  "begin" : 438,  "end" : 441 }, 
        {"sofa" : 12,  "begin" : 442,  "end" : 444 }, 
        {"sofa" : 12,  "begin" : 445,  "end" : 450 }, 
        {"sofa" : 12,  "begin" : 451,  "end" : 454 }, 
        {"sofa" : 12,  "begin" : 455,  "end" : 457 }, 
        {"sofa" : 12,  "begin" : 458,  "end" : 462 }, 
        {"sofa" : 12,  "begin" : 463,  "end" : 464 } ], 
      "Eventclauses" : [
        {"sofa" : 12,  "end" : 74,  "EventPolarity" : "EVE positive",  "Prominence" : "Main" }, 
        {"sofa" : 12,  "begin" : 88,  "end" : 185,  "EventPolarity" : "EVE positive",  "Prominence" : "Main" }, 
        {"sofa" : 12,  "begin" : 189,  "end" : 265,  "EventPolarity" : "EVE positive",  "Prominence" : "Main" }, 
        {"sofa" : 12,  "begin" : 269,  "end" : 321,  "EventPolarity" : "EVE positive",  "Prominence" : "Background" }, 
        {"sofa" : 12,  "begin" : 325,  "end" : 360,  "EventPolarity" : "EVE positive",  "Prominence" : "Background" }, 
        {"sofa" : 12,  "begin" : 363,  "end" : 400,  "EventPolarity" : "EVE positive",  "Prominence" : "Background" }, 
        {"sofa" : 12,  "begin" : 404,  "end" : 462,  "EventPolarity" : "EVE positive",  "Prominence" : "Background" } ] } }, 
  "_referenced_fss" : {
    "12" : {"_type" : "Sofa",  "sofaNum" : 1,  "sofaID" : "_InitialView",  "mimeType" : "text",  "sofaString" : "Eli Iserbyt wint beklijvend modderduel met Toon Aerts in wereldbekermanche in Besançon\n Eli Iserbyt ( Pauwels Sauzen-Bingoal ) heeft de Wereldbekermanche in het Franse Besançon gewonnen .\n De West-Vlaming won een beklijvend duel met Toon Aerts op het modderparcours en verstevigt zijn positie als leider in de Wereldbeker .\n De rest volgde op anderhalve minuut : de jonge Pim Ronhaar werd straf derde .\n Bij de vrouwen ging Lucinda Brand met de winst aan de haal .\n " } } }