{"_context" : {
    "_types" : {
      "DocumentMetaData" : {
        "_feature_types" : {"sofa" : "_ref" } }, 
      "Eventclauses" : {
        "_feature_types" : {"sofa" : "_ref",  "Arguments" : "_ref",  "Polarity" : "_ref",  "PolarityTrigger" : "_ref",  "Sameclause" : "_ref" } }, 
      "Sentence" : {
        "_feature_types" : {"sofa" : "_ref" } }, 
      "Sofa" : {
        "_feature_types" : {"sofaArray" : "_ref" } }, 
      "TagsetDescription" : {
        "_feature_types" : {"sofa" : "_ref",  "tags" : "_ref" } }, 
      "Token" : {
        "_feature_types" : {"sofa" : "_ref",  "parent" : "_ref",  "lemma" : "_ref",  "stem" : "_ref",  "pos" : "_ref",  "morph" : "_ref",  "form" : "_ref" } }, 
      "DocumentAnnotation" : {
        "_feature_types" : {"sofa" : "_ref" }, 
        "_subtypes" : ["DocumentMetaData" ] }, 
      "Annotation" : {
        "_feature_types" : {"sofa" : "_ref" }, 
        "_subtypes" : ["DocumentAnnotation",  "Eventclauses",  "Sentence",  "TagsetDescription",  "Token" ] }, 
      "AnnotationBase" : {
        "_feature_types" : {"sofa" : "_ref" }, 
        "_subtypes" : ["Annotation" ] }, 
      "TOP" : {
        "_subtypes" : ["AnnotationBase",  "Sofa" ] } } }, 
  "_views" : {
    "_InitialView" : {
      "DocumentMetaData" : [
        {"sofa" : 12,  "end" : 207,  "language" : "x-unspecified",  "documentTitle" : "dmf20211116_95964576.txt",  "documentId" : "WoutBoven",  "documentUri" : "file:/export/repository/project/114/document/44327/source/WoutBoven",  "collectionId" : "file:/export/repository/project/114/document/44327/source/",  "documentBaseUri" : "file:/export/repository/project/114/document/44327/source/",  "isLastSegment" : false } ], 
      "TagsetDescription" : [
        {"sofa" : 12,  "layer" : "de.tudarmstadt.ukp.dkpro.core.api.syntax.type.dependency.Dependency",  "name" : "UD Universal Dependencies",  "input" : false }, 
        {"sofa" : 12,  "layer" : "webanno.custom.Entities",  "name" : "Entity - mention level types",  "input" : false }, 
        {"sofa" : 12,  "layer" : "webanno.custom.Eventclauses",  "name" : "Event - tense",  "input" : false }, 
        {"sofa" : 12,  "layer" : "webanno.custom.Eventsarguments",  "name" : "eventdna_argument_entities_(auto)",  "input" : false }, 
        {"sofa" : 12,  "layer" : "webanno.custom.Namedentities",  "name" : "NE types",  "input" : false }, 
        {"sofa" : 12,  "layer" : "webanno.custom.EntitiesLETSpreanno",  "name" : "Named entity - types",  "input" : false }, 
        {"sofa" : 12,  "layer" : "de.tudarmstadt.ukp.dkpro.core.api.transform.type.SofaChangeAnnotation",  "name" : "Operation",  "input" : false }, 
        {"sofa" : 12,  "layer" : "de.tudarmstadt.ukp.dkpro.core.api.lexmorph.type.pos.POS",  "name" : "UD Universal POS tags",  "input" : false }, 
        {"sofa" : 12,  "layer" : "webanno.custom.Polaritytriggers",  "name" : "Polarity",  "input" : false }, 
        {"sofa" : 12,  "layer" : "de.tudarmstadt.ukp.dkpro.core.api.segmentation.type.SurfaceForm",  "name" : "Named Entity tags",  "input" : false } ], 
      "Sentence" : [
        {"sofa" : 12,  "end" : 81 }, 
        {"sofa" : 12,  "begin" : 83,  "end" : 205 } ], 
      "Token" : [
        {"sofa" : 12,  "end" : 2 }, 
        {"sofa" : 12,  "begin" : 2,  "end" : 3 }, 
        {"sofa" : 12,  "begin" : 3,  "end" : 9 }, 
        {"sofa" : 12,  "begin" : 10,  "end" : 16 }, 
        {"sofa" : 12,  "begin" : 17,  "end" : 22 }, 
        {"sofa" : 12,  "begin" : 23,  "end" : 25 }, 
        {"sofa" : 12,  "begin" : 26,  "end" : 36 }, 
        {"sofa" : 12,  "begin" : 37,  "end" : 43 }, 
        {"sofa" : 12,  "begin" : 44,  "end" : 52 }, 
        {"sofa" : 12,  "begin" : 53,  "end" : 56 }, 
        {"sofa" : 12,  "begin" : 57,  "end" : 58 }, 
        {"sofa" : 12,  "begin" : 59,  "end" : 63 }, 
        {"sofa" : 12,  "begin" : 64,  "end" : 71 }, 
        {"sofa" : 12,  "begin" : 72,  "end" : 74 }, 
        {"sofa" : 12,  "begin" : 75,  "end" : 81 }, 
        {"sofa" : 12,  "begin" : 83,  "end" : 85 }, 
        {"sofa" : 12,  "begin" : 86,  "end" : 88 }, 
        {"sofa" : 12,  "begin" : 89,  "end" : 99 }, 
        {"sofa" : 12,  "begin" : 100,  "end" : 103 }, 
        {"sofa" : 12,  "begin" : 104,  "end" : 110 }, 
        {"sofa" : 12,  "begin" : 111,  "end" : 113 }, 
        {"sofa" : 12,  "begin" : 114,  "end" : 121 }, 
        {"sofa" : 12,  "begin" : 122,  "end" : 125 }, 
        {"sofa" : 12,  "begin" : 126,  "end" : 128 }, 
        {"sofa" : 12,  "begin" : 128,  "end" : 129 }, 
        {"sofa" : 12,  "begin" : 129,  "end" : 135 }, 
        {"sofa" : 12,  "begin" : 136,  "end" : 142 }, 
        {"sofa" : 12,  "begin" : 143,  "end" : 148 }, 
        {"sofa" : 12,  "begin" : 149,  "end" : 156 }, 
        {"sofa" : 12,  "begin" : 157,  "end" : 160 }, 
        {"sofa" : 12,  "begin" : 161,  "end" : 169 }, 
        {"sofa" : 12,  "begin" : 170,  "end" : 171 }, 
        {"sofa" : 12,  "begin" : 172,  "end" : 180 }, 
        {"sofa" : 12,  "begin" : 181,  "end" : 188 }, 
        {"sofa" : 12,  "begin" : 189,  "end" : 191 }, 
        {"sofa" : 12,  "begin" : 192,  "end" : 196 }, 
        {"sofa" : 12,  "begin" : 197,  "end" : 203 }, 
        {"sofa" : 12,  "begin" : 204,  "end" : 205 } ], 
      "Eventclauses" : [
        {"sofa" : 12,  "end" : 81,  "EventPolarity" : "EVE negative",  "Prominence" : "Main" }, 
        {"sofa" : 12,  "begin" : 83,  "end" : 203,  "EventPolarity" : "EVE negative",  "Prominence" : "Main" } ] } }, 
  "_referenced_fss" : {
    "12" : {"_type" : "Sofa",  "sofaNum" : 1,  "sofaID" : "_InitialView",  "mimeType" : "text",  "sofaString" : "73 - jarige Duitse vrouw op luchthaven Zürich opgepakt met 4 kilo cocaïne in bagage\n Op de luchthaven van Zürich is maandag een 73 - jarige Duitse vrouw betrapt met ongeveer 4 kilogram heroïne in haar bagage .\n " } } }
