{"_context" : {
    "_types" : {
      "DocumentMetaData" : {
        "_feature_types" : {"sofa" : "_ref" } }, 
      "Eventclauses" : {
        "_feature_types" : {"sofa" : "_ref",  "Arguments" : "_ref",  "Polarity" : "_ref",  "PolarityTrigger" : "_ref",  "Sameclause" : "_ref" } }, 
      "Sentence" : {
        "_feature_types" : {"sofa" : "_ref" } }, 
      "Sofa" : {
        "_feature_types" : {"sofaArray" : "_ref" } }, 
      "TagsetDescription" : {
        "_feature_types" : {"sofa" : "_ref",  "tags" : "_ref" } }, 
      "Token" : {
        "_feature_types" : {"sofa" : "_ref",  "parent" : "_ref",  "lemma" : "_ref",  "stem" : "_ref",  "pos" : "_ref",  "morph" : "_ref",  "form" : "_ref" } }, 
      "DocumentAnnotation" : {
        "_feature_types" : {"sofa" : "_ref" }, 
        "_subtypes" : ["DocumentMetaData" ] }, 
      "Annotation" : {
        "_feature_types" : {"sofa" : "_ref" }, 
        "_subtypes" : ["DocumentAnnotation",  "Eventclauses",  "Sentence",  "TagsetDescription",  "Token" ] }, 
      "AnnotationBase" : {
        "_feature_types" : {"sofa" : "_ref" }, 
        "_subtypes" : ["Annotation" ] }, 
      "TOP" : {
        "_subtypes" : ["AnnotationBase",  "Sofa" ] } } }, 
  "_views" : {
    "_InitialView" : {
      "DocumentMetaData" : [
        {"sofa" : 12,  "end" : 277,  "language" : "x-unspecified",  "documentTitle" : "dmf20211123_95844296.txt",  "documentId" : "WoutBoven",  "documentUri" : "file:/export/repository/project/114/document/44279/source/WoutBoven",  "collectionId" : "file:/export/repository/project/114/document/44279/source/",  "documentBaseUri" : "file:/export/repository/project/114/document/44279/source/",  "isLastSegment" : false } ], 
      "TagsetDescription" : [
        {"sofa" : 12,  "layer" : "de.tudarmstadt.ukp.dkpro.core.api.syntax.type.dependency.Dependency",  "name" : "UD Universal Dependencies",  "input" : false }, 
        {"sofa" : 12,  "layer" : "webanno.custom.Entities",  "name" : "Entity - mention level types",  "input" : false }, 
        {"sofa" : 12,  "layer" : "webanno.custom.Eventclauses",  "name" : "Event - tense",  "input" : false }, 
        {"sofa" : 12,  "layer" : "webanno.custom.Eventsarguments",  "name" : "eventdna_argument_entities_(auto)",  "input" : false }, 
        {"sofa" : 12,  "layer" : "webanno.custom.Namedentities",  "name" : "NE types",  "input" : false }, 
        {"sofa" : 12,  "layer" : "webanno.custom.EntitiesLETSpreanno",  "name" : "Named entity - types",  "input" : false }, 
        {"sofa" : 12,  "layer" : "de.tudarmstadt.ukp.dkpro.core.api.transform.type.SofaChangeAnnotation",  "name" : "Operation",  "input" : false }, 
        {"sofa" : 12,  "layer" : "de.tudarmstadt.ukp.dkpro.core.api.lexmorph.type.pos.POS",  "name" : "UD Universal POS tags",  "input" : false }, 
        {"sofa" : 12,  "layer" : "webanno.custom.Polaritytriggers",  "name" : "Polarity",  "input" : false }, 
        {"sofa" : 12,  "layer" : "de.tudarmstadt.ukp.dkpro.core.api.segmentation.type.SurfaceForm",  "name" : "Named Entity tags",  "input" : false } ], 
      "Sentence" : [
        {"sofa" : 12,  "end" : 80 }, 
        {"sofa" : 12,  "begin" : 82,  "end" : 194 }, 
        {"sofa" : 12,  "begin" : 196,  "end" : 275 } ], 
      "Token" : [
        {"sofa" : 12,  "end" : 14 }, 
        {"sofa" : 12,  "begin" : 15,  "end" : 20 }, 
        {"sofa" : 12,  "begin" : 21,  "end" : 28 }, 
        {"sofa" : 12,  "begin" : 29,  "end" : 31 }, 
        {"sofa" : 12,  "begin" : 32,  "end" : 38 }, 
        {"sofa" : 12,  "begin" : 39,  "end" : 41 }, 
        {"sofa" : 12,  "begin" : 42,  "end" : 46 }, 
        {"sofa" : 12,  "begin" : 47,  "end" : 48 }, 
        {"sofa" : 12,  "begin" : 49,  "end" : 54 }, 
        {"sofa" : 12,  "begin" : 55,  "end" : 62 }, 
        {"sofa" : 12,  "begin" : 63,  "end" : 67 }, 
        {"sofa" : 12,  "begin" : 68,  "end" : 75 }, 
        {"sofa" : 12,  "begin" : 76,  "end" : 80 }, 
        {"sofa" : 12,  "begin" : 82,  "end" : 85 }, 
        {"sofa" : 12,  "begin" : 86,  "end" : 93 }, 
        {"sofa" : 12,  "begin" : 94,  "end" : 99 }, 
        {"sofa" : 12,  "begin" : 100,  "end" : 113 }, 
        {"sofa" : 12,  "begin" : 114,  "end" : 120 }, 
        {"sofa" : 12,  "begin" : 121,  "end" : 125 }, 
        {"sofa" : 12,  "begin" : 126,  "end" : 133 }, 
        {"sofa" : 12,  "begin" : 134,  "end" : 142 }, 
        {"sofa" : 12,  "begin" : 143,  "end" : 146 }, 
        {"sofa" : 12,  "begin" : 147,  "end" : 161 }, 
        {"sofa" : 12,  "begin" : 162,  "end" : 165 }, 
        {"sofa" : 12,  "begin" : 166,  "end" : 169 }, 
        {"sofa" : 12,  "begin" : 170,  "end" : 172 }, 
        {"sofa" : 12,  "begin" : 173,  "end" : 175 }, 
        {"sofa" : 12,  "begin" : 176,  "end" : 192 }, 
        {"sofa" : 12,  "begin" : 193,  "end" : 194 }, 
        {"sofa" : 12,  "begin" : 196,  "end" : 198 }, 
        {"sofa" : 12,  "begin" : 199,  "end" : 208 }, 
        {"sofa" : 12,  "begin" : 209,  "end" : 213 }, 
        {"sofa" : 12,  "begin" : 214,  "end" : 220 }, 
        {"sofa" : 12,  "begin" : 221,  "end" : 225 }, 
        {"sofa" : 12,  "begin" : 226,  "end" : 230 }, 
        {"sofa" : 12,  "begin" : 231,  "end" : 244 }, 
        {"sofa" : 12,  "begin" : 245,  "end" : 249 }, 
        {"sofa" : 12,  "begin" : 250,  "end" : 253 }, 
        {"sofa" : 12,  "begin" : 254,  "end" : 264 }, 
        {"sofa" : 12,  "begin" : 265,  "end" : 273 }, 
        {"sofa" : 12,  "begin" : 274,  "end" : 275 } ], 
      "Eventclauses" : [
        {"sofa" : 12,  "end" : 46,  "EventPolarity" : "EVE negative",  "Prominence" : "Main" }, 
        {"sofa" : 12,  "begin" : 49,  "end" : 80,  "EventPolarity" : "EVE negative",  "Prominence" : "Background" }, 
        {"sofa" : 12,  "begin" : 82,  "end" : 161,  "EventPolarity" : "EVE negative",  "Prominence" : "Main" }, 
        {"sofa" : 12,  "begin" : 196,  "end" : 273,  "EventPolarity" : "EVE positive",  "Prominence" : "Background" } ] } }, 
  "_referenced_fss" : {
    "12" : {"_type" : "Sofa",  "sofaNum" : 1,  "sofaID" : "_InitialView",  "mimeType" : "text",  "sofaString" : "Pakjesbezorger slaat fietser in elkaar in Gent : Plots sloegen zijn stoppen door\n Een fietser heeft dinsdagmiddag enkele rake klappen gekregen van pakjesbezorger van DHL in de Jakobijnenstraat .\n De veertiger werd nadien door twee buurtbewoners naar het ziekenhuis gebracht .\n " } } }