{"_context" : {
    "_types" : {
      "DocumentMetaData" : {
        "_feature_types" : {"sofa" : "_ref" } }, 
      "Eventclauses" : {
        "_feature_types" : {"sofa" : "_ref",  "Arguments" : "_ref",  "Polarity" : "_ref",  "PolarityTrigger" : "_ref",  "Sameclause" : "_ref" } }, 
      "Sentence" : {
        "_feature_types" : {"sofa" : "_ref" } }, 
      "Sofa" : {
        "_feature_types" : {"sofaArray" : "_ref" } }, 
      "TagsetDescription" : {
        "_feature_types" : {"sofa" : "_ref",  "tags" : "_ref" } }, 
      "Token" : {
        "_feature_types" : {"sofa" : "_ref",  "parent" : "_ref",  "lemma" : "_ref",  "stem" : "_ref",  "pos" : "_ref",  "morph" : "_ref",  "form" : "_ref" } }, 
      "DocumentAnnotation" : {
        "_feature_types" : {"sofa" : "_ref" }, 
        "_subtypes" : ["DocumentMetaData" ] }, 
      "Annotation" : {
        "_feature_types" : {"sofa" : "_ref" }, 
        "_subtypes" : ["DocumentAnnotation",  "Eventclauses",  "Sentence",  "TagsetDescription",  "Token" ] }, 
      "AnnotationBase" : {
        "_feature_types" : {"sofa" : "_ref" }, 
        "_subtypes" : ["Annotation" ] }, 
      "TOP" : {
        "_subtypes" : ["AnnotationBase",  "Sofa" ] } } }, 
  "_views" : {
    "_InitialView" : {
      "DocumentMetaData" : [
        {"sofa" : 12,  "end" : 255,  "language" : "x-unspecified",  "documentTitle" : "dmf20211108_94685294.txt",  "documentId" : "WoutBoven",  "documentUri" : "file:/export/repository/project/114/document/44390/source/WoutBoven",  "collectionId" : "file:/export/repository/project/114/document/44390/source/",  "documentBaseUri" : "file:/export/repository/project/114/document/44390/source/",  "isLastSegment" : false } ], 
      "TagsetDescription" : [
        {"sofa" : 12,  "layer" : "de.tudarmstadt.ukp.dkpro.core.api.syntax.type.dependency.Dependency",  "name" : "UD Universal Dependencies",  "input" : false }, 
        {"sofa" : 12,  "layer" : "webanno.custom.Entities",  "name" : "Entity - mention level types",  "input" : false }, 
        {"sofa" : 12,  "layer" : "webanno.custom.Eventclauses",  "name" : "Event - tense",  "input" : false }, 
        {"sofa" : 12,  "layer" : "webanno.custom.Eventsarguments",  "name" : "eventdna_argument_entities_(auto)",  "input" : false }, 
        {"sofa" : 12,  "layer" : "webanno.custom.Namedentities",  "name" : "NE types",  "input" : false }, 
        {"sofa" : 12,  "layer" : "webanno.custom.EntitiesLETSpreanno",  "name" : "Named entity - types",  "input" : false }, 
        {"sofa" : 12,  "layer" : "de.tudarmstadt.ukp.dkpro.core.api.transform.type.SofaChangeAnnotation",  "name" : "Operation",  "input" : false }, 
        {"sofa" : 12,  "layer" : "de.tudarmstadt.ukp.dkpro.core.api.lexmorph.type.pos.POS",  "name" : "UD Universal POS tags",  "input" : false }, 
        {"sofa" : 12,  "layer" : "webanno.custom.Polaritytriggers",  "name" : "Polarity",  "input" : false }, 
        {"sofa" : 12,  "layer" : "de.tudarmstadt.ukp.dkpro.core.api.segmentation.type.SurfaceForm",  "name" : "Named Entity tags",  "input" : false } ], 
      "Sentence" : [
        {"sofa" : 12,  "end" : 98 }, 
        {"sofa" : 12,  "begin" : 100,  "end" : 173 }, 
        {"sofa" : 12,  "begin" : 175,  "end" : 253 } ], 
      "Token" : [
        {"sofa" : 12,  "end" : 6 }, 
        {"sofa" : 12,  "begin" : 7,  "end" : 11 }, 
        {"sofa" : 12,  "begin" : 12,  "end" : 18 }, 
        {"sofa" : 12,  "begin" : 19,  "end" : 21 }, 
        {"sofa" : 12,  "begin" : 22,  "end" : 24 }, 
        {"sofa" : 12,  "begin" : 25,  "end" : 32 }, 
        {"sofa" : 12,  "begin" : 33,  "end" : 39 }, 
        {"sofa" : 12,  "begin" : 40,  "end" : 41 }, 
        {"sofa" : 12,  "begin" : 42,  "end" : 44 }, 
        {"sofa" : 12,  "begin" : 45,  "end" : 48 }, 
        {"sofa" : 12,  "begin" : 49,  "end" : 57 }, 
        {"sofa" : 12,  "begin" : 58,  "end" : 61 }, 
        {"sofa" : 12,  "begin" : 62,  "end" : 70 }, 
        {"sofa" : 12,  "begin" : 71,  "end" : 77 }, 
        {"sofa" : 12,  "begin" : 78,  "end" : 81 }, 
        {"sofa" : 12,  "begin" : 82,  "end" : 84 }, 
        {"sofa" : 12,  "begin" : 85,  "end" : 90 }, 
        {"sofa" : 12,  "begin" : 91,  "end" : 98 }, 
        {"sofa" : 12,  "begin" : 100,  "end" : 106 }, 
        {"sofa" : 12,  "begin" : 107,  "end" : 111 }, 
        {"sofa" : 12,  "begin" : 112,  "end" : 113 }, 
        {"sofa" : 12,  "begin" : 114,  "end" : 116 }, 
        {"sofa" : 12,  "begin" : 117,  "end" : 118 }, 
        {"sofa" : 12,  "begin" : 119,  "end" : 121 }, 
        {"sofa" : 12,  "begin" : 122,  "end" : 130 }, 
        {"sofa" : 12,  "begin" : 131,  "end" : 134 }, 
        {"sofa" : 12,  "begin" : 135,  "end" : 143 }, 
        {"sofa" : 12,  "begin" : 144,  "end" : 150 }, 
        {"sofa" : 12,  "begin" : 151,  "end" : 154 }, 
        {"sofa" : 12,  "begin" : 155,  "end" : 157 }, 
        {"sofa" : 12,  "begin" : 158,  "end" : 163 }, 
        {"sofa" : 12,  "begin" : 164,  "end" : 171 }, 
        {"sofa" : 12,  "begin" : 172,  "end" : 173 }, 
        {"sofa" : 12,  "begin" : 175,  "end" : 178 }, 
        {"sofa" : 12,  "begin" : 179,  "end" : 185 }, 
        {"sofa" : 12,  "begin" : 186,  "end" : 188 }, 
        {"sofa" : 12,  "begin" : 189,  "end" : 197 }, 
        {"sofa" : 12,  "begin" : 198,  "end" : 210 }, 
        {"sofa" : 12,  "begin" : 211,  "end" : 219 }, 
        {"sofa" : 12,  "begin" : 220,  "end" : 229 }, 
        {"sofa" : 12,  "begin" : 230,  "end" : 231 }, 
        {"sofa" : 12,  "begin" : 232,  "end" : 234 }, 
        {"sofa" : 12,  "begin" : 235,  "end" : 236 }, 
        {"sofa" : 12,  "begin" : 237,  "end" : 244 }, 
        {"sofa" : 12,  "begin" : 245,  "end" : 251 }, 
        {"sofa" : 12,  "begin" : 252,  "end" : 253 } ], 
      "Eventclauses" : [
        {"sofa" : 12,  "end" : 39,  "EventPolarity" : "EVE positive",  "Prominence" : "Background" }, 
        {"sofa" : 12,  "begin" : 42,  "end" : 98,  "EventPolarity" : "EVE neutral",  "Prominence" : "Main" }, 
        {"sofa" : 12,  "begin" : 100,  "end" : 171,  "EventPolarity" : "EVE neutral",  "Prominence" : "Main" } ] } }, 
  "_referenced_fss" : {
    "12" : {"_type" : "Sofa",  "sofaNum" : 1,  "sofaID" : "_InitialView",  "mimeType" : "text",  "sofaString" : "Bashir Abdi blijft in de prijzen vallen : nu ook verkozen tot Europees atleet van de maand oktober\n Bashir Abdi ( 32 ) is verkozen tot Europees atleet van de maand oktober .\n Dat maakte de Europese atletiekbond European Athletics ( EA ) maandag bekend .\n " } } }