{"_context" : {
    "_types" : {
      "DocumentMetaData" : {
        "_feature_types" : {"sofa" : "_ref" } }, 
      "Eventclauses" : {
        "_feature_types" : {"sofa" : "_ref",  "Arguments" : "_ref",  "Polarity" : "_ref",  "PolarityTrigger" : "_ref",  "Sameclause" : "_ref" } }, 
      "Sentence" : {
        "_feature_types" : {"sofa" : "_ref" } }, 
      "Sofa" : {
        "_feature_types" : {"sofaArray" : "_ref" } }, 
      "TagsetDescription" : {
        "_feature_types" : {"sofa" : "_ref",  "tags" : "_ref" } }, 
      "Token" : {
        "_feature_types" : {"sofa" : "_ref",  "parent" : "_ref",  "lemma" : "_ref",  "stem" : "_ref",  "pos" : "_ref",  "morph" : "_ref",  "form" : "_ref" } }, 
      "DocumentAnnotation" : {
        "_feature_types" : {"sofa" : "_ref" }, 
        "_subtypes" : ["DocumentMetaData" ] }, 
      "Annotation" : {
        "_feature_types" : {"sofa" : "_ref" }, 
        "_subtypes" : ["DocumentAnnotation",  "Eventclauses",  "Sentence",  "TagsetDescription",  "Token" ] }, 
      "AnnotationBase" : {
        "_feature_types" : {"sofa" : "_ref" }, 
        "_subtypes" : ["Annotation" ] }, 
      "TOP" : {
        "_subtypes" : ["AnnotationBase",  "Sofa" ] } } }, 
  "_views" : {
    "_InitialView" : {
      "DocumentMetaData" : [
        {"sofa" : 12,  "end" : 386,  "language" : "x-unspecified",  "documentTitle" : "dmf20211114_97796913.txt",  "documentId" : "WoutBoven",  "documentUri" : "file:/export/repository/project/114/document/44346/source/WoutBoven",  "collectionId" : "file:/export/repository/project/114/document/44346/source/",  "documentBaseUri" : "file:/export/repository/project/114/document/44346/source/",  "isLastSegment" : false } ], 
      "TagsetDescription" : [
        {"sofa" : 12,  "layer" : "de.tudarmstadt.ukp.dkpro.core.api.syntax.type.dependency.Dependency",  "name" : "UD Universal Dependencies",  "input" : false }, 
        {"sofa" : 12,  "layer" : "webanno.custom.Entities",  "name" : "Entity - mention level types",  "input" : false }, 
        {"sofa" : 12,  "layer" : "webanno.custom.Eventclauses",  "name" : "Event - tense",  "input" : false }, 
        {"sofa" : 12,  "layer" : "webanno.custom.Eventsarguments",  "name" : "eventdna_argument_entities_(auto)",  "input" : false }, 
        {"sofa" : 12,  "layer" : "webanno.custom.Namedentities",  "name" : "NE types",  "input" : false }, 
        {"sofa" : 12,  "layer" : "webanno.custom.EntitiesLETSpreanno",  "name" : "Named entity - types",  "input" : false }, 
        {"sofa" : 12,  "layer" : "de.tudarmstadt.ukp.dkpro.core.api.transform.type.SofaChangeAnnotation",  "name" : "Operation",  "input" : false }, 
        {"sofa" : 12,  "layer" : "de.tudarmstadt.ukp.dkpro.core.api.lexmorph.type.pos.POS",  "name" : "UD Universal POS tags",  "input" : false }, 
        {"sofa" : 12,  "layer" : "webanno.custom.Polaritytriggers",  "name" : "Polarity",  "input" : false }, 
        {"sofa" : 12,  "layer" : "de.tudarmstadt.ukp.dkpro.core.api.segmentation.type.SurfaceForm",  "name" : "Named Entity tags",  "input" : false } ], 
      "Sentence" : [
        {"sofa" : 12,  "end" : 112 }, 
        {"sofa" : 12,  "begin" : 114,  "end" : 289 }, 
        {"sofa" : 12,  "begin" : 291,  "end" : 384 } ], 
      "Token" : [
        {"sofa" : 12,  "end" : 10 }, 
        {"sofa" : 12,  "begin" : 11,  "end" : 19 }, 
        {"sofa" : 12,  "begin" : 20,  "end" : 24 }, 
        {"sofa" : 12,  "begin" : 25,  "end" : 31 }, 
        {"sofa" : 12,  "begin" : 32,  "end" : 34 }, 
        {"sofa" : 12,  "begin" : 35,  "end" : 47 }, 
        {"sofa" : 12,  "begin" : 48,  "end" : 52 }, 
        {"sofa" : 12,  "begin" : 53,  "end" : 56 }, 
        {"sofa" : 12,  "begin" : 57,  "end" : 59 }, 
        {"sofa" : 12,  "begin" : 60,  "end" : 61 }, 
        {"sofa" : 12,  "begin" : 62,  "end" : 70 }, 
        {"sofa" : 12,  "begin" : 71,  "end" : 75 }, 
        {"sofa" : 12,  "begin" : 76,  "end" : 80 }, 
        {"sofa" : 12,  "begin" : 81,  "end" : 90 }, 
        {"sofa" : 12,  "begin" : 91,  "end" : 93 }, 
        {"sofa" : 12,  "begin" : 94,  "end" : 98 }, 
        {"sofa" : 12,  "begin" : 99,  "end" : 103 }, 
        {"sofa" : 12,  "begin" : 104,  "end" : 112 }, 
        {"sofa" : 12,  "begin" : 114,  "end" : 117 }, 
        {"sofa" : 12,  "begin" : 118,  "end" : 121 }, 
        {"sofa" : 12,  "begin" : 122,  "end" : 132 }, 
        {"sofa" : 12,  "begin" : 133,  "end" : 136 }, 
        {"sofa" : 12,  "begin" : 137,  "end" : 139 }, 
        {"sofa" : 12,  "begin" : 140,  "end" : 156 }, 
        {"sofa" : 12,  "begin" : 157,  "end" : 159 }, 
        {"sofa" : 12,  "begin" : 160,  "end" : 165 }, 
        {"sofa" : 12,  "begin" : 166,  "end" : 167 }, 
        {"sofa" : 12,  "begin" : 167,  "end" : 168 }, 
        {"sofa" : 12,  "begin" : 169,  "end" : 177 }, 
        {"sofa" : 12,  "begin" : 178,  "end" : 181 }, 
        {"sofa" : 12,  "begin" : 182,  "end" : 184 }, 
        {"sofa" : 12,  "begin" : 185,  "end" : 190 }, 
        {"sofa" : 12,  "begin" : 191,  "end" : 195 }, 
        {"sofa" : 12,  "begin" : 196,  "end" : 205 }, 
        {"sofa" : 12,  "begin" : 206,  "end" : 209 }, 
        {"sofa" : 12,  "begin" : 210,  "end" : 213 }, 
        {"sofa" : 12,  "begin" : 214,  "end" : 224 }, 
        {"sofa" : 12,  "begin" : 225,  "end" : 230 }, 
        {"sofa" : 12,  "begin" : 231,  "end" : 237 }, 
        {"sofa" : 12,  "begin" : 238,  "end" : 239 }, 
        {"sofa" : 12,  "begin" : 240,  "end" : 244 }, 
        {"sofa" : 12,  "begin" : 245,  "end" : 250 }, 
        {"sofa" : 12,  "begin" : 251,  "end" : 253 }, 
        {"sofa" : 12,  "begin" : 254,  "end" : 256 }, 
        {"sofa" : 12,  "begin" : 257,  "end" : 269 }, 
        {"sofa" : 12,  "begin" : 270,  "end" : 273 }, 
        {"sofa" : 12,  "begin" : 274,  "end" : 282 }, 
        {"sofa" : 12,  "begin" : 283,  "end" : 287 }, 
        {"sofa" : 12,  "begin" : 288,  "end" : 289 }, 
        {"sofa" : 12,  "begin" : 291,  "end" : 301 }, 
        {"sofa" : 12,  "begin" : 302,  "end" : 303 }, 
        {"sofa" : 12,  "begin" : 303,  "end" : 312 }, 
        {"sofa" : 12,  "begin" : 312,  "end" : 313 }, 
        {"sofa" : 12,  "begin" : 314,  "end" : 322 }, 
        {"sofa" : 12,  "begin" : 323,  "end" : 324 }, 
        {"sofa" : 12,  "begin" : 325,  "end" : 338 }, 
        {"sofa" : 12,  "begin" : 339,  "end" : 340 }, 
        {"sofa" : 12,  "begin" : 341,  "end" : 346 }, 
        {"sofa" : 12,  "begin" : 347,  "end" : 349 }, 
        {"sofa" : 12,  "begin" : 350,  "end" : 358 }, 
        {"sofa" : 12,  "begin" : 359,  "end" : 363 }, 
        {"sofa" : 12,  "begin" : 364,  "end" : 367 }, 
        {"sofa" : 12,  "begin" : 368,  "end" : 376 }, 
        {"sofa" : 12,  "begin" : 377,  "end" : 378 }, 
        {"sofa" : 12,  "begin" : 379,  "end" : 380 }, 
        {"sofa" : 12,  "begin" : 380,  "end" : 381 }, 
        {"sofa" : 12,  "begin" : 381,  "end" : 382 }, 
        {"sofa" : 12,  "begin" : 383,  "end" : 384 } ], 
      "Eventclauses" : [
        {"sofa" : 12,  "end" : 59,  "EventPolarity" : "EVE positive",  "Prominence" : "Main" }, 
        {"sofa" : 12,  "begin" : 62,  "end" : 112,  "EventPolarity" : "EVE negative",  "Prominence" : "Background" }, 
        {"sofa" : 12,  "begin" : 114,  "end" : 156,  "EventPolarity" : "EVE positive",  "Prominence" : "Background" }, 
        {"sofa" : 12,  "begin" : 169,  "end" : 237,  "EventPolarity" : "EVE positive",  "Prominence" : "Background" }, 
        {"sofa" : 12,  "begin" : 245,  "end" : 287,  "EventPolarity" : "EVE negative",  "Prominence" : "Background" }, 
        {"sofa" : 12,  "begin" : 291,  "end" : 382,  "EventPolarity" : "EVE positive",  "Prominence" : "Main" } ] } }, 
  "_referenced_fss" : {
    "12" : {"_type" : "Sofa",  "sofaNum" : 1,  "sofaID" : "_InitialView",  "mimeType" : "text",  "sofaString" : "Aleksandar Mitrovic kopt Servië in blessuretijd naar het WK , Portugal laat zich verrassen en moet naar barrages\n Wat een ontknoping van de WK - kwalificaties in groep A . Portugal had in eigen huis voldoende aan een gelijkspel tegen Servië , maar kreeg in de blessuretijd een serieuze klap .\n Aleksander ' Mitrogoal ' Mitrovic ( ex - Anderlecht ) kopte de Serviërs naar het delirium : 1 - 2 .\n " } } }
