{"_context" : {
    "_types" : {
      "DocumentMetaData" : {
        "_feature_types" : {"sofa" : "_ref" } }, 
      "Eventclauses" : {
        "_feature_types" : {"sofa" : "_ref",  "Arguments" : "_ref",  "Polarity" : "_ref",  "PolarityTrigger" : "_ref",  "Sameclause" : "_ref" } }, 
      "Sentence" : {
        "_feature_types" : {"sofa" : "_ref" } }, 
      "Sofa" : {
        "_feature_types" : {"sofaArray" : "_ref" } }, 
      "TagsetDescription" : {
        "_feature_types" : {"sofa" : "_ref",  "tags" : "_ref" } }, 
      "Token" : {
        "_feature_types" : {"sofa" : "_ref",  "parent" : "_ref",  "lemma" : "_ref",  "stem" : "_ref",  "pos" : "_ref",  "morph" : "_ref",  "form" : "_ref" } }, 
      "DocumentAnnotation" : {
        "_feature_types" : {"sofa" : "_ref" }, 
        "_subtypes" : ["DocumentMetaData" ] }, 
      "Annotation" : {
        "_feature_types" : {"sofa" : "_ref" }, 
        "_subtypes" : ["DocumentAnnotation",  "Eventclauses",  "Sentence",  "TagsetDescription",  "Token" ] }, 
      "AnnotationBase" : {
        "_feature_types" : {"sofa" : "_ref" }, 
        "_subtypes" : ["Annotation" ] }, 
      "TOP" : {
        "_subtypes" : ["AnnotationBase",  "Sofa" ] } } }, 
  "_views" : {
    "_InitialView" : {
      "DocumentMetaData" : [
        {"sofa" : 12,  "end" : 297,  "language" : "x-unspecified",  "documentTitle" : "dmf20211117_97786926.txt",  "documentId" : "WoutBoven",  "documentUri" : "file:/export/repository/project/114/document/44323/source/WoutBoven",  "collectionId" : "file:/export/repository/project/114/document/44323/source/",  "documentBaseUri" : "file:/export/repository/project/114/document/44323/source/",  "isLastSegment" : false } ], 
      "TagsetDescription" : [
        {"sofa" : 12,  "layer" : "de.tudarmstadt.ukp.dkpro.core.api.syntax.type.dependency.Dependency",  "name" : "UD Universal Dependencies",  "input" : false }, 
        {"sofa" : 12,  "layer" : "webanno.custom.Entities",  "name" : "Entity - mention level types",  "input" : false }, 
        {"sofa" : 12,  "layer" : "webanno.custom.Eventclauses",  "name" : "Event - tense",  "input" : false }, 
        {"sofa" : 12,  "layer" : "webanno.custom.Eventsarguments",  "name" : "eventdna_argument_entities_(auto)",  "input" : false }, 
        {"sofa" : 12,  "layer" : "webanno.custom.Namedentities",  "name" : "NE types",  "input" : false }, 
        {"sofa" : 12,  "layer" : "webanno.custom.EntitiesLETSpreanno",  "name" : "Named entity - types",  "input" : false }, 
        {"sofa" : 12,  "layer" : "de.tudarmstadt.ukp.dkpro.core.api.transform.type.SofaChangeAnnotation",  "name" : "Operation",  "input" : false }, 
        {"sofa" : 12,  "layer" : "de.tudarmstadt.ukp.dkpro.core.api.lexmorph.type.pos.POS",  "name" : "UD Universal POS tags",  "input" : false }, 
        {"sofa" : 12,  "layer" : "webanno.custom.Polaritytriggers",  "name" : "Polarity",  "input" : false }, 
        {"sofa" : 12,  "layer" : "de.tudarmstadt.ukp.dkpro.core.api.segmentation.type.SurfaceForm",  "name" : "Named Entity tags",  "input" : false } ], 
      "Sentence" : [
        {"sofa" : 12,  "end" : 72 }, 
        {"sofa" : 12,  "begin" : 74,  "end" : 190 }, 
        {"sofa" : 12,  "begin" : 192,  "end" : 254 }, 
        {"sofa" : 12,  "begin" : 256,  "end" : 295 } ], 
      "Token" : [
        {"sofa" : 12,  "end" : 2 }, 
        {"sofa" : 12,  "begin" : 3,  "end" : 5 }, 
        {"sofa" : 12,  "begin" : 6,  "end" : 11 }, 
        {"sofa" : 12,  "begin" : 12,  "end" : 16 }, 
        {"sofa" : 12,  "begin" : 17,  "end" : 21 }, 
        {"sofa" : 12,  "begin" : 22,  "end" : 30 }, 
        {"sofa" : 12,  "begin" : 31,  "end" : 32 }, 
        {"sofa" : 12,  "begin" : 33,  "end" : 40 }, 
        {"sofa" : 12,  "begin" : 41,  "end" : 45 }, 
        {"sofa" : 12,  "begin" : 45,  "end" : 46 }, 
        {"sofa" : 12,  "begin" : 46,  "end" : 50 }, 
        {"sofa" : 12,  "begin" : 51,  "end" : 56 }, 
        {"sofa" : 12,  "begin" : 57,  "end" : 63 }, 
        {"sofa" : 12,  "begin" : 64,  "end" : 67 }, 
        {"sofa" : 12,  "begin" : 68,  "end" : 72 }, 
        {"sofa" : 12,  "begin" : 74,  "end" : 77 }, 
        {"sofa" : 12,  "begin" : 78,  "end" : 82 }, 
        {"sofa" : 12,  "begin" : 83,  "end" : 87 }, 
        {"sofa" : 12,  "begin" : 88,  "end" : 90 }, 
        {"sofa" : 12,  "begin" : 91,  "end" : 96 }, 
        {"sofa" : 12,  "begin" : 97,  "end" : 100 }, 
        {"sofa" : 12,  "begin" : 101,  "end" : 104 }, 
        {"sofa" : 12,  "begin" : 105,  "end" : 107 }, 
        {"sofa" : 12,  "begin" : 108,  "end" : 110 }, 
        {"sofa" : 12,  "begin" : 111,  "end" : 116 }, 
        {"sofa" : 12,  "begin" : 117,  "end" : 122 }, 
        {"sofa" : 12,  "begin" : 123,  "end" : 132 }, 
        {"sofa" : 12,  "begin" : 133,  "end" : 136 }, 
        {"sofa" : 12,  "begin" : 137,  "end" : 139 }, 
        {"sofa" : 12,  "begin" : 140,  "end" : 148 }, 
        {"sofa" : 12,  "begin" : 149,  "end" : 153 }, 
        {"sofa" : 12,  "begin" : 154,  "end" : 156 }, 
        {"sofa" : 12,  "begin" : 157,  "end" : 166 }, 
        {"sofa" : 12,  "begin" : 167,  "end" : 177 }, 
        {"sofa" : 12,  "begin" : 178,  "end" : 183 }, 
        {"sofa" : 12,  "begin" : 184,  "end" : 188 }, 
        {"sofa" : 12,  "begin" : 189,  "end" : 190 }, 
        {"sofa" : 12,  "begin" : 192,  "end" : 195 }, 
        {"sofa" : 12,  "begin" : 196,  "end" : 204 }, 
        {"sofa" : 12,  "begin" : 205,  "end" : 219 }, 
        {"sofa" : 12,  "begin" : 220,  "end" : 225 }, 
        {"sofa" : 12,  "begin" : 226,  "end" : 229 }, 
        {"sofa" : 12,  "begin" : 230,  "end" : 234 }, 
        {"sofa" : 12,  "begin" : 235,  "end" : 239 }, 
        {"sofa" : 12,  "begin" : 240,  "end" : 245 }, 
        {"sofa" : 12,  "begin" : 246,  "end" : 252 }, 
        {"sofa" : 12,  "begin" : 253,  "end" : 254 }, 
        {"sofa" : 12,  "begin" : 256,  "end" : 258 }, 
        {"sofa" : 12,  "begin" : 259,  "end" : 262 }, 
        {"sofa" : 12,  "begin" : 263,  "end" : 266 }, 
        {"sofa" : 12,  "begin" : 267,  "end" : 277 }, 
        {"sofa" : 12,  "begin" : 278,  "end" : 280 }, 
        {"sofa" : 12,  "begin" : 281,  "end" : 286 }, 
        {"sofa" : 12,  "begin" : 287,  "end" : 293 }, 
        {"sofa" : 12,  "begin" : 294,  "end" : 295 } ], 
      "Eventclauses" : [
        {"sofa" : 12,  "begin" : 33,  "end" : 72,  "EventPolarity" : "EVE negative",  "Prominence" : "Main" }, 
        {"sofa" : 12,  "begin" : 74,  "end" : 132,  "EventPolarity" : "EVE neutral",  "Prominence" : "Background" }, 
        {"sofa" : 12,  "begin" : 137,  "end" : 188,  "EventPolarity" : "EVE negative",  "Prominence" : "Main" }, 
        {"sofa" : 12,  "begin" : 192,  "end" : 252,  "EventPolarity" : "EVE negative",  "Prominence" : "Main" } ] } }, 
  "_referenced_fss" : {
    "12" : {"_type" : "Sofa",  "sofaNum" : 1,  "sofaID" : "_InitialView",  "mimeType" : "text",  "sofaString" : "WK in Qatar ramp voor kalender : seizoen 2022 - 2023 duurt langer dan ooit\n Eén jaar voor de start van het WK in Qatar wordt duidelijk dat de gevolgen voor de Belgische competitie groot zijn .\n Het volgende voetbalseizoen duurt nog eens twee weken langer .\n En van een winterstop is amper sprake .\n " } } }
