{"_context" : {
    "_types" : {
      "DocumentMetaData" : {
        "_feature_types" : {"sofa" : "_ref" } }, 
      "Eventclauses" : {
        "_feature_types" : {"sofa" : "_ref",  "Arguments" : "_ref",  "Polarity" : "_ref",  "PolarityTrigger" : "_ref",  "Sameclause" : "_ref" } }, 
      "Sentence" : {
        "_feature_types" : {"sofa" : "_ref" } }, 
      "Sofa" : {
        "_feature_types" : {"sofaArray" : "_ref" } }, 
      "TagsetDescription" : {
        "_feature_types" : {"sofa" : "_ref",  "tags" : "_ref" } }, 
      "Token" : {
        "_feature_types" : {"sofa" : "_ref",  "parent" : "_ref",  "lemma" : "_ref",  "stem" : "_ref",  "pos" : "_ref",  "morph" : "_ref",  "form" : "_ref" } }, 
      "DocumentAnnotation" : {
        "_feature_types" : {"sofa" : "_ref" }, 
        "_subtypes" : ["DocumentMetaData" ] }, 
      "Annotation" : {
        "_feature_types" : {"sofa" : "_ref" }, 
        "_subtypes" : ["DocumentAnnotation",  "Eventclauses",  "Sentence",  "TagsetDescription",  "Token" ] }, 
      "AnnotationBase" : {
        "_feature_types" : {"sofa" : "_ref" }, 
        "_subtypes" : ["Annotation" ] }, 
      "TOP" : {
        "_subtypes" : ["AnnotationBase",  "Sofa" ] } } }, 
  "_views" : {
    "_InitialView" : {
      "DocumentMetaData" : [
        {"sofa" : 12,  "end" : 445,  "language" : "x-unspecified",  "documentTitle" : "dmf20211126_93830630.txt",  "documentId" : "WoutBoven",  "documentUri" : "file:/export/repository/project/114/document/44258/source/WoutBoven",  "collectionId" : "file:/export/repository/project/114/document/44258/source/",  "documentBaseUri" : "file:/export/repository/project/114/document/44258/source/",  "isLastSegment" : false } ], 
      "TagsetDescription" : [
        {"sofa" : 12,  "layer" : "de.tudarmstadt.ukp.dkpro.core.api.syntax.type.dependency.Dependency",  "name" : "UD Universal Dependencies",  "input" : false }, 
        {"sofa" : 12,  "layer" : "webanno.custom.Entities",  "name" : "Entity - mention level types",  "input" : false }, 
        {"sofa" : 12,  "layer" : "webanno.custom.Eventclauses",  "name" : "Event - tense",  "input" : false }, 
        {"sofa" : 12,  "layer" : "webanno.custom.Eventsarguments",  "name" : "eventdna_argument_entities_(auto)",  "input" : false }, 
        {"sofa" : 12,  "layer" : "webanno.custom.Namedentities",  "name" : "NE types",  "input" : false }, 
        {"sofa" : 12,  "layer" : "webanno.custom.EntitiesLETSpreanno",  "name" : "Named entity - types",  "input" : false }, 
        {"sofa" : 12,  "layer" : "de.tudarmstadt.ukp.dkpro.core.api.transform.type.SofaChangeAnnotation",  "name" : "Operation",  "input" : false }, 
        {"sofa" : 12,  "layer" : "de.tudarmstadt.ukp.dkpro.core.api.lexmorph.type.pos.POS",  "name" : "UD Universal POS tags",  "input" : false }, 
        {"sofa" : 12,  "layer" : "webanno.custom.Polaritytriggers",  "name" : "Polarity",  "input" : false }, 
        {"sofa" : 12,  "layer" : "de.tudarmstadt.ukp.dkpro.core.api.segmentation.type.SurfaceForm",  "name" : "Named Entity tags",  "input" : false } ], 
      "Sentence" : [
        {"sofa" : 12,  "end" : 108 }, 
        {"sofa" : 12,  "begin" : 110,  "end" : 201 }, 
        {"sofa" : 12,  "begin" : 203,  "end" : 277 }, 
        {"sofa" : 12,  "begin" : 279,  "end" : 317 }, 
        {"sofa" : 12,  "begin" : 319,  "end" : 385 }, 
        {"sofa" : 12,  "begin" : 387,  "end" : 443 } ], 
      "Token" : [
        {"sofa" : 12,  "end" : 2 }, 
        {"sofa" : 12,  "begin" : 3,  "end" : 5 }, 
        {"sofa" : 12,  "begin" : 6,  "end" : 10 }, 
        {"sofa" : 12,  "begin" : 11,  "end" : 18 }, 
        {"sofa" : 12,  "begin" : 19,  "end" : 20 }, 
        {"sofa" : 12,  "begin" : 21,  "end" : 25 }, 
        {"sofa" : 12,  "begin" : 26,  "end" : 32 }, 
        {"sofa" : 12,  "begin" : 33,  "end" : 38 }, 
        {"sofa" : 12,  "begin" : 39,  "end" : 43 }, 
        {"sofa" : 12,  "begin" : 44,  "end" : 46 }, 
        {"sofa" : 12,  "begin" : 47,  "end" : 48 }, 
        {"sofa" : 12,  "begin" : 49,  "end" : 52 }, 
        {"sofa" : 12,  "begin" : 53,  "end" : 58 }, 
        {"sofa" : 12,  "begin" : 59,  "end" : 62 }, 
        {"sofa" : 12,  "begin" : 63,  "end" : 65 }, 
        {"sofa" : 12,  "begin" : 66,  "end" : 69 }, 
        {"sofa" : 12,  "begin" : 70,  "end" : 74 }, 
        {"sofa" : 12,  "begin" : 75,  "end" : 76 }, 
        {"sofa" : 12,  "begin" : 77,  "end" : 81 }, 
        {"sofa" : 12,  "begin" : 82,  "end" : 88 }, 
        {"sofa" : 12,  "begin" : 89,  "end" : 95 }, 
        {"sofa" : 12,  "begin" : 96,  "end" : 100 }, 
        {"sofa" : 12,  "begin" : 101,  "end" : 108 }, 
        {"sofa" : 12,  "begin" : 110,  "end" : 112 }, 
        {"sofa" : 12,  "begin" : 113,  "end" : 126 }, 
        {"sofa" : 12,  "begin" : 127,  "end" : 129 }, 
        {"sofa" : 12,  "begin" : 130,  "end" : 138 }, 
        {"sofa" : 12,  "begin" : 139,  "end" : 143 }, 
        {"sofa" : 12,  "begin" : 144,  "end" : 148 }, 
        {"sofa" : 12,  "begin" : 149,  "end" : 151 }, 
        {"sofa" : 12,  "begin" : 152,  "end" : 160 }, 
        {"sofa" : 12,  "begin" : 161,  "end" : 167 }, 
        {"sofa" : 12,  "begin" : 168,  "end" : 176 }, 
        {"sofa" : 12,  "begin" : 177,  "end" : 181 }, 
        {"sofa" : 12,  "begin" : 182,  "end" : 185 }, 
        {"sofa" : 12,  "begin" : 186,  "end" : 192 }, 
        {"sofa" : 12,  "begin" : 193,  "end" : 199 }, 
        {"sofa" : 12,  "begin" : 200,  "end" : 201 }, 
        {"sofa" : 12,  "begin" : 203,  "end" : 206 }, 
        {"sofa" : 12,  "begin" : 207,  "end" : 222 }, 
        {"sofa" : 12,  "begin" : 223,  "end" : 233 }, 
        {"sofa" : 12,  "begin" : 234,  "end" : 237 }, 
        {"sofa" : 12,  "begin" : 238,  "end" : 240 }, 
        {"sofa" : 12,  "begin" : 241,  "end" : 243 }, 
        {"sofa" : 12,  "begin" : 244,  "end" : 246 }, 
        {"sofa" : 12,  "begin" : 247,  "end" : 256 }, 
        {"sofa" : 12,  "begin" : 257,  "end" : 268 }, 
        {"sofa" : 12,  "begin" : 269,  "end" : 275 }, 
        {"sofa" : 12,  "begin" : 276,  "end" : 277 }, 
        {"sofa" : 12,  "begin" : 279,  "end" : 283 }, 
        {"sofa" : 12,  "begin" : 284,  "end" : 287 }, 
        {"sofa" : 12,  "begin" : 288,  "end" : 292 }, 
        {"sofa" : 12,  "begin" : 293,  "end" : 299 }, 
        {"sofa" : 12,  "begin" : 300,  "end" : 302 }, 
        {"sofa" : 12,  "begin" : 303,  "end" : 308 }, 
        {"sofa" : 12,  "begin" : 309,  "end" : 311 }, 
        {"sofa" : 12,  "begin" : 312,  "end" : 315 }, 
        {"sofa" : 12,  "begin" : 316,  "end" : 317 }, 
        {"sofa" : 12,  "begin" : 319,  "end" : 323 }, 
        {"sofa" : 12,  "begin" : 324,  "end" : 337 }, 
        {"sofa" : 12,  "begin" : 338,  "end" : 345 }, 
        {"sofa" : 12,  "begin" : 346,  "end" : 348 }, 
        {"sofa" : 12,  "begin" : 349,  "end" : 352 }, 
        {"sofa" : 12,  "begin" : 353,  "end" : 359 }, 
        {"sofa" : 12,  "begin" : 360,  "end" : 362 }, 
        {"sofa" : 12,  "begin" : 363,  "end" : 367 }, 
        {"sofa" : 12,  "begin" : 368,  "end" : 372 }, 
        {"sofa" : 12,  "begin" : 373,  "end" : 383 }, 
        {"sofa" : 12,  "begin" : 384,  "end" : 385 }, 
        {"sofa" : 12,  "begin" : 387,  "end" : 391 }, 
        {"sofa" : 12,  "begin" : 392,  "end" : 394 }, 
        {"sofa" : 12,  "begin" : 395,  "end" : 400 }, 
        {"sofa" : 12,  "begin" : 401,  "end" : 402 }, 
        {"sofa" : 12,  "begin" : 403,  "end" : 406 }, 
        {"sofa" : 12,  "begin" : 407,  "end" : 409 }, 
        {"sofa" : 12,  "begin" : 410,  "end" : 415 }, 
        {"sofa" : 12,  "begin" : 416,  "end" : 419 }, 
        {"sofa" : 12,  "begin" : 420,  "end" : 422 }, 
        {"sofa" : 12,  "begin" : 423,  "end" : 426 }, 
        {"sofa" : 12,  "begin" : 427,  "end" : 431 }, 
        {"sofa" : 12,  "begin" : 432,  "end" : 434 }, 
        {"sofa" : 12,  "begin" : 435,  "end" : 442 }, 
        {"sofa" : 12,  "begin" : 442,  "end" : 443 } ], 
      "Eventclauses" : [
        {"sofa" : 12,  "begin" : 26,  "end" : 46,  "EventPolarity" : "EVE positive",  "Prominence" : "Main" }, 
        {"sofa" : 12,  "begin" : 110,  "end" : 199,  "EventPolarity" : "EVE negative",  "Prominence" : "Main" }, 
        {"sofa" : 12,  "begin" : 203,  "end" : 275,  "EventPolarity" : "EVE negative",  "Prominence" : "Background" }, 
        {"sofa" : 12,  "begin" : 319,  "end" : 383,  "EventPolarity" : "EVE negative",  "Prominence" : "Main" }, 
        {"sofa" : 12,  "begin" : 407,  "end" : 442,  "EventPolarity" : "EVE neutral",  "Prominence" : "Main" } ] } }, 
  "_referenced_fss" : {
    "12" : {"_type" : "Sofa",  "sofaNum" : 1,  "sofaID" : "_InitialView",  "mimeType" : "text",  "sofaString" : "Al 14 jaar vermist , maar moeder geeft niet op : Als Chloë was ze een hoer , maar Sigrid blijft mijn dochter\n Op Valentijnsdag 14 februari 2008 werd de Truiense Sigrid Dormaels voor het laatst gezien .\n Als drugsverslaafde prostituee was ze in de Limburgse onderwereld beland .\n Werd dat haar fataal of leeft ze nog ?\n Haar moederMartine Gelders is nog altijd op zoek naar antwoorden .\n Voor ik sterf , wil ik weten wat er met haar is gebeurd.\n " } } }