{"_context" : {
    "_types" : {
      "DocumentMetaData" : {
        "_feature_types" : {"sofa" : "_ref" } }, 
      "Eventclauses" : {
        "_feature_types" : {"sofa" : "_ref",  "Arguments" : "_ref",  "Polarity" : "_ref",  "PolarityTrigger" : "_ref",  "Sameclause" : "_ref" } }, 
      "Sentence" : {
        "_feature_types" : {"sofa" : "_ref" } }, 
      "Sofa" : {
        "_feature_types" : {"sofaArray" : "_ref" } }, 
      "TagsetDescription" : {
        "_feature_types" : {"sofa" : "_ref",  "tags" : "_ref" } }, 
      "Token" : {
        "_feature_types" : {"sofa" : "_ref",  "parent" : "_ref",  "lemma" : "_ref",  "stem" : "_ref",  "pos" : "_ref",  "morph" : "_ref",  "form" : "_ref" } }, 
      "DocumentAnnotation" : {
        "_feature_types" : {"sofa" : "_ref" }, 
        "_subtypes" : ["DocumentMetaData" ] }, 
      "Annotation" : {
        "_feature_types" : {"sofa" : "_ref" }, 
        "_subtypes" : ["DocumentAnnotation",  "Eventclauses",  "Sentence",  "TagsetDescription",  "Token" ] }, 
      "AnnotationBase" : {
        "_feature_types" : {"sofa" : "_ref" }, 
        "_subtypes" : ["Annotation" ] }, 
      "TOP" : {
        "_subtypes" : ["AnnotationBase",  "Sofa" ] } } }, 
  "_views" : {
    "_InitialView" : {
      "DocumentMetaData" : [
        {"sofa" : 12,  "end" : 310,  "language" : "x-unspecified",  "documentTitle" : "dmf20211109_93683155.txt",  "documentId" : "WoutBoven",  "documentUri" : "file:/export/repository/project/114/document/44378/source/WoutBoven",  "collectionId" : "file:/export/repository/project/114/document/44378/source/",  "documentBaseUri" : "file:/export/repository/project/114/document/44378/source/",  "isLastSegment" : false } ], 
      "TagsetDescription" : [
        {"sofa" : 12,  "layer" : "de.tudarmstadt.ukp.dkpro.core.api.syntax.type.dependency.Dependency",  "name" : "UD Universal Dependencies",  "input" : false }, 
        {"sofa" : 12,  "layer" : "webanno.custom.Entities",  "name" : "Entity - mention level types",  "input" : false }, 
        {"sofa" : 12,  "layer" : "webanno.custom.Eventclauses",  "name" : "Event - tense",  "input" : false }, 
        {"sofa" : 12,  "layer" : "webanno.custom.Eventsarguments",  "name" : "eventdna_argument_entities_(auto)",  "input" : false }, 
        {"sofa" : 12,  "layer" : "webanno.custom.Namedentities",  "name" : "NE types",  "input" : false }, 
        {"sofa" : 12,  "layer" : "webanno.custom.EntitiesLETSpreanno",  "name" : "Named entity - types",  "input" : false }, 
        {"sofa" : 12,  "layer" : "de.tudarmstadt.ukp.dkpro.core.api.transform.type.SofaChangeAnnotation",  "name" : "Operation",  "input" : false }, 
        {"sofa" : 12,  "layer" : "de.tudarmstadt.ukp.dkpro.core.api.lexmorph.type.pos.POS",  "name" : "UD Universal POS tags",  "input" : false }, 
        {"sofa" : 12,  "layer" : "webanno.custom.Polaritytriggers",  "name" : "Polarity",  "input" : false }, 
        {"sofa" : 12,  "layer" : "de.tudarmstadt.ukp.dkpro.core.api.segmentation.type.SurfaceForm",  "name" : "Named Entity tags",  "input" : false } ], 
      "Sentence" : [
        {"sofa" : 12,  "end" : 58 }, 
        {"sofa" : 12,  "begin" : 60,  "end" : 136 }, 
        {"sofa" : 12,  "begin" : 138,  "end" : 173 }, 
        {"sofa" : 12,  "begin" : 175,  "end" : 207 }, 
        {"sofa" : 12,  "begin" : 209,  "end" : 308 } ], 
      "Token" : [
        {"sofa" : 12,  "end" : 8 }, 
        {"sofa" : 12,  "begin" : 9,  "end" : 14 }, 
        {"sofa" : 12,  "begin" : 15,  "end" : 17 }, 
        {"sofa" : 12,  "begin" : 18,  "end" : 21 }, 
        {"sofa" : 12,  "begin" : 22,  "end" : 27 }, 
        {"sofa" : 12,  "begin" : 28,  "end" : 30 }, 
        {"sofa" : 12,  "begin" : 31,  "end" : 33 }, 
        {"sofa" : 12,  "begin" : 34,  "end" : 39 }, 
        {"sofa" : 12,  "begin" : 40,  "end" : 42 }, 
        {"sofa" : 12,  "begin" : 43,  "end" : 49 }, 
        {"sofa" : 12,  "begin" : 50,  "end" : 58 }, 
        {"sofa" : 12,  "begin" : 60,  "end" : 63 }, 
        {"sofa" : 12,  "begin" : 64,  "end" : 70 }, 
        {"sofa" : 12,  "begin" : 71,  "end" : 79 }, 
        {"sofa" : 12,  "begin" : 80,  "end" : 84 }, 
        {"sofa" : 12,  "begin" : 85,  "end" : 87 }, 
        {"sofa" : 12,  "begin" : 88,  "end" : 91 }, 
        {"sofa" : 12,  "begin" : 92,  "end" : 97 }, 
        {"sofa" : 12,  "begin" : 98,  "end" : 102 }, 
        {"sofa" : 12,  "begin" : 103,  "end" : 105 }, 
        {"sofa" : 12,  "begin" : 106,  "end" : 108 }, 
        {"sofa" : 12,  "begin" : 109,  "end" : 114 }, 
        {"sofa" : 12,  "begin" : 115,  "end" : 119 }, 
        {"sofa" : 12,  "begin" : 120,  "end" : 125 }, 
        {"sofa" : 12,  "begin" : 126,  "end" : 134 }, 
        {"sofa" : 12,  "begin" : 135,  "end" : 136 }, 
        {"sofa" : 12,  "begin" : 138,  "end" : 141 }, 
        {"sofa" : 12,  "begin" : 142,  "end" : 148 }, 
        {"sofa" : 12,  "begin" : 149,  "end" : 151 }, 
        {"sofa" : 12,  "begin" : 152,  "end" : 158 }, 
        {"sofa" : 12,  "begin" : 159,  "end" : 171 }, 
        {"sofa" : 12,  "begin" : 172,  "end" : 173 }, 
        {"sofa" : 12,  "begin" : 175,  "end" : 184 }, 
        {"sofa" : 12,  "begin" : 185,  "end" : 191 }, 
        {"sofa" : 12,  "begin" : 192,  "end" : 196 }, 
        {"sofa" : 12,  "begin" : 197,  "end" : 205 }, 
        {"sofa" : 12,  "begin" : 206,  "end" : 207 }, 
        {"sofa" : 12,  "begin" : 209,  "end" : 212 }, 
        {"sofa" : 12,  "begin" : 213,  "end" : 220 }, 
        {"sofa" : 12,  "begin" : 221,  "end" : 225 }, 
        {"sofa" : 12,  "begin" : 226,  "end" : 229 }, 
        {"sofa" : 12,  "begin" : 230,  "end" : 232 }, 
        {"sofa" : 12,  "begin" : 233,  "end" : 241 }, 
        {"sofa" : 12,  "begin" : 242,  "end" : 247 }, 
        {"sofa" : 12,  "begin" : 248,  "end" : 253 }, 
        {"sofa" : 12,  "begin" : 254,  "end" : 257 }, 
        {"sofa" : 12,  "begin" : 258,  "end" : 262 }, 
        {"sofa" : 12,  "begin" : 263,  "end" : 269 }, 
        {"sofa" : 12,  "begin" : 270,  "end" : 280 }, 
        {"sofa" : 12,  "begin" : 281,  "end" : 284 }, 
        {"sofa" : 12,  "begin" : 285,  "end" : 291 }, 
        {"sofa" : 12,  "begin" : 292,  "end" : 294 }, 
        {"sofa" : 12,  "begin" : 295,  "end" : 297 }, 
        {"sofa" : 12,  "begin" : 298,  "end" : 306 }, 
        {"sofa" : 12,  "begin" : 307,  "end" : 308 } ], 
      "Eventclauses" : [
        {"sofa" : 12,  "end" : 39,  "EventPolarity" : "EVE negative",  "Prominence" : "Main" }, 
        {"sofa" : 12,  "begin" : 43,  "end" : 58,  "EventPolarity" : "EVE negative",  "Prominence" : "Background" }, 
        {"sofa" : 12,  "begin" : 64,  "end" : 79,  "EventPolarity" : "EVE negative",  "Prominence" : "Background" }, 
        {"sofa" : 12,  "begin" : 80,  "end" : 134,  "EventPolarity" : "EVE negative",  "Prominence" : "Main" }, 
        {"sofa" : 12,  "begin" : 175,  "end" : 205,  "EventPolarity" : "EVE negative",  "Prominence" : "Background" }, 
        {"sofa" : 12,  "begin" : 209,  "end" : 306,  "EventPolarity" : "EVE negative",  "Prominence" : "Background" } ] } }, 
  "_referenced_fss" : {
    "12" : {"_type" : "Sofa",  "sofaNum" : 1,  "sofaID" : "_InitialView",  "mimeType" : "text",  "sofaString" : "Vijftien doden in Sri Lanka en in India na hevige regenval\n Bij hevige regenval zijn in Sri Lanka tien en in India vijf doden gevallen .\n Dat melden de lokale autoriteiten .\n Duizenden mensen zijn ontheemd .\n Het extreme weer van de voorbije dagen heeft ook veel schade aangericht aan huizen en de landbouw .\n " } } }