{"_context" : {
    "_types" : {
      "DocumentMetaData" : {
        "_feature_types" : {"sofa" : "_ref" } }, 
      "Eventclauses" : {
        "_feature_types" : {"sofa" : "_ref",  "Arguments" : "_ref",  "Polarity" : "_ref",  "PolarityTrigger" : "_ref",  "Sameclause" : "_ref" } }, 
      "Sentence" : {
        "_feature_types" : {"sofa" : "_ref" } }, 
      "Sofa" : {
        "_feature_types" : {"sofaArray" : "_ref" } }, 
      "TagsetDescription" : {
        "_feature_types" : {"sofa" : "_ref",  "tags" : "_ref" } }, 
      "Token" : {
        "_feature_types" : {"sofa" : "_ref",  "parent" : "_ref",  "lemma" : "_ref",  "stem" : "_ref",  "pos" : "_ref",  "morph" : "_ref",  "form" : "_ref" } }, 
      "DocumentAnnotation" : {
        "_feature_types" : {"sofa" : "_ref" }, 
        "_subtypes" : ["DocumentMetaData" ] }, 
      "Annotation" : {
        "_feature_types" : {"sofa" : "_ref" }, 
        "_subtypes" : ["DocumentAnnotation",  "Eventclauses",  "Sentence",  "TagsetDescription",  "Token" ] }, 
      "AnnotationBase" : {
        "_feature_types" : {"sofa" : "_ref" }, 
        "_subtypes" : ["Annotation" ] }, 
      "TOP" : {
        "_subtypes" : ["AnnotationBase",  "Sofa" ] } } }, 
  "_views" : {
    "_InitialView" : {
      "DocumentMetaData" : [
        {"sofa" : 12,  "end" : 461,  "language" : "x-unspecified",  "documentTitle" : "dmf20211119_95542759.txt",  "documentId" : "WoutBoven",  "documentUri" : "file:/export/repository/project/114/document/44307/source/WoutBoven",  "collectionId" : "file:/export/repository/project/114/document/44307/source/",  "documentBaseUri" : "file:/export/repository/project/114/document/44307/source/",  "isLastSegment" : false } ], 
      "TagsetDescription" : [
        {"sofa" : 12,  "layer" : "de.tudarmstadt.ukp.dkpro.core.api.syntax.type.dependency.Dependency",  "name" : "UD Universal Dependencies",  "input" : false }, 
        {"sofa" : 12,  "layer" : "webanno.custom.Entities",  "name" : "Entity - mention level types",  "input" : false }, 
        {"sofa" : 12,  "layer" : "webanno.custom.Eventclauses",  "name" : "Event - tense",  "input" : false }, 
        {"sofa" : 12,  "layer" : "webanno.custom.Eventsarguments",  "name" : "eventdna_argument_entities_(auto)",  "input" : false }, 
        {"sofa" : 12,  "layer" : "webanno.custom.Namedentities",  "name" : "NE types",  "input" : false }, 
        {"sofa" : 12,  "layer" : "webanno.custom.EntitiesLETSpreanno",  "name" : "Named entity - types",  "input" : false }, 
        {"sofa" : 12,  "layer" : "de.tudarmstadt.ukp.dkpro.core.api.transform.type.SofaChangeAnnotation",  "name" : "Operation",  "input" : false }, 
        {"sofa" : 12,  "layer" : "de.tudarmstadt.ukp.dkpro.core.api.lexmorph.type.pos.POS",  "name" : "UD Universal POS tags",  "input" : false }, 
        {"sofa" : 12,  "layer" : "webanno.custom.Polaritytriggers",  "name" : "Polarity",  "input" : false }, 
        {"sofa" : 12,  "layer" : "de.tudarmstadt.ukp.dkpro.core.api.segmentation.type.SurfaceForm",  "name" : "Named Entity tags",  "input" : false } ], 
      "Sentence" : [
        {"sofa" : 12,  "end" : 126 }, 
        {"sofa" : 12,  "begin" : 128,  "end" : 203 }, 
        {"sofa" : 12,  "begin" : 205,  "end" : 315 }, 
        {"sofa" : 12,  "begin" : 317,  "end" : 443 }, 
        {"sofa" : 12,  "begin" : 445,  "end" : 459 } ], 
      "Token" : [
        {"sofa" : 12,  "end" : 11 }, 
        {"sofa" : 12,  "begin" : 12,  "end" : 13 }, 
        {"sofa" : 12,  "begin" : 14,  "end" : 24 }, 
        {"sofa" : 12,  "begin" : 25,  "end" : 27 }, 
        {"sofa" : 12,  "begin" : 28,  "end" : 32 }, 
        {"sofa" : 12,  "begin" : 33,  "end" : 37 }, 
        {"sofa" : 12,  "begin" : 38,  "end" : 44 }, 
        {"sofa" : 12,  "begin" : 45,  "end" : 46 }, 
        {"sofa" : 12,  "begin" : 47,  "end" : 53 }, 
        {"sofa" : 12,  "begin" : 54,  "end" : 71 }, 
        {"sofa" : 12,  "begin" : 72,  "end" : 74 }, 
        {"sofa" : 12,  "begin" : 75,  "end" : 85 }, 
        {"sofa" : 12,  "begin" : 86,  "end" : 89 }, 
        {"sofa" : 12,  "begin" : 90,  "end" : 95 }, 
        {"sofa" : 12,  "begin" : 96,  "end" : 102 }, 
        {"sofa" : 12,  "begin" : 103,  "end" : 106 }, 
        {"sofa" : 12,  "begin" : 107,  "end" : 115 }, 
        {"sofa" : 12,  "begin" : 116,  "end" : 118 }, 
        {"sofa" : 12,  "begin" : 119,  "end" : 126 }, 
        {"sofa" : 12,  "begin" : 128,  "end" : 138 }, 
        {"sofa" : 12,  "begin" : 139,  "end" : 146 }, 
        {"sofa" : 12,  "begin" : 147,  "end" : 154 }, 
        {"sofa" : 12,  "begin" : 155,  "end" : 157 }, 
        {"sofa" : 12,  "begin" : 158,  "end" : 173 }, 
        {"sofa" : 12,  "begin" : 174,  "end" : 177 }, 
        {"sofa" : 12,  "begin" : 178,  "end" : 187 }, 
        {"sofa" : 12,  "begin" : 188,  "end" : 201 }, 
        {"sofa" : 12,  "begin" : 202,  "end" : 203 }, 
        {"sofa" : 12,  "begin" : 205,  "end" : 220 }, 
        {"sofa" : 12,  "begin" : 221,  "end" : 223 }, 
        {"sofa" : 12,  "begin" : 224,  "end" : 233 }, 
        {"sofa" : 12,  "begin" : 234,  "end" : 238 }, 
        {"sofa" : 12,  "begin" : 239,  "end" : 244 }, 
        {"sofa" : 12,  "begin" : 245,  "end" : 261 }, 
        {"sofa" : 12,  "begin" : 262,  "end" : 266 }, 
        {"sofa" : 12,  "begin" : 267,  "end" : 270 }, 
        {"sofa" : 12,  "begin" : 271,  "end" : 276 }, 
        {"sofa" : 12,  "begin" : 277,  "end" : 280 }, 
        {"sofa" : 12,  "begin" : 281,  "end" : 283 }, 
        {"sofa" : 12,  "begin" : 284,  "end" : 301 }, 
        {"sofa" : 12,  "begin" : 302,  "end" : 304 }, 
        {"sofa" : 12,  "begin" : 305,  "end" : 308 }, 
        {"sofa" : 12,  "begin" : 309,  "end" : 313 }, 
        {"sofa" : 12,  "begin" : 314,  "end" : 315 }, 
        {"sofa" : 12,  "begin" : 317,  "end" : 319 }, 
        {"sofa" : 12,  "begin" : 320,  "end" : 322 }, 
        {"sofa" : 12,  "begin" : 323,  "end" : 333 }, 
        {"sofa" : 12,  "begin" : 334,  "end" : 339 }, 
        {"sofa" : 12,  "begin" : 340,  "end" : 346 }, 
        {"sofa" : 12,  "begin" : 347,  "end" : 351 }, 
        {"sofa" : 12,  "begin" : 352,  "end" : 358 }, 
        {"sofa" : 12,  "begin" : 359,  "end" : 362 }, 
        {"sofa" : 12,  "begin" : 363,  "end" : 365 }, 
        {"sofa" : 12,  "begin" : 366,  "end" : 373 }, 
        {"sofa" : 12,  "begin" : 374,  "end" : 376 }, 
        {"sofa" : 12,  "begin" : 377,  "end" : 385 }, 
        {"sofa" : 12,  "begin" : 386,  "end" : 387 }, 
        {"sofa" : 12,  "begin" : 388,  "end" : 392 }, 
        {"sofa" : 12,  "begin" : 393,  "end" : 395 }, 
        {"sofa" : 12,  "begin" : 396,  "end" : 408 }, 
        {"sofa" : 12,  "begin" : 409,  "end" : 414 }, 
        {"sofa" : 12,  "begin" : 415,  "end" : 418 }, 
        {"sofa" : 12,  "begin" : 419,  "end" : 420 }, 
        {"sofa" : 12,  "begin" : 421,  "end" : 428 }, 
        {"sofa" : 12,  "begin" : 429,  "end" : 436 }, 
        {"sofa" : 12,  "begin" : 437,  "end" : 441 }, 
        {"sofa" : 12,  "begin" : 442,  "end" : 443 }, 
        {"sofa" : 12,  "begin" : 445,  "end" : 448 }, 
        {"sofa" : 12,  "begin" : 449,  "end" : 453 }, 
        {"sofa" : 12,  "begin" : 454,  "end" : 457 }, 
        {"sofa" : 12,  "begin" : 458,  "end" : 459 } ], 
      "Eventclauses" : [
        {"sofa" : 12,  "begin" : 54,  "end" : 126,  "EventPolarity" : "EVE negative",  "Prominence" : "Main" }, 
        {"sofa" : 12,  "begin" : 205,  "end" : 313,  "EventPolarity" : "EVE negative",  "Prominence" : "Background" }, 
        {"sofa" : 12,  "begin" : 320,  "end" : 385,  "EventPolarity" : "EVE negative",  "Prominence" : "Main" }, 
        {"sofa" : 12,  "begin" : 393,  "end" : 441,  "EventPolarity" : "EVE positive",  "Prominence" : "Background" } ] } }, 
  "_referenced_fss" : {
    "12" : {"_type" : "Sofa",  "sofaNum" : 1,  "sofaID" : "_InitialView",  "mimeType" : "text",  "sofaString" : "Vaccinaties , immuniteit of toch iets anders : waarom ziekenhuisopnames in Vlaanderen pak hoger liggen dan Wallonië en Brussel\n Opvallende cijfers tijdens de persconferentie van Sciensano vrijdagmiddag .\n West-Vlaanderen en Antwerpen zijn samen verantwoordelijk voor een derde van de ziekenhuisopnames in het land .\n En in Vlaanderen woedt corona véél harder dan in Brussel en Wallonië , waar de besmettingen zelfs met 1 procent gedaald zijn .\n Hoe komt dat ?\n " } } }