{"_context" : {
    "_types" : {
      "DocumentMetaData" : {
        "_feature_types" : {"sofa" : "_ref" } }, 
      "Eventclauses" : {
        "_feature_types" : {"sofa" : "_ref",  "Arguments" : "_ref",  "Polarity" : "_ref",  "PolarityTrigger" : "_ref",  "Sameclause" : "_ref" } }, 
      "Sentence" : {
        "_feature_types" : {"sofa" : "_ref" } }, 
      "Sofa" : {
        "_feature_types" : {"sofaArray" : "_ref" } }, 
      "TagsetDescription" : {
        "_feature_types" : {"sofa" : "_ref",  "tags" : "_ref" } }, 
      "Token" : {
        "_feature_types" : {"sofa" : "_ref",  "parent" : "_ref",  "lemma" : "_ref",  "stem" : "_ref",  "pos" : "_ref",  "morph" : "_ref",  "form" : "_ref" } }, 
      "DocumentAnnotation" : {
        "_feature_types" : {"sofa" : "_ref" }, 
        "_subtypes" : ["DocumentMetaData" ] }, 
      "Annotation" : {
        "_feature_types" : {"sofa" : "_ref" }, 
        "_subtypes" : ["DocumentAnnotation",  "Eventclauses",  "Sentence",  "TagsetDescription",  "Token" ] }, 
      "AnnotationBase" : {
        "_feature_types" : {"sofa" : "_ref" }, 
        "_subtypes" : ["Annotation" ] }, 
      "TOP" : {
        "_subtypes" : ["AnnotationBase",  "Sofa" ] } } }, 
  "_views" : {
    "_InitialView" : {
      "DocumentMetaData" : [
        {"sofa" : 12,  "end" : 310,  "language" : "x-unspecified",  "documentTitle" : "dmf20211126_94148850.txt",  "documentId" : "WoutBoven",  "documentUri" : "file:/export/repository/project/114/document/44256/source/WoutBoven",  "collectionId" : "file:/export/repository/project/114/document/44256/source/",  "documentBaseUri" : "file:/export/repository/project/114/document/44256/source/",  "isLastSegment" : false } ], 
      "TagsetDescription" : [
        {"sofa" : 12,  "layer" : "de.tudarmstadt.ukp.dkpro.core.api.syntax.type.dependency.Dependency",  "name" : "UD Universal Dependencies",  "input" : false }, 
        {"sofa" : 12,  "layer" : "webanno.custom.Entities",  "name" : "Entity - mention level types",  "input" : false }, 
        {"sofa" : 12,  "layer" : "webanno.custom.Eventclauses",  "name" : "Event - tense",  "input" : false }, 
        {"sofa" : 12,  "layer" : "webanno.custom.Eventsarguments",  "name" : "eventdna_argument_entities_(auto)",  "input" : false }, 
        {"sofa" : 12,  "layer" : "webanno.custom.Namedentities",  "name" : "NE types",  "input" : false }, 
        {"sofa" : 12,  "layer" : "webanno.custom.EntitiesLETSpreanno",  "name" : "Named entity - types",  "input" : false }, 
        {"sofa" : 12,  "layer" : "de.tudarmstadt.ukp.dkpro.core.api.transform.type.SofaChangeAnnotation",  "name" : "Operation",  "input" : false }, 
        {"sofa" : 12,  "layer" : "de.tudarmstadt.ukp.dkpro.core.api.lexmorph.type.pos.POS",  "name" : "UD Universal POS tags",  "input" : false }, 
        {"sofa" : 12,  "layer" : "webanno.custom.Polaritytriggers",  "name" : "Polarity",  "input" : false }, 
        {"sofa" : 12,  "layer" : "de.tudarmstadt.ukp.dkpro.core.api.segmentation.type.SurfaceForm",  "name" : "Named Entity tags",  "input" : false } ], 
      "Sentence" : [
        {"sofa" : 12,  "end" : 52 }, 
        {"sofa" : 12,  "begin" : 54,  "end" : 135 }, 
        {"sofa" : 12,  "begin" : 137,  "end" : 191 }, 
        {"sofa" : 12,  "begin" : 193,  "end" : 308 } ], 
      "Token" : [
        {"sofa" : 12,  "end" : 8 }, 
        {"sofa" : 12,  "begin" : 9,  "end" : 11 }, 
        {"sofa" : 12,  "begin" : 12,  "end" : 20 }, 
        {"sofa" : 12,  "begin" : 21,  "end" : 29 }, 
        {"sofa" : 12,  "begin" : 30,  "end" : 35 }, 
        {"sofa" : 12,  "begin" : 36,  "end" : 42 }, 
        {"sofa" : 12,  "begin" : 43,  "end" : 52 }, 
        {"sofa" : 12,  "begin" : 54,  "end" : 56 }, 
        {"sofa" : 12,  "begin" : 57,  "end" : 62 }, 
        {"sofa" : 12,  "begin" : 63,  "end" : 84 }, 
        {"sofa" : 12,  "begin" : 85,  "end" : 87 }, 
        {"sofa" : 12,  "begin" : 88,  "end" : 90 }, 
        {"sofa" : 12,  "begin" : 91,  "end" : 95 }, 
        {"sofa" : 12,  "begin" : 96,  "end" : 98 }, 
        {"sofa" : 12,  "begin" : 99,  "end" : 103 }, 
        {"sofa" : 12,  "begin" : 104,  "end" : 108 }, 
        {"sofa" : 12,  "begin" : 109,  "end" : 116 }, 
        {"sofa" : 12,  "begin" : 117,  "end" : 123 }, 
        {"sofa" : 12,  "begin" : 124,  "end" : 133 }, 
        {"sofa" : 12,  "begin" : 134,  "end" : 135 }, 
        {"sofa" : 12,  "begin" : 137,  "end" : 140 }, 
        {"sofa" : 12,  "begin" : 141,  "end" : 149 }, 
        {"sofa" : 12,  "begin" : 150,  "end" : 152 }, 
        {"sofa" : 12,  "begin" : 153,  "end" : 156 }, 
        {"sofa" : 12,  "begin" : 157,  "end" : 165 }, 
        {"sofa" : 12,  "begin" : 166,  "end" : 175 }, 
        {"sofa" : 12,  "begin" : 176,  "end" : 179 }, 
        {"sofa" : 12,  "begin" : 180,  "end" : 182 }, 
        {"sofa" : 12,  "begin" : 183,  "end" : 189 }, 
        {"sofa" : 12,  "begin" : 190,  "end" : 191 }, 
        {"sofa" : 12,  "begin" : 193,  "end" : 198 }, 
        {"sofa" : 12,  "begin" : 199,  "end" : 206 }, 
        {"sofa" : 12,  "begin" : 207,  "end" : 213 }, 
        {"sofa" : 12,  "begin" : 214,  "end" : 217 }, 
        {"sofa" : 12,  "begin" : 218,  "end" : 221 }, 
        {"sofa" : 12,  "begin" : 222,  "end" : 233 }, 
        {"sofa" : 12,  "begin" : 234,  "end" : 241 }, 
        {"sofa" : 12,  "begin" : 242,  "end" : 247 }, 
        {"sofa" : 12,  "begin" : 248,  "end" : 250 }, 
        {"sofa" : 12,  "begin" : 251,  "end" : 257 }, 
        {"sofa" : 12,  "begin" : 258,  "end" : 270 }, 
        {"sofa" : 12,  "begin" : 271,  "end" : 279 }, 
        {"sofa" : 12,  "begin" : 280,  "end" : 284 }, 
        {"sofa" : 12,  "begin" : 285,  "end" : 293 }, 
        {"sofa" : 12,  "begin" : 294,  "end" : 298 }, 
        {"sofa" : 12,  "begin" : 299,  "end" : 306 }, 
        {"sofa" : 12,  "begin" : 307,  "end" : 308 } ], 
      "Eventclauses" : [
        {"sofa" : 12,  "end" : 52,  "EventPolarity" : "EVE positive",  "Prominence" : "Main" }, 
        {"sofa" : 12,  "begin" : 54,  "end" : 133,  "EventPolarity" : "EVE positive",  "Prominence" : "Main" }, 
        {"sofa" : 12,  "begin" : 137,  "end" : 149,  "EventPolarity" : "EVE neutral",  "Prominence" : "Background" }, 
        {"sofa" : 12,  "begin" : 153,  "end" : 189,  "EventPolarity" : "EVE positive",  "Prominence" : "Main" }, 
        {"sofa" : 12,  "begin" : 193,  "end" : 270,  "EventPolarity" : "EVE negative",  "Prominence" : "Background" }, 
        {"sofa" : 12,  "begin" : 280,  "end" : 306,  "EventPolarity" : "EVE negative",  "Prominence" : "Background" } ] } }, 
  "_referenced_fss" : {
    "12" : {"_type" : "Sofa",  "sofaNum" : 1,  "sofaID" : "_InitialView",  "mimeType" : "text",  "sofaString" : "Basiliek na grondige controle terug veilig verklaard\n De Halse Sint-Martinusbasiliek en de zone er rond zijn opnieuw veilig verklaard .\n Dat gebeurde na een grondige inspectie van de gevels .\n Begin oktober werden aan het voorportaal stukken steen op straat aangetroffen waardoor deze controle zich opdrong .\n " } } }