{"_context" : {
    "_types" : {
      "DocumentMetaData" : {
        "_feature_types" : {"sofa" : "_ref" } }, 
      "Eventclauses" : {
        "_feature_types" : {"sofa" : "_ref",  "Arguments" : "_ref",  "Polarity" : "_ref",  "PolarityTrigger" : "_ref",  "Sameclause" : "_ref" } }, 
      "Sentence" : {
        "_feature_types" : {"sofa" : "_ref" } }, 
      "Sofa" : {
        "_feature_types" : {"sofaArray" : "_ref" } }, 
      "TagsetDescription" : {
        "_feature_types" : {"sofa" : "_ref",  "tags" : "_ref" } }, 
      "Token" : {
        "_feature_types" : {"sofa" : "_ref",  "parent" : "_ref",  "lemma" : "_ref",  "stem" : "_ref",  "pos" : "_ref",  "morph" : "_ref",  "form" : "_ref" } }, 
      "DocumentAnnotation" : {
        "_feature_types" : {"sofa" : "_ref" }, 
        "_subtypes" : ["DocumentMetaData" ] }, 
      "Annotation" : {
        "_feature_types" : {"sofa" : "_ref" }, 
        "_subtypes" : ["DocumentAnnotation",  "Eventclauses",  "Sentence",  "TagsetDescription",  "Token" ] }, 
      "AnnotationBase" : {
        "_feature_types" : {"sofa" : "_ref" }, 
        "_subtypes" : ["Annotation" ] }, 
      "TOP" : {
        "_subtypes" : ["AnnotationBase",  "Sofa" ] } } }, 
  "_views" : {
    "_InitialView" : {
      "DocumentMetaData" : [
        {"sofa" : 12,  "end" : 435,  "language" : "x-unspecified",  "documentTitle" : "dmf20211123_94333111.txt",  "documentId" : "WoutBoven",  "documentUri" : "file:/export/repository/project/114/document/44287/source/WoutBoven",  "collectionId" : "file:/export/repository/project/114/document/44287/source/",  "documentBaseUri" : "file:/export/repository/project/114/document/44287/source/",  "isLastSegment" : false } ], 
      "TagsetDescription" : [
        {"sofa" : 12,  "layer" : "de.tudarmstadt.ukp.dkpro.core.api.syntax.type.dependency.Dependency",  "name" : "UD Universal Dependencies",  "input" : false }, 
        {"sofa" : 12,  "layer" : "webanno.custom.Entities",  "name" : "Entity - mention level types",  "input" : false }, 
        {"sofa" : 12,  "layer" : "webanno.custom.Eventclauses",  "name" : "Event - tense",  "input" : false }, 
        {"sofa" : 12,  "layer" : "webanno.custom.Eventsarguments",  "name" : "eventdna_argument_entities_(auto)",  "input" : false }, 
        {"sofa" : 12,  "layer" : "webanno.custom.Namedentities",  "name" : "NE types",  "input" : false }, 
        {"sofa" : 12,  "layer" : "webanno.custom.EntitiesLETSpreanno",  "name" : "Named entity - types",  "input" : false }, 
        {"sofa" : 12,  "layer" : "de.tudarmstadt.ukp.dkpro.core.api.transform.type.SofaChangeAnnotation",  "name" : "Operation",  "input" : false }, 
        {"sofa" : 12,  "layer" : "de.tudarmstadt.ukp.dkpro.core.api.lexmorph.type.pos.POS",  "name" : "UD Universal POS tags",  "input" : false }, 
        {"sofa" : 12,  "layer" : "webanno.custom.Polaritytriggers",  "name" : "Polarity",  "input" : false }, 
        {"sofa" : 12,  "layer" : "de.tudarmstadt.ukp.dkpro.core.api.segmentation.type.SurfaceForm",  "name" : "Named Entity tags",  "input" : false } ], 
      "Sentence" : [
        {"sofa" : 12,  "end" : 104 }, 
        {"sofa" : 12,  "begin" : 106,  "end" : 242 }, 
        {"sofa" : 12,  "begin" : 244,  "end" : 332 }, 
        {"sofa" : 12,  "begin" : 334,  "end" : 394 }, 
        {"sofa" : 12,  "begin" : 396,  "end" : 433 } ], 
      "Token" : [
        {"sofa" : 12,  "end" : 3 }, 
        {"sofa" : 12,  "begin" : 4,  "end" : 8 }, 
        {"sofa" : 12,  "begin" : 9,  "end" : 13 }, 
        {"sofa" : 12,  "begin" : 14,  "end" : 18 }, 
        {"sofa" : 12,  "begin" : 19,  "end" : 22 }, 
        {"sofa" : 12,  "begin" : 23,  "end" : 36 }, 
        {"sofa" : 12,  "begin" : 37,  "end" : 43 }, 
        {"sofa" : 12,  "begin" : 44,  "end" : 46 }, 
        {"sofa" : 12,  "begin" : 47,  "end" : 53 }, 
        {"sofa" : 12,  "begin" : 54,  "end" : 59 }, 
        {"sofa" : 12,  "begin" : 60,  "end" : 64 }, 
        {"sofa" : 12,  "begin" : 65,  "end" : 66 }, 
        {"sofa" : 12,  "begin" : 67,  "end" : 69 }, 
        {"sofa" : 12,  "begin" : 70,  "end" : 72 }, 
        {"sofa" : 12,  "begin" : 73,  "end" : 80 }, 
        {"sofa" : 12,  "begin" : 81,  "end" : 85 }, 
        {"sofa" : 12,  "begin" : 86,  "end" : 88 }, 
        {"sofa" : 12,  "begin" : 89,  "end" : 92 }, 
        {"sofa" : 12,  "begin" : 93,  "end" : 104 }, 
        {"sofa" : 12,  "begin" : 106,  "end" : 108 }, 
        {"sofa" : 12,  "begin" : 109,  "end" : 117 }, 
        {"sofa" : 12,  "begin" : 118,  "end" : 119 }, 
        {"sofa" : 12,  "begin" : 120,  "end" : 127 }, 
        {"sofa" : 12,  "begin" : 128,  "end" : 129 }, 
        {"sofa" : 12,  "begin" : 130,  "end" : 136 }, 
        {"sofa" : 12,  "begin" : 137,  "end" : 139 }, 
        {"sofa" : 12,  "begin" : 140,  "end" : 149 }, 
        {"sofa" : 12,  "begin" : 150,  "end" : 159 }, 
        {"sofa" : 12,  "begin" : 160,  "end" : 163 }, 
        {"sofa" : 12,  "begin" : 164,  "end" : 174 }, 
        {"sofa" : 12,  "begin" : 175,  "end" : 181 }, 
        {"sofa" : 12,  "begin" : 182,  "end" : 185 }, 
        {"sofa" : 12,  "begin" : 186,  "end" : 199 }, 
        {"sofa" : 12,  "begin" : 200,  "end" : 204 }, 
        {"sofa" : 12,  "begin" : 205,  "end" : 209 }, 
        {"sofa" : 12,  "begin" : 210,  "end" : 228 }, 
        {"sofa" : 12,  "begin" : 229,  "end" : 240 }, 
        {"sofa" : 12,  "begin" : 241,  "end" : 242 }, 
        {"sofa" : 12,  "begin" : 244,  "end" : 247 }, 
        {"sofa" : 12,  "begin" : 248,  "end" : 250 }, 
        {"sofa" : 12,  "begin" : 251,  "end" : 253 }, 
        {"sofa" : 12,  "begin" : 254,  "end" : 260 }, 
        {"sofa" : 12,  "begin" : 261,  "end" : 265 }, 
        {"sofa" : 12,  "begin" : 266,  "end" : 269 }, 
        {"sofa" : 12,  "begin" : 270,  "end" : 272 }, 
        {"sofa" : 12,  "begin" : 273,  "end" : 277 }, 
        {"sofa" : 12,  "begin" : 278,  "end" : 282 }, 
        {"sofa" : 12,  "begin" : 283,  "end" : 285 }, 
        {"sofa" : 12,  "begin" : 286,  "end" : 287 }, 
        {"sofa" : 12,  "begin" : 288,  "end" : 292 }, 
        {"sofa" : 12,  "begin" : 293,  "end" : 295 }, 
        {"sofa" : 12,  "begin" : 296,  "end" : 309 }, 
        {"sofa" : 12,  "begin" : 310,  "end" : 325 }, 
        {"sofa" : 12,  "begin" : 326,  "end" : 330 }, 
        {"sofa" : 12,  "begin" : 331,  "end" : 332 }, 
        {"sofa" : 12,  "begin" : 334,  "end" : 337 }, 
        {"sofa" : 12,  "begin" : 338,  "end" : 356 }, 
        {"sofa" : 12,  "begin" : 357,  "end" : 361 }, 
        {"sofa" : 12,  "begin" : 362,  "end" : 363 }, 
        {"sofa" : 12,  "begin" : 364,  "end" : 367 }, 
        {"sofa" : 12,  "begin" : 368,  "end" : 381 }, 
        {"sofa" : 12,  "begin" : 382,  "end" : 387 }, 
        {"sofa" : 12,  "begin" : 388,  "end" : 392 }, 
        {"sofa" : 12,  "begin" : 393,  "end" : 394 }, 
        {"sofa" : 12,  "begin" : 396,  "end" : 398 }, 
        {"sofa" : 12,  "begin" : 399,  "end" : 406 }, 
        {"sofa" : 12,  "begin" : 407,  "end" : 410 }, 
        {"sofa" : 12,  "begin" : 411,  "end" : 416 }, 
        {"sofa" : 12,  "begin" : 417,  "end" : 420 }, 
        {"sofa" : 12,  "begin" : 421,  "end" : 426 }, 
        {"sofa" : 12,  "begin" : 427,  "end" : 431 }, 
        {"sofa" : 12,  "begin" : 432,  "end" : 433 } ], 
      "Eventclauses" : [
        {"sofa" : 12,  "end" : 64,  "EventPolarity" : "EVE positive",  "Prominence" : "Main" }, 
        {"sofa" : 12,  "begin" : 106,  "end" : 240,  "EventPolarity" : "EVE positive",  "Prominence" : "Background" }, 
        {"sofa" : 12,  "begin" : 399,  "end" : 431,  "EventPolarity" : "EVE positive",  "Prominence" : "Background" } ] } }, 
  "_referenced_fss" : {
    "12" : {"_type" : "Sofa",  "sofaNum" : 1,  "sofaID" : "_InitialView",  "mimeType" : "text",  "sofaString" : "Dit plan moet voor nul verkeersdoden zorgen in België tegen 2050 , en in Brussel zijn ze nog ambitieuzer\n De federale , Vlaamse , Waalse en Brusselse ministers van Mobiliteit hebben een interfederaal plan voor Verkeersveiligheid voorgesteld .\n Het is de eerste keer dat er zo'n plan is , over de verschillende bestuursniveaus heen .\n Het gemeenschappelijke doel : nul verkeersdoden tegen 2050 .\n En Brussel wil zelfs nog beter doen .\n " } } }