{"_context" : {
    "_types" : {
      "DocumentMetaData" : {
        "_feature_types" : {"sofa" : "_ref" } }, 
      "Eventclauses" : {
        "_feature_types" : {"sofa" : "_ref",  "Arguments" : "_ref",  "Polarity" : "_ref",  "PolarityTrigger" : "_ref",  "Sameclause" : "_ref" } }, 
      "Sentence" : {
        "_feature_types" : {"sofa" : "_ref" } }, 
      "Sofa" : {
        "_feature_types" : {"sofaArray" : "_ref" } }, 
      "TagsetDescription" : {
        "_feature_types" : {"sofa" : "_ref",  "tags" : "_ref" } }, 
      "Token" : {
        "_feature_types" : {"sofa" : "_ref",  "parent" : "_ref",  "lemma" : "_ref",  "stem" : "_ref",  "pos" : "_ref",  "morph" : "_ref",  "form" : "_ref" } }, 
      "DocumentAnnotation" : {
        "_feature_types" : {"sofa" : "_ref" }, 
        "_subtypes" : ["DocumentMetaData" ] }, 
      "Annotation" : {
        "_feature_types" : {"sofa" : "_ref" }, 
        "_subtypes" : ["DocumentAnnotation",  "Eventclauses",  "Sentence",  "TagsetDescription",  "Token" ] }, 
      "AnnotationBase" : {
        "_feature_types" : {"sofa" : "_ref" }, 
        "_subtypes" : ["Annotation" ] }, 
      "TOP" : {
        "_subtypes" : ["AnnotationBase",  "Sofa" ] } } }, 
  "_views" : {
    "_InitialView" : {
      "DocumentMetaData" : [
        {"sofa" : 12,  "end" : 580,  "language" : "x-unspecified",  "documentTitle" : "dmf20211126_97387505.txt",  "documentId" : "WoutBoven",  "documentUri" : "file:/export/repository/project/114/document/44249/source/WoutBoven",  "collectionId" : "file:/export/repository/project/114/document/44249/source/",  "documentBaseUri" : "file:/export/repository/project/114/document/44249/source/",  "isLastSegment" : false } ], 
      "TagsetDescription" : [
        {"sofa" : 12,  "layer" : "de.tudarmstadt.ukp.dkpro.core.api.syntax.type.dependency.Dependency",  "name" : "UD Universal Dependencies",  "input" : false }, 
        {"sofa" : 12,  "layer" : "webanno.custom.Entities",  "name" : "Entity - mention level types",  "input" : false }, 
        {"sofa" : 12,  "layer" : "webanno.custom.Eventclauses",  "name" : "Event - tense",  "input" : false }, 
        {"sofa" : 12,  "layer" : "webanno.custom.Eventsarguments",  "name" : "eventdna_argument_entities_(auto)",  "input" : false }, 
        {"sofa" : 12,  "layer" : "webanno.custom.Namedentities",  "name" : "NE types",  "input" : false }, 
        {"sofa" : 12,  "layer" : "webanno.custom.EntitiesLETSpreanno",  "name" : "Named entity - types",  "input" : false }, 
        {"sofa" : 12,  "layer" : "de.tudarmstadt.ukp.dkpro.core.api.transform.type.SofaChangeAnnotation",  "name" : "Operation",  "input" : false }, 
        {"sofa" : 12,  "layer" : "de.tudarmstadt.ukp.dkpro.core.api.lexmorph.type.pos.POS",  "name" : "UD Universal POS tags",  "input" : false }, 
        {"sofa" : 12,  "layer" : "webanno.custom.Polaritytriggers",  "name" : "Polarity",  "input" : false }, 
        {"sofa" : 12,  "layer" : "de.tudarmstadt.ukp.dkpro.core.api.segmentation.type.SurfaceForm",  "name" : "Named Entity tags",  "input" : false } ], 
      "Sentence" : [
        {"sofa" : 12,  "end" : 72 }, 
        {"sofa" : 12,  "begin" : 74,  "end" : 227 }, 
        {"sofa" : 12,  "begin" : 229,  "end" : 311 }, 
        {"sofa" : 12,  "begin" : 313,  "end" : 440 }, 
        {"sofa" : 12,  "begin" : 442,  "end" : 578 } ], 
      "Token" : [
        {"sofa" : 12,  "end" : 12 }, 
        {"sofa" : 12,  "begin" : 13,  "end" : 17 }, 
        {"sofa" : 12,  "begin" : 18,  "end" : 28 }, 
        {"sofa" : 12,  "begin" : 29,  "end" : 36 }, 
        {"sofa" : 12,  "begin" : 37,  "end" : 39 }, 
        {"sofa" : 12,  "begin" : 40,  "end" : 42 }, 
        {"sofa" : 12,  "begin" : 43,  "end" : 45 }, 
        {"sofa" : 12,  "begin" : 46,  "end" : 47 }, 
        {"sofa" : 12,  "begin" : 48,  "end" : 53 }, 
        {"sofa" : 12,  "begin" : 54,  "end" : 58 }, 
        {"sofa" : 12,  "begin" : 59,  "end" : 63 }, 
        {"sofa" : 12,  "begin" : 64,  "end" : 68 }, 
        {"sofa" : 12,  "begin" : 69,  "end" : 72 }, 
        {"sofa" : 12,  "begin" : 74,  "end" : 86 }, 
        {"sofa" : 12,  "begin" : 87,  "end" : 89 }, 
        {"sofa" : 12,  "begin" : 90,  "end" : 92 }, 
        {"sofa" : 12,  "begin" : 93,  "end" : 102 }, 
        {"sofa" : 12,  "begin" : 103,  "end" : 109 }, 
        {"sofa" : 12,  "begin" : 110,  "end" : 115 }, 
        {"sofa" : 12,  "begin" : 116,  "end" : 122 }, 
        {"sofa" : 12,  "begin" : 123,  "end" : 127 }, 
        {"sofa" : 12,  "begin" : 128,  "end" : 132 }, 
        {"sofa" : 12,  "begin" : 133,  "end" : 139 }, 
        {"sofa" : 12,  "begin" : 140,  "end" : 141 }, 
        {"sofa" : 12,  "begin" : 142,  "end" : 149 }, 
        {"sofa" : 12,  "begin" : 150,  "end" : 157 }, 
        {"sofa" : 12,  "begin" : 158,  "end" : 161 }, 
        {"sofa" : 12,  "begin" : 162,  "end" : 171 }, 
        {"sofa" : 12,  "begin" : 172,  "end" : 177 }, 
        {"sofa" : 12,  "begin" : 178,  "end" : 180 }, 
        {"sofa" : 12,  "begin" : 181,  "end" : 184 }, 
        {"sofa" : 12,  "begin" : 185,  "end" : 197 }, 
        {"sofa" : 12,  "begin" : 198,  "end" : 204 }, 
        {"sofa" : 12,  "begin" : 205,  "end" : 208 }, 
        {"sofa" : 12,  "begin" : 209,  "end" : 218 }, 
        {"sofa" : 12,  "begin" : 219,  "end" : 225 }, 
        {"sofa" : 12,  "begin" : 226,  "end" : 227 }, 
        {"sofa" : 12,  "begin" : 229,  "end" : 232 }, 
        {"sofa" : 12,  "begin" : 233,  "end" : 240 }, 
        {"sofa" : 12,  "begin" : 241,  "end" : 245 }, 
        {"sofa" : 12,  "begin" : 246,  "end" : 248 }, 
        {"sofa" : 12,  "begin" : 249,  "end" : 253 }, 
        {"sofa" : 12,  "begin" : 254,  "end" : 258 }, 
        {"sofa" : 12,  "begin" : 259,  "end" : 270 }, 
        {"sofa" : 12,  "begin" : 271,  "end" : 275 }, 
        {"sofa" : 12,  "begin" : 276,  "end" : 280 }, 
        {"sofa" : 12,  "begin" : 281,  "end" : 283 }, 
        {"sofa" : 12,  "begin" : 284,  "end" : 291 }, 
        {"sofa" : 12,  "begin" : 292,  "end" : 295 }, 
        {"sofa" : 12,  "begin" : 296,  "end" : 299 }, 
        {"sofa" : 12,  "begin" : 300,  "end" : 304 }, 
        {"sofa" : 12,  "begin" : 305,  "end" : 309 }, 
        {"sofa" : 12,  "begin" : 310,  "end" : 311 }, 
        {"sofa" : 12,  "begin" : 313,  "end" : 318 }, 
        {"sofa" : 12,  "begin" : 319,  "end" : 321 }, 
        {"sofa" : 12,  "begin" : 322,  "end" : 328 }, 
        {"sofa" : 12,  "begin" : 329,  "end" : 334 }, 
        {"sofa" : 12,  "begin" : 335,  "end" : 339 }, 
        {"sofa" : 12,  "begin" : 340,  "end" : 344 }, 
        {"sofa" : 12,  "begin" : 345,  "end" : 348 }, 
        {"sofa" : 12,  "begin" : 349,  "end" : 357 }, 
        {"sofa" : 12,  "begin" : 358,  "end" : 362 }, 
        {"sofa" : 12,  "begin" : 363,  "end" : 369 }, 
        {"sofa" : 12,  "begin" : 370,  "end" : 371 }, 
        {"sofa" : 12,  "begin" : 372,  "end" : 376 }, 
        {"sofa" : 12,  "begin" : 377,  "end" : 380 }, 
        {"sofa" : 12,  "begin" : 381,  "end" : 384 }, 
        {"sofa" : 12,  "begin" : 385,  "end" : 390 }, 
        {"sofa" : 12,  "begin" : 391,  "end" : 393 }, 
        {"sofa" : 12,  "begin" : 394,  "end" : 400 }, 
        {"sofa" : 12,  "begin" : 401,  "end" : 404 }, 
        {"sofa" : 12,  "begin" : 405,  "end" : 409 }, 
        {"sofa" : 12,  "begin" : 410,  "end" : 415 }, 
        {"sofa" : 12,  "begin" : 416,  "end" : 425 }, 
        {"sofa" : 12,  "begin" : 426,  "end" : 433 }, 
        {"sofa" : 12,  "begin" : 434,  "end" : 438 }, 
        {"sofa" : 12,  "begin" : 439,  "end" : 440 }, 
        {"sofa" : 12,  "begin" : 442,  "end" : 446 }, 
        {"sofa" : 12,  "begin" : 447,  "end" : 450 }, 
        {"sofa" : 12,  "begin" : 451,  "end" : 458 }, 
        {"sofa" : 12,  "begin" : 459,  "end" : 466 }, 
        {"sofa" : 12,  "begin" : 467,  "end" : 472 }, 
        {"sofa" : 12,  "begin" : 473,  "end" : 482 }, 
        {"sofa" : 12,  "begin" : 483,  "end" : 485 }, 
        {"sofa" : 12,  "begin" : 486,  "end" : 492 }, 
        {"sofa" : 12,  "begin" : 493,  "end" : 500 }, 
        {"sofa" : 12,  "begin" : 501,  "end" : 504 }, 
        {"sofa" : 12,  "begin" : 505,  "end" : 515 }, 
        {"sofa" : 12,  "begin" : 516,  "end" : 517 }, 
        {"sofa" : 12,  "begin" : 518,  "end" : 522 }, 
        {"sofa" : 12,  "begin" : 523,  "end" : 526 }, 
        {"sofa" : 12,  "begin" : 527,  "end" : 530 }, 
        {"sofa" : 12,  "begin" : 531,  "end" : 535 }, 
        {"sofa" : 12,  "begin" : 536,  "end" : 540 }, 
        {"sofa" : 12,  "begin" : 541,  "end" : 545 }, 
        {"sofa" : 12,  "begin" : 546,  "end" : 549 }, 
        {"sofa" : 12,  "begin" : 550,  "end" : 553 }, 
        {"sofa" : 12,  "begin" : 554,  "end" : 556 }, 
        {"sofa" : 12,  "begin" : 557,  "end" : 565 }, 
        {"sofa" : 12,  "begin" : 566,  "end" : 570 }, 
        {"sofa" : 12,  "begin" : 571,  "end" : 576 }, 
        {"sofa" : 12,  "begin" : 577,  "end" : 578 } ], 
      "Eventclauses" : [
        {"sofa" : 12,  "end" : 45,  "EventPolarity" : "EVE positive",  "Prominence" : "Main" }, 
        {"sofa" : 12,  "begin" : 54,  "end" : 72,  "EventPolarity" : "EVE positive",  "Prominence" : "Background" }, 
        {"sofa" : 12,  "begin" : 74,  "end" : 225,  "EventPolarity" : "EVE positive",  "Prominence" : "Background" }, 
        {"sofa" : 12,  "begin" : 229,  "end" : 309,  "EventPolarity" : "EVE positive",  "Prominence" : "Background" }, 
        {"sofa" : 12,  "begin" : 319,  "end" : 369,  "EventPolarity" : "EVE negative",  "Prominence" : "Background" }, 
        {"sofa" : 12,  "begin" : 372,  "end" : 438,  "EventPolarity" : "EVE positive",  "Prominence" : "Main" }, 
        {"sofa" : 12,  "begin" : 442,  "end" : 515,  "EventPolarity" : "EVE positive",  "Prominence" : "Background" }, 
        {"sofa" : 12,  "begin" : 523,  "end" : 576,  "EventPolarity" : "EVE positive",  "Prominence" : "Background" } ] } }, 
  "_referenced_fss" : {
    "12" : {"_type" : "Sofa",  "sofaNum" : 1,  "sofaID" : "_InitialView",  "mimeType" : "text",  "sofaString" : "Thanksgiving weer uitgebreid gevierd in de VS , zelfs Baby Yoda deed mee\n Thanksgiving in de Verenigde Staten staat garant voor twee dingen : massa's kalkoen die verorberd wordt en een traditionele parade van warenhuis Macy's .\n Die laatste trok na twee jaar afwezigheid weer door de straten van New York City .\n Omdat de parade vorig jaar niet kon doorgaan door corona , leek het wel alsof de parade dit jaar extra uitbundig gevierd werd .\n Heel wat bekende figuren zoals Spongebob en Snoopy maakten hun opwachting , maar het was voor Baby Yoda die met de aandacht ging lopen .\n " } } }