{"_context" : {
    "_types" : {
      "DocumentMetaData" : {
        "_feature_types" : {"sofa" : "_ref" } }, 
      "Eventclauses" : {
        "_feature_types" : {"sofa" : "_ref",  "Arguments" : "_ref",  "Polarity" : "_ref",  "PolarityTrigger" : "_ref",  "Sameclause" : "_ref" } }, 
      "Sentence" : {
        "_feature_types" : {"sofa" : "_ref" } }, 
      "Sofa" : {
        "_feature_types" : {"sofaArray" : "_ref" } }, 
      "TagsetDescription" : {
        "_feature_types" : {"sofa" : "_ref",  "tags" : "_ref" } }, 
      "Token" : {
        "_feature_types" : {"sofa" : "_ref",  "parent" : "_ref",  "lemma" : "_ref",  "stem" : "_ref",  "pos" : "_ref",  "morph" : "_ref",  "form" : "_ref" } }, 
      "DocumentAnnotation" : {
        "_feature_types" : {"sofa" : "_ref" }, 
        "_subtypes" : ["DocumentMetaData" ] }, 
      "Annotation" : {
        "_feature_types" : {"sofa" : "_ref" }, 
        "_subtypes" : ["DocumentAnnotation",  "Eventclauses",  "Sentence",  "TagsetDescription",  "Token" ] }, 
      "AnnotationBase" : {
        "_feature_types" : {"sofa" : "_ref" }, 
        "_subtypes" : ["Annotation" ] }, 
      "TOP" : {
        "_subtypes" : ["AnnotationBase",  "Sofa" ] } } }, 
  "_views" : {
    "_InitialView" : {
      "DocumentMetaData" : [
        {"sofa" : 12,  "end" : 241,  "language" : "x-unspecified",  "documentTitle" : "dmf20211124_93619432.txt",  "documentId" : "WoutBoven",  "documentUri" : "file:/export/repository/project/114/document/44272/source/WoutBoven",  "collectionId" : "file:/export/repository/project/114/document/44272/source/",  "documentBaseUri" : "file:/export/repository/project/114/document/44272/source/",  "isLastSegment" : false } ], 
      "TagsetDescription" : [
        {"sofa" : 12,  "layer" : "de.tudarmstadt.ukp.dkpro.core.api.syntax.type.dependency.Dependency",  "name" : "UD Universal Dependencies",  "input" : false }, 
        {"sofa" : 12,  "layer" : "webanno.custom.Entities",  "name" : "Entity - mention level types",  "input" : false }, 
        {"sofa" : 12,  "layer" : "webanno.custom.Eventclauses",  "name" : "Event - tense",  "input" : false }, 
        {"sofa" : 12,  "layer" : "webanno.custom.Eventsarguments",  "name" : "eventdna_argument_entities_(auto)",  "input" : false }, 
        {"sofa" : 12,  "layer" : "webanno.custom.Namedentities",  "name" : "NE types",  "input" : false }, 
        {"sofa" : 12,  "layer" : "webanno.custom.EntitiesLETSpreanno",  "name" : "Named entity - types",  "input" : false }, 
        {"sofa" : 12,  "layer" : "de.tudarmstadt.ukp.dkpro.core.api.transform.type.SofaChangeAnnotation",  "name" : "Operation",  "input" : false }, 
        {"sofa" : 12,  "layer" : "de.tudarmstadt.ukp.dkpro.core.api.lexmorph.type.pos.POS",  "name" : "UD Universal POS tags",  "input" : false }, 
        {"sofa" : 12,  "layer" : "webanno.custom.Polaritytriggers",  "name" : "Polarity",  "input" : false }, 
        {"sofa" : 12,  "layer" : "de.tudarmstadt.ukp.dkpro.core.api.segmentation.type.SurfaceForm",  "name" : "Named Entity tags",  "input" : false } ], 
      "Sentence" : [
        {"sofa" : 12,  "end" : 53 }, 
        {"sofa" : 12,  "begin" : 55,  "end" : 175 }, 
        {"sofa" : 12,  "begin" : 177,  "end" : 239 } ], 
      "Token" : [
        {"sofa" : 12,  "end" : 7 }, 
        {"sofa" : 12,  "begin" : 8,  "end" : 10 }, 
        {"sofa" : 12,  "begin" : 11,  "end" : 15 }, 
        {"sofa" : 12,  "begin" : 16,  "end" : 18 }, 
        {"sofa" : 12,  "begin" : 19,  "end" : 27 }, 
        {"sofa" : 12,  "begin" : 28,  "end" : 37 }, 
        {"sofa" : 12,  "begin" : 38,  "end" : 44 }, 
        {"sofa" : 12,  "begin" : 45,  "end" : 53 }, 
        {"sofa" : 12,  "begin" : 55,  "end" : 62 }, 
        {"sofa" : 12,  "begin" : 63,  "end" : 72 }, 
        {"sofa" : 12,  "begin" : 73,  "end" : 75 }, 
        {"sofa" : 12,  "begin" : 76,  "end" : 80 }, 
        {"sofa" : 12,  "begin" : 81,  "end" : 83 }, 
        {"sofa" : 12,  "begin" : 84,  "end" : 92 }, 
        {"sofa" : 12,  "begin" : 93,  "end" : 96 }, 
        {"sofa" : 12,  "begin" : 97,  "end" : 109 }, 
        {"sofa" : 12,  "begin" : 110,  "end" : 115 }, 
        {"sofa" : 12,  "begin" : 116,  "end" : 124 }, 
        {"sofa" : 12,  "begin" : 125,  "end" : 134 }, 
        {"sofa" : 12,  "begin" : 135,  "end" : 141 }, 
        {"sofa" : 12,  "begin" : 142,  "end" : 145 }, 
        {"sofa" : 12,  "begin" : 146,  "end" : 155 }, 
        {"sofa" : 12,  "begin" : 156,  "end" : 164 }, 
        {"sofa" : 12,  "begin" : 165,  "end" : 173 }, 
        {"sofa" : 12,  "begin" : 174,  "end" : 175 }, 
        {"sofa" : 12,  "begin" : 177,  "end" : 180 }, 
        {"sofa" : 12,  "begin" : 181,  "end" : 185 }, 
        {"sofa" : 12,  "begin" : 186,  "end" : 194 }, 
        {"sofa" : 12,  "begin" : 195,  "end" : 203 }, 
        {"sofa" : 12,  "begin" : 204,  "end" : 207 }, 
        {"sofa" : 12,  "begin" : 208,  "end" : 211 }, 
        {"sofa" : 12,  "begin" : 212,  "end" : 223 }, 
        {"sofa" : 12,  "begin" : 224,  "end" : 237 }, 
        {"sofa" : 12,  "begin" : 238,  "end" : 239 } ], 
      "Eventclauses" : [
        {"sofa" : 12,  "end" : 53,  "EventPolarity" : "EVE positive",  "Prominence" : "Main" }, 
        {"sofa" : 12,  "begin" : 55,  "end" : 173,  "EventPolarity" : "EVE positive",  "Prominence" : "Main" } ] } }, 
  "_referenced_fss" : {
    "12" : {"_type" : "Sofa",  "sofaNum" : 1,  "sofaID" : "_InitialView",  "mimeType" : "text",  "sofaString" : "Premier De Croo en minister Verlinden testen negatief\n Premier Alexander De Croo en minister van Binnenlandse Zaken Annelies Verlinden hebben een negatieve PCR-test afgelegd .\n Dat werd woensdag vernomen bij hun respectieve woordvoerders .\n " } } }