{"_context" : {
    "_types" : {
      "DocumentMetaData" : {
        "_feature_types" : {"sofa" : "_ref" } }, 
      "Eventclauses" : {
        "_feature_types" : {"sofa" : "_ref",  "Arguments" : "_ref",  "Polarity" : "_ref",  "PolarityTrigger" : "_ref",  "Sameclause" : "_ref" } }, 
      "Sentence" : {
        "_feature_types" : {"sofa" : "_ref" } }, 
      "Sofa" : {
        "_feature_types" : {"sofaArray" : "_ref" } }, 
      "TagsetDescription" : {
        "_feature_types" : {"sofa" : "_ref",  "tags" : "_ref" } }, 
      "Token" : {
        "_feature_types" : {"sofa" : "_ref",  "parent" : "_ref",  "lemma" : "_ref",  "stem" : "_ref",  "pos" : "_ref",  "morph" : "_ref",  "form" : "_ref" } }, 
      "DocumentAnnotation" : {
        "_feature_types" : {"sofa" : "_ref" }, 
        "_subtypes" : ["DocumentMetaData" ] }, 
      "Annotation" : {
        "_feature_types" : {"sofa" : "_ref" }, 
        "_subtypes" : ["DocumentAnnotation",  "Eventclauses",  "Sentence",  "TagsetDescription",  "Token" ] }, 
      "AnnotationBase" : {
        "_feature_types" : {"sofa" : "_ref" }, 
        "_subtypes" : ["Annotation" ] }, 
      "TOP" : {
        "_subtypes" : ["AnnotationBase",  "Sofa" ] } } }, 
  "_views" : {
    "_InitialView" : {
      "DocumentMetaData" : [
        {"sofa" : 12,  "end" : 216,  "language" : "x-unspecified",  "documentTitle" : "dmf20211124_95200181.txt",  "documentId" : "WoutBoven",  "documentUri" : "file:/export/repository/project/114/document/44269/source/WoutBoven",  "collectionId" : "file:/export/repository/project/114/document/44269/source/",  "documentBaseUri" : "file:/export/repository/project/114/document/44269/source/",  "isLastSegment" : false } ], 
      "TagsetDescription" : [
        {"sofa" : 12,  "layer" : "de.tudarmstadt.ukp.dkpro.core.api.syntax.type.dependency.Dependency",  "name" : "UD Universal Dependencies",  "input" : false }, 
        {"sofa" : 12,  "layer" : "webanno.custom.Entities",  "name" : "Entity - mention level types",  "input" : false }, 
        {"sofa" : 12,  "layer" : "webanno.custom.Eventclauses",  "name" : "Event - tense",  "input" : false }, 
        {"sofa" : 12,  "layer" : "webanno.custom.Eventsarguments",  "name" : "eventdna_argument_entities_(auto)",  "input" : false }, 
        {"sofa" : 12,  "layer" : "webanno.custom.Namedentities",  "name" : "NE types",  "input" : false }, 
        {"sofa" : 12,  "layer" : "webanno.custom.EntitiesLETSpreanno",  "name" : "Named entity - types",  "input" : false }, 
        {"sofa" : 12,  "layer" : "de.tudarmstadt.ukp.dkpro.core.api.transform.type.SofaChangeAnnotation",  "name" : "Operation",  "input" : false }, 
        {"sofa" : 12,  "layer" : "de.tudarmstadt.ukp.dkpro.core.api.lexmorph.type.pos.POS",  "name" : "UD Universal POS tags",  "input" : false }, 
        {"sofa" : 12,  "layer" : "webanno.custom.Polaritytriggers",  "name" : "Polarity",  "input" : false }, 
        {"sofa" : 12,  "layer" : "de.tudarmstadt.ukp.dkpro.core.api.segmentation.type.SurfaceForm",  "name" : "Named Entity tags",  "input" : false } ], 
      "Sentence" : [
        {"sofa" : 12,  "end" : 52 }, 
        {"sofa" : 12,  "begin" : 54,  "end" : 214 } ], 
      "Token" : [
        {"sofa" : 12,  "end" : 11 }, 
        {"sofa" : 12,  "begin" : 12,  "end" : 13 }, 
        {"sofa" : 12,  "begin" : 14,  "end" : 16 }, 
        {"sofa" : 12,  "begin" : 17,  "end" : 18 }, 
        {"sofa" : 12,  "begin" : 19,  "end" : 25 }, 
        {"sofa" : 12,  "begin" : 26,  "end" : 29 }, 
        {"sofa" : 12,  "begin" : 30,  "end" : 40 }, 
        {"sofa" : 12,  "begin" : 41,  "end" : 43 }, 
        {"sofa" : 12,  "begin" : 44,  "end" : 52 }, 
        {"sofa" : 12,  "begin" : 54,  "end" : 57 }, 
        {"sofa" : 12,  "begin" : 58,  "end" : 60 }, 
        {"sofa" : 12,  "begin" : 60,  "end" : 61 }, 
        {"sofa" : 12,  "begin" : 61,  "end" : 67 }, 
        {"sofa" : 12,  "begin" : 68,  "end" : 79 }, 
        {"sofa" : 12,  "begin" : 80,  "end" : 82 }, 
        {"sofa" : 12,  "begin" : 83,  "end" : 95 }, 
        {"sofa" : 12,  "begin" : 96,  "end" : 102 }, 
        {"sofa" : 12,  "begin" : 103,  "end" : 115 }, 
        {"sofa" : 12,  "begin" : 116,  "end" : 120 }, 
        {"sofa" : 12,  "begin" : 121,  "end" : 124 }, 
        {"sofa" : 12,  "begin" : 125,  "end" : 135 }, 
        {"sofa" : 12,  "begin" : 136,  "end" : 141 }, 
        {"sofa" : 12,  "begin" : 142,  "end" : 145 }, 
        {"sofa" : 12,  "begin" : 146,  "end" : 155 }, 
        {"sofa" : 12,  "begin" : 156,  "end" : 162 }, 
        {"sofa" : 12,  "begin" : 163,  "end" : 166 }, 
        {"sofa" : 12,  "begin" : 167,  "end" : 170 }, 
        {"sofa" : 12,  "begin" : 171,  "end" : 181 }, 
        {"sofa" : 12,  "begin" : 182,  "end" : 184 }, 
        {"sofa" : 12,  "begin" : 185,  "end" : 187 }, 
        {"sofa" : 12,  "begin" : 188,  "end" : 202 }, 
        {"sofa" : 12,  "begin" : 203,  "end" : 205 }, 
        {"sofa" : 12,  "begin" : 206,  "end" : 212 }, 
        {"sofa" : 12,  "begin" : 213,  "end" : 214 } ], 
      "Eventclauses" : [
        {"sofa" : 12,  "end" : 40,  "EventPolarity" : "EVE negative",  "Prominence" : "Main" }, 
        {"sofa" : 12,  "begin" : 54,  "end" : 135,  "EventPolarity" : "EVE negative",  "Prominence" : "Background" }, 
        {"sofa" : 12,  "begin" : 142,  "end" : 181,  "EventPolarity" : "EVE negative",  "Prominence" : "Main" } ] } }, 
  "_referenced_fss" : {
    "12" : {"_type" : "Sofa",  "sofaNum" : 1,  "sofaID" : "_InitialView",  "mimeType" : "text",  "sofaString" : "Motorrijder ( 35 ) gewond bij aanrijding op steenweg\n Een 35 - jarige motorrijder is dinsdagavond gewond overgebracht naar het ziekenhuis nadat hij betrokken raakte bij een aanrijding op de Tiensesteenweg in Leuven .\n " } } }
