{"_context" : {
    "_types" : {
      "DocumentMetaData" : {
        "_feature_types" : {"sofa" : "_ref" } }, 
      "Eventclauses" : {
        "_feature_types" : {"sofa" : "_ref",  "Arguments" : "_ref",  "Polarity" : "_ref",  "PolarityTrigger" : "_ref",  "Sameclause" : "_ref" } }, 
      "Sentence" : {
        "_feature_types" : {"sofa" : "_ref" } }, 
      "Sofa" : {
        "_feature_types" : {"sofaArray" : "_ref" } }, 
      "TagsetDescription" : {
        "_feature_types" : {"sofa" : "_ref",  "tags" : "_ref" } }, 
      "Token" : {
        "_feature_types" : {"sofa" : "_ref",  "parent" : "_ref",  "lemma" : "_ref",  "stem" : "_ref",  "pos" : "_ref",  "morph" : "_ref",  "form" : "_ref" } }, 
      "DocumentAnnotation" : {
        "_feature_types" : {"sofa" : "_ref" }, 
        "_subtypes" : ["DocumentMetaData" ] }, 
      "Annotation" : {
        "_feature_types" : {"sofa" : "_ref" }, 
        "_subtypes" : ["DocumentAnnotation",  "Eventclauses",  "Sentence",  "TagsetDescription",  "Token" ] }, 
      "AnnotationBase" : {
        "_feature_types" : {"sofa" : "_ref" }, 
        "_subtypes" : ["Annotation" ] }, 
      "TOP" : {
        "_subtypes" : ["AnnotationBase",  "Sofa" ] } } }, 
  "_views" : {
    "_InitialView" : {
      "DocumentMetaData" : [
        {"sofa" : 12,  "end" : 278,  "language" : "x-unspecified",  "documentTitle" : "dmf20211123_95516638.txt",  "documentId" : "WoutBoven",  "documentUri" : "file:/export/repository/project/114/document/44281/source/WoutBoven",  "collectionId" : "file:/export/repository/project/114/document/44281/source/",  "documentBaseUri" : "file:/export/repository/project/114/document/44281/source/",  "isLastSegment" : false } ], 
      "TagsetDescription" : [
        {"sofa" : 12,  "layer" : "de.tudarmstadt.ukp.dkpro.core.api.syntax.type.dependency.Dependency",  "name" : "UD Universal Dependencies",  "input" : false }, 
        {"sofa" : 12,  "layer" : "webanno.custom.Entities",  "name" : "Entity - mention level types",  "input" : false }, 
        {"sofa" : 12,  "layer" : "webanno.custom.Eventclauses",  "name" : "Event - tense",  "input" : false }, 
        {"sofa" : 12,  "layer" : "webanno.custom.Eventsarguments",  "name" : "eventdna_argument_entities_(auto)",  "input" : false }, 
        {"sofa" : 12,  "layer" : "webanno.custom.Namedentities",  "name" : "NE types",  "input" : false }, 
        {"sofa" : 12,  "layer" : "webanno.custom.EntitiesLETSpreanno",  "name" : "Named entity - types",  "input" : false }, 
        {"sofa" : 12,  "layer" : "de.tudarmstadt.ukp.dkpro.core.api.transform.type.SofaChangeAnnotation",  "name" : "Operation",  "input" : false }, 
        {"sofa" : 12,  "layer" : "de.tudarmstadt.ukp.dkpro.core.api.lexmorph.type.pos.POS",  "name" : "UD Universal POS tags",  "input" : false }, 
        {"sofa" : 12,  "layer" : "webanno.custom.Polaritytriggers",  "name" : "Polarity",  "input" : false }, 
        {"sofa" : 12,  "layer" : "de.tudarmstadt.ukp.dkpro.core.api.segmentation.type.SurfaceForm",  "name" : "Named Entity tags",  "input" : false } ], 
      "Sentence" : [
        {"sofa" : 12,  "end" : 48 }, 
        {"sofa" : 12,  "begin" : 50,  "end" : 165 }, 
        {"sofa" : 12,  "begin" : 167,  "end" : 200 }, 
        {"sofa" : 12,  "begin" : 202,  "end" : 241 }, 
        {"sofa" : 12,  "begin" : 243,  "end" : 276 } ], 
      "Token" : [
        {"sofa" : 12,  "end" : 4 }, 
        {"sofa" : 12,  "begin" : 5,  "end" : 12 }, 
        {"sofa" : 12,  "begin" : 13,  "end" : 18 }, 
        {"sofa" : 12,  "begin" : 19,  "end" : 25 }, 
        {"sofa" : 12,  "begin" : 26,  "end" : 29 }, 
        {"sofa" : 12,  "begin" : 30,  "end" : 36 }, 
        {"sofa" : 12,  "begin" : 37,  "end" : 39 }, 
        {"sofa" : 12,  "begin" : 40,  "end" : 48 }, 
        {"sofa" : 12,  "begin" : 50,  "end" : 53 }, 
        {"sofa" : 12,  "begin" : 54,  "end" : 58 }, 
        {"sofa" : 12,  "begin" : 59,  "end" : 61 }, 
        {"sofa" : 12,  "begin" : 62,  "end" : 69 }, 
        {"sofa" : 12,  "begin" : 70,  "end" : 74 }, 
        {"sofa" : 12,  "begin" : 75,  "end" : 77 }, 
        {"sofa" : 12,  "begin" : 78,  "end" : 81 }, 
        {"sofa" : 12,  "begin" : 82,  "end" : 87 }, 
        {"sofa" : 12,  "begin" : 88,  "end" : 94 }, 
        {"sofa" : 12,  "begin" : 95,  "end" : 101 }, 
        {"sofa" : 12,  "begin" : 102,  "end" : 104 }, 
        {"sofa" : 12,  "begin" : 105,  "end" : 107 }, 
        {"sofa" : 12,  "begin" : 108,  "end" : 127 }, 
        {"sofa" : 12,  "begin" : 128,  "end" : 130 }, 
        {"sofa" : 12,  "begin" : 131,  "end" : 139 }, 
        {"sofa" : 12,  "begin" : 140,  "end" : 141 }, 
        {"sofa" : 12,  "begin" : 142,  "end" : 149 }, 
        {"sofa" : 12,  "begin" : 150,  "end" : 152 }, 
        {"sofa" : 12,  "begin" : 153,  "end" : 163 }, 
        {"sofa" : 12,  "begin" : 164,  "end" : 165 }, 
        {"sofa" : 12,  "begin" : 167,  "end" : 171 }, 
        {"sofa" : 12,  "begin" : 172,  "end" : 175 }, 
        {"sofa" : 12,  "begin" : 176,  "end" : 179 }, 
        {"sofa" : 12,  "begin" : 180,  "end" : 183 }, 
        {"sofa" : 12,  "begin" : 184,  "end" : 187 }, 
        {"sofa" : 12,  "begin" : 188,  "end" : 191 }, 
        {"sofa" : 12,  "begin" : 192,  "end" : 198 }, 
        {"sofa" : 12,  "begin" : 199,  "end" : 200 }, 
        {"sofa" : 12,  "begin" : 202,  "end" : 205 }, 
        {"sofa" : 12,  "begin" : 206,  "end" : 212 }, 
        {"sofa" : 12,  "begin" : 213,  "end" : 216 }, 
        {"sofa" : 12,  "begin" : 217,  "end" : 220 }, 
        {"sofa" : 12,  "begin" : 221,  "end" : 227 }, 
        {"sofa" : 12,  "begin" : 228,  "end" : 232 }, 
        {"sofa" : 12,  "begin" : 233,  "end" : 239 }, 
        {"sofa" : 12,  "begin" : 240,  "end" : 241 }, 
        {"sofa" : 12,  "begin" : 243,  "end" : 245 }, 
        {"sofa" : 12,  "begin" : 246,  "end" : 257 }, 
        {"sofa" : 12,  "begin" : 258,  "end" : 261 }, 
        {"sofa" : 12,  "begin" : 262,  "end" : 267 }, 
        {"sofa" : 12,  "begin" : 268,  "end" : 276 } ], 
      "Eventclauses" : [
        {"sofa" : 12,  "end" : 48,  "EventPolarity" : "EVE negative",  "Prominence" : "Main" }, 
        {"sofa" : 12,  "begin" : 50,  "end" : 139,  "EventPolarity" : "EVE negative",  "Prominence" : "Main" }, 
        {"sofa" : 12,  "begin" : 167,  "end" : 198,  "EventPolarity" : "EVE neutral",  "Prominence" : "Background" }, 
        {"sofa" : 12,  "begin" : 202,  "end" : 239,  "EventPolarity" : "EVE positive",  "Prominence" : "Background" }, 
        {"sofa" : 12,  "begin" : 243,  "end" : 276,  "EventPolarity" : "EVE negative",  "Prominence" : "Background" } ] } }, 
  "_referenced_fss" : {
    "12" : {"_type" : "Sofa",  "sofaNum" : 1,  "sofaID" : "_InitialView",  "mimeType" : "text",  "sofaString" : "Auto belandt tegen gevels van huizen in Tongeren\n Een auto is dinsdag rond 15 uur tegen huizen beland op de Maastrichersteenweg in Tongeren , vlakbij de bloemenhal .\n Daar was een man aan het lossen .\n Die raakte als bij wonder niet gewond .\n De bestuurster was onwel geworden\n " } } }