{"_context" : {
    "_types" : {
      "DocumentMetaData" : {
        "_feature_types" : {"sofa" : "_ref" } }, 
      "Eventclauses" : {
        "_feature_types" : {"sofa" : "_ref",  "Arguments" : "_ref",  "Polarity" : "_ref",  "PolarityTrigger" : "_ref",  "Sameclause" : "_ref" } }, 
      "Sentence" : {
        "_feature_types" : {"sofa" : "_ref" } }, 
      "Sofa" : {
        "_feature_types" : {"sofaArray" : "_ref" } }, 
      "TagsetDescription" : {
        "_feature_types" : {"sofa" : "_ref",  "tags" : "_ref" } }, 
      "Token" : {
        "_feature_types" : {"sofa" : "_ref",  "parent" : "_ref",  "lemma" : "_ref",  "stem" : "_ref",  "pos" : "_ref",  "morph" : "_ref",  "form" : "_ref" } }, 
      "DocumentAnnotation" : {
        "_feature_types" : {"sofa" : "_ref" }, 
        "_subtypes" : ["DocumentMetaData" ] }, 
      "Annotation" : {
        "_feature_types" : {"sofa" : "_ref" }, 
        "_subtypes" : ["DocumentAnnotation",  "Eventclauses",  "Sentence",  "TagsetDescription",  "Token" ] }, 
      "AnnotationBase" : {
        "_feature_types" : {"sofa" : "_ref" }, 
        "_subtypes" : ["Annotation" ] }, 
      "TOP" : {
        "_subtypes" : ["AnnotationBase",  "Sofa" ] } } }, 
  "_views" : {
    "_InitialView" : {
      "DocumentMetaData" : [
        {"sofa" : 12,  "end" : 307,  "language" : "x-unspecified",  "documentTitle" : "dmf20211116_94979542.txt",  "documentId" : "WoutBoven",  "documentUri" : "file:/export/repository/project/114/document/44329/source/WoutBoven",  "collectionId" : "file:/export/repository/project/114/document/44329/source/",  "documentBaseUri" : "file:/export/repository/project/114/document/44329/source/",  "isLastSegment" : false } ], 
      "TagsetDescription" : [
        {"sofa" : 12,  "layer" : "de.tudarmstadt.ukp.dkpro.core.api.syntax.type.dependency.Dependency",  "name" : "UD Universal Dependencies",  "input" : false }, 
        {"sofa" : 12,  "layer" : "webanno.custom.Entities",  "name" : "Entity - mention level types",  "input" : false }, 
        {"sofa" : 12,  "layer" : "webanno.custom.Eventclauses",  "name" : "Event - tense",  "input" : false }, 
        {"sofa" : 12,  "layer" : "webanno.custom.Eventsarguments",  "name" : "eventdna_argument_entities_(auto)",  "input" : false }, 
        {"sofa" : 12,  "layer" : "webanno.custom.Namedentities",  "name" : "NE types",  "input" : false }, 
        {"sofa" : 12,  "layer" : "webanno.custom.EntitiesLETSpreanno",  "name" : "Named entity - types",  "input" : false }, 
        {"sofa" : 12,  "layer" : "de.tudarmstadt.ukp.dkpro.core.api.transform.type.SofaChangeAnnotation",  "name" : "Operation",  "input" : false }, 
        {"sofa" : 12,  "layer" : "de.tudarmstadt.ukp.dkpro.core.api.lexmorph.type.pos.POS",  "name" : "UD Universal POS tags",  "input" : false }, 
        {"sofa" : 12,  "layer" : "webanno.custom.Polaritytriggers",  "name" : "Polarity",  "input" : false }, 
        {"sofa" : 12,  "layer" : "de.tudarmstadt.ukp.dkpro.core.api.segmentation.type.SurfaceForm",  "name" : "Named Entity tags",  "input" : false } ], 
      "Sentence" : [
        {"sofa" : 12,  "end" : 55 }, 
        {"sofa" : 12,  "begin" : 57,  "end" : 153 }, 
        {"sofa" : 12,  "begin" : 155,  "end" : 245 }, 
        {"sofa" : 12,  "begin" : 247,  "end" : 305 } ], 
      "Token" : [
        {"sofa" : 12,  "end" : 8 }, 
        {"sofa" : 12,  "begin" : 9,  "end" : 21 }, 
        {"sofa" : 12,  "begin" : 22,  "end" : 27 }, 
        {"sofa" : 12,  "begin" : 28,  "end" : 31 }, 
        {"sofa" : 12,  "begin" : 32,  "end" : 34 }, 
        {"sofa" : 12,  "begin" : 35,  "end" : 46 }, 
        {"sofa" : 12,  "begin" : 47,  "end" : 55 }, 
        {"sofa" : 12,  "begin" : 57,  "end" : 68 }, 
        {"sofa" : 12,  "begin" : 69,  "end" : 77 }, 
        {"sofa" : 12,  "begin" : 78,  "end" : 80 }, 
        {"sofa" : 12,  "begin" : 81,  "end" : 89 }, 
        {"sofa" : 12,  "begin" : 90,  "end" : 95 }, 
        {"sofa" : 12,  "begin" : 96,  "end" : 100 }, 
        {"sofa" : 12,  "begin" : 101,  "end" : 112 }, 
        {"sofa" : 12,  "begin" : 113,  "end" : 118 }, 
        {"sofa" : 12,  "begin" : 119,  "end" : 122 }, 
        {"sofa" : 12,  "begin" : 123,  "end" : 127 }, 
        {"sofa" : 12,  "begin" : 128,  "end" : 134 }, 
        {"sofa" : 12,  "begin" : 135,  "end" : 143 }, 
        {"sofa" : 12,  "begin" : 144,  "end" : 151 }, 
        {"sofa" : 12,  "begin" : 152,  "end" : 153 }, 
        {"sofa" : 12,  "begin" : 155,  "end" : 159 }, 
        {"sofa" : 12,  "begin" : 160,  "end" : 164 }, 
        {"sofa" : 12,  "begin" : 165,  "end" : 170 }, 
        {"sofa" : 12,  "begin" : 171,  "end" : 179 }, 
        {"sofa" : 12,  "begin" : 180,  "end" : 183 }, 
        {"sofa" : 12,  "begin" : 184,  "end" : 186 }, 
        {"sofa" : 12,  "begin" : 187,  "end" : 198 }, 
        {"sofa" : 12,  "begin" : 199,  "end" : 202 }, 
        {"sofa" : 12,  "begin" : 203,  "end" : 205 }, 
        {"sofa" : 12,  "begin" : 206,  "end" : 212 }, 
        {"sofa" : 12,  "begin" : 213,  "end" : 215 }, 
        {"sofa" : 12,  "begin" : 216,  "end" : 219 }, 
        {"sofa" : 12,  "begin" : 220,  "end" : 226 }, 
        {"sofa" : 12,  "begin" : 227,  "end" : 229 }, 
        {"sofa" : 12,  "begin" : 230,  "end" : 233 }, 
        {"sofa" : 12,  "begin" : 234,  "end" : 243 }, 
        {"sofa" : 12,  "begin" : 244,  "end" : 245 }, 
        {"sofa" : 12,  "begin" : 247,  "end" : 249 }, 
        {"sofa" : 12,  "begin" : 250,  "end" : 258 }, 
        {"sofa" : 12,  "begin" : 259,  "end" : 266 }, 
        {"sofa" : 12,  "begin" : 267,  "end" : 269 }, 
        {"sofa" : 12,  "begin" : 270,  "end" : 278 }, 
        {"sofa" : 12,  "begin" : 279,  "end" : 282 }, 
        {"sofa" : 12,  "begin" : 283,  "end" : 292 }, 
        {"sofa" : 12,  "begin" : 293,  "end" : 303 }, 
        {"sofa" : 12,  "begin" : 304,  "end" : 305 } ], 
      "Eventclauses" : [
        {"sofa" : 12,  "end" : 55,  "EventPolarity" : "EVE neutral",  "Prominence" : "Main" }, 
        {"sofa" : 12,  "begin" : 57,  "end" : 151,  "EventPolarity" : "EVE neutral",  "Prominence" : "Main" }, 
        {"sofa" : 12,  "begin" : 155,  "end" : 243,  "EventPolarity" : "EVE neutral",  "Prominence" : "Background" }, 
        {"sofa" : 12,  "begin" : 247,  "end" : 303,  "EventPolarity" : "EVE positive",  "Prominence" : "Background" } ] } }, 
  "_referenced_fss" : {
    "12" : {"_type" : "Sofa",  "sofaNum" : 1,  "sofaID" : "_InitialView",  "mimeType" : "text",  "sofaString" : "Europese leerkrachten geven les in basisschool Kameleon\n Basisschool Kameleon in Turnhout werkt drie schooljaren samen met vijf andere Europese scholen .\n Deze week staan bezoeken aan de hoofdsteden van de Kempen en van België op het programma .\n In Turnhout leerden de kinderen hun gevoelens uitdrukken .\n " } } }