{"_context" : {
    "_types" : {
      "DocumentMetaData" : {
        "_feature_types" : {"sofa" : "_ref" } }, 
      "Eventclauses" : {
        "_feature_types" : {"sofa" : "_ref",  "Arguments" : "_ref",  "Polarity" : "_ref",  "PolarityTrigger" : "_ref",  "Sameclause" : "_ref" } }, 
      "Sentence" : {
        "_feature_types" : {"sofa" : "_ref" } }, 
      "Sofa" : {
        "_feature_types" : {"sofaArray" : "_ref" } }, 
      "TagsetDescription" : {
        "_feature_types" : {"sofa" : "_ref",  "tags" : "_ref" } }, 
      "Token" : {
        "_feature_types" : {"sofa" : "_ref",  "parent" : "_ref",  "lemma" : "_ref",  "stem" : "_ref",  "pos" : "_ref",  "morph" : "_ref",  "form" : "_ref" } }, 
      "DocumentAnnotation" : {
        "_feature_types" : {"sofa" : "_ref" }, 
        "_subtypes" : ["DocumentMetaData" ] }, 
      "Annotation" : {
        "_feature_types" : {"sofa" : "_ref" }, 
        "_subtypes" : ["DocumentAnnotation",  "Eventclauses",  "Sentence",  "TagsetDescription",  "Token" ] }, 
      "AnnotationBase" : {
        "_feature_types" : {"sofa" : "_ref" }, 
        "_subtypes" : ["Annotation" ] }, 
      "TOP" : {
        "_subtypes" : ["AnnotationBase",  "Sofa" ] } } }, 
  "_views" : {
    "_InitialView" : {
      "DocumentMetaData" : [
        {"sofa" : 12,  "end" : 534,  "language" : "x-unspecified",  "documentTitle" : "dmf20211124_95785928.txt",  "documentId" : "WoutBoven",  "documentUri" : "file:/export/repository/project/114/document/44268/source/WoutBoven",  "collectionId" : "file:/export/repository/project/114/document/44268/source/",  "documentBaseUri" : "file:/export/repository/project/114/document/44268/source/",  "isLastSegment" : false } ], 
      "TagsetDescription" : [
        {"sofa" : 12,  "layer" : "de.tudarmstadt.ukp.dkpro.core.api.syntax.type.dependency.Dependency",  "name" : "UD Universal Dependencies",  "input" : false }, 
        {"sofa" : 12,  "layer" : "webanno.custom.Entities",  "name" : "Entity - mention level types",  "input" : false }, 
        {"sofa" : 12,  "layer" : "webanno.custom.Eventclauses",  "name" : "Event - tense",  "input" : false }, 
        {"sofa" : 12,  "layer" : "webanno.custom.Eventsarguments",  "name" : "eventdna_argument_entities_(auto)",  "input" : false }, 
        {"sofa" : 12,  "layer" : "webanno.custom.Namedentities",  "name" : "NE types",  "input" : false }, 
        {"sofa" : 12,  "layer" : "webanno.custom.EntitiesLETSpreanno",  "name" : "Named entity - types",  "input" : false }, 
        {"sofa" : 12,  "layer" : "de.tudarmstadt.ukp.dkpro.core.api.transform.type.SofaChangeAnnotation",  "name" : "Operation",  "input" : false }, 
        {"sofa" : 12,  "layer" : "de.tudarmstadt.ukp.dkpro.core.api.lexmorph.type.pos.POS",  "name" : "UD Universal POS tags",  "input" : false }, 
        {"sofa" : 12,  "layer" : "webanno.custom.Polaritytriggers",  "name" : "Polarity",  "input" : false }, 
        {"sofa" : 12,  "layer" : "de.tudarmstadt.ukp.dkpro.core.api.segmentation.type.SurfaceForm",  "name" : "Named Entity tags",  "input" : false } ], 
      "Sentence" : [
        {"sofa" : 12,  "end" : 76 }, 
        {"sofa" : 12,  "begin" : 78,  "end" : 145 }, 
        {"sofa" : 12,  "begin" : 147,  "end" : 283 }, 
        {"sofa" : 12,  "begin" : 285,  "end" : 396 }, 
        {"sofa" : 12,  "begin" : 398,  "end" : 532 } ], 
      "Token" : [
        {"sofa" : 12,  "end" : 3 }, 
        {"sofa" : 12,  "begin" : 4,  "end" : 10 }, 
        {"sofa" : 12,  "begin" : 11,  "end" : 14 }, 
        {"sofa" : 12,  "begin" : 15,  "end" : 22 }, 
        {"sofa" : 12,  "begin" : 23,  "end" : 24 }, 
        {"sofa" : 12,  "begin" : 25,  "end" : 31 }, 
        {"sofa" : 12,  "begin" : 32,  "end" : 34 }, 
        {"sofa" : 12,  "begin" : 35,  "end" : 43 }, 
        {"sofa" : 12,  "begin" : 44,  "end" : 47 }, 
        {"sofa" : 12,  "begin" : 48,  "end" : 51 }, 
        {"sofa" : 12,  "begin" : 52,  "end" : 61 }, 
        {"sofa" : 12,  "begin" : 62,  "end" : 76 }, 
        {"sofa" : 12,  "begin" : 78,  "end" : 80 }, 
        {"sofa" : 12,  "begin" : 81,  "end" : 85 }, 
        {"sofa" : 12,  "begin" : 86,  "end" : 89 }, 
        {"sofa" : 12,  "begin" : 90,  "end" : 95 }, 
        {"sofa" : 12,  "begin" : 96,  "end" : 99 }, 
        {"sofa" : 12,  "begin" : 100,  "end" : 105 }, 
        {"sofa" : 12,  "begin" : 106,  "end" : 110 }, 
        {"sofa" : 12,  "begin" : 111,  "end" : 121 }, 
        {"sofa" : 12,  "begin" : 122,  "end" : 124 }, 
        {"sofa" : 12,  "begin" : 125,  "end" : 127 }, 
        {"sofa" : 12,  "begin" : 128,  "end" : 143 }, 
        {"sofa" : 12,  "begin" : 144,  "end" : 145 }, 
        {"sofa" : 12,  "begin" : 147,  "end" : 149 }, 
        {"sofa" : 12,  "begin" : 150,  "end" : 158 }, 
        {"sofa" : 12,  "begin" : 159,  "end" : 162 }, 
        {"sofa" : 12,  "begin" : 163,  "end" : 165 }, 
        {"sofa" : 12,  "begin" : 166,  "end" : 168 }, 
        {"sofa" : 12,  "begin" : 169,  "end" : 176 }, 
        {"sofa" : 12,  "begin" : 177,  "end" : 180 }, 
        {"sofa" : 12,  "begin" : 181,  "end" : 184 }, 
        {"sofa" : 12,  "begin" : 185,  "end" : 191 }, 
        {"sofa" : 12,  "begin" : 192,  "end" : 194 }, 
        {"sofa" : 12,  "begin" : 195,  "end" : 197 }, 
        {"sofa" : 12,  "begin" : 198,  "end" : 203 }, 
        {"sofa" : 12,  "begin" : 204,  "end" : 210 }, 
        {"sofa" : 12,  "begin" : 211,  "end" : 212 }, 
        {"sofa" : 12,  "begin" : 213,  "end" : 219 }, 
        {"sofa" : 12,  "begin" : 220,  "end" : 226 }, 
        {"sofa" : 12,  "begin" : 227,  "end" : 230 }, 
        {"sofa" : 12,  "begin" : 231,  "end" : 235 }, 
        {"sofa" : 12,  "begin" : 236,  "end" : 250 }, 
        {"sofa" : 12,  "begin" : 251,  "end" : 253 }, 
        {"sofa" : 12,  "begin" : 254,  "end" : 260 }, 
        {"sofa" : 12,  "begin" : 261,  "end" : 268 }, 
        {"sofa" : 12,  "begin" : 269,  "end" : 273 }, 
        {"sofa" : 12,  "begin" : 274,  "end" : 276 }, 
        {"sofa" : 12,  "begin" : 277,  "end" : 281 }, 
        {"sofa" : 12,  "begin" : 282,  "end" : 283 }, 
        {"sofa" : 12,  "begin" : 285,  "end" : 288 }, 
        {"sofa" : 12,  "begin" : 289,  "end" : 298 }, 
        {"sofa" : 12,  "begin" : 299,  "end" : 314 }, 
        {"sofa" : 12,  "begin" : 315,  "end" : 316 }, 
        {"sofa" : 12,  "begin" : 317,  "end" : 319 }, 
        {"sofa" : 12,  "begin" : 320,  "end" : 326 }, 
        {"sofa" : 12,  "begin" : 327,  "end" : 330 }, 
        {"sofa" : 12,  "begin" : 331,  "end" : 333 }, 
        {"sofa" : 12,  "begin" : 334,  "end" : 339 }, 
        {"sofa" : 12,  "begin" : 340,  "end" : 341 }, 
        {"sofa" : 12,  "begin" : 342,  "end" : 346 }, 
        {"sofa" : 12,  "begin" : 347,  "end" : 352 }, 
        {"sofa" : 12,  "begin" : 353,  "end" : 355 }, 
        {"sofa" : 12,  "begin" : 356,  "end" : 358 }, 
        {"sofa" : 12,  "begin" : 359,  "end" : 363 }, 
        {"sofa" : 12,  "begin" : 364,  "end" : 366 }, 
        {"sofa" : 12,  "begin" : 367,  "end" : 379 }, 
        {"sofa" : 12,  "begin" : 380,  "end" : 383 }, 
        {"sofa" : 12,  "begin" : 384,  "end" : 388 }, 
        {"sofa" : 12,  "begin" : 389,  "end" : 394 }, 
        {"sofa" : 12,  "begin" : 395,  "end" : 396 }, 
        {"sofa" : 12,  "begin" : 398,  "end" : 407 }, 
        {"sofa" : 12,  "begin" : 408,  "end" : 417 }, 
        {"sofa" : 12,  "begin" : 418,  "end" : 421 }, 
        {"sofa" : 12,  "begin" : 422,  "end" : 424 }, 
        {"sofa" : 12,  "begin" : 425,  "end" : 438 }, 
        {"sofa" : 12,  "begin" : 439,  "end" : 447 }, 
        {"sofa" : 12,  "begin" : 448,  "end" : 461 }, 
        {"sofa" : 12,  "begin" : 462,  "end" : 465 }, 
        {"sofa" : 12,  "begin" : 466,  "end" : 476 }, 
        {"sofa" : 12,  "begin" : 477,  "end" : 480 }, 
        {"sofa" : 12,  "begin" : 481,  "end" : 486 }, 
        {"sofa" : 12,  "begin" : 487,  "end" : 491 }, 
        {"sofa" : 12,  "begin" : 492,  "end" : 494 }, 
        {"sofa" : 12,  "begin" : 495,  "end" : 497 }, 
        {"sofa" : 12,  "begin" : 498,  "end" : 504 }, 
        {"sofa" : 12,  "begin" : 505,  "end" : 508 }, 
        {"sofa" : 12,  "begin" : 509,  "end" : 514 }, 
        {"sofa" : 12,  "begin" : 515,  "end" : 517 }, 
        {"sofa" : 12,  "begin" : 518,  "end" : 530 }, 
        {"sofa" : 12,  "begin" : 531,  "end" : 532 } ], 
      "Eventclauses" : [
        {"sofa" : 12,  "end" : 22,  "EventPolarity" : "EVE negative",  "Prominence" : "Main" }, 
        {"sofa" : 12,  "begin" : 78,  "end" : 143,  "EventPolarity" : "EVE negative",  "Prominence" : "Background" }, 
        {"sofa" : 12,  "begin" : 147,  "end" : 281,  "EventPolarity" : "EVE negative",  "Prominence" : "Background" }, 
        {"sofa" : 12,  "begin" : 285,  "end" : 355,  "EventPolarity" : "EVE neutral",  "Prominence" : "Background" }, 
        {"sofa" : 12,  "begin" : 359,  "end" : 394,  "EventPolarity" : "EVE negative",  "Prominence" : "Background" }, 
        {"sofa" : 12,  "begin" : 398,  "end" : 530,  "EventPolarity" : "EVE negative",  "Prominence" : "Main" } ] } }, 
  "_referenced_fss" : {
    "12" : {"_type" : "Sofa",  "sofaNum" : 1,  "sofaID" : "_InitialView",  "mimeType" : "text",  "sofaString" : "Van stront tot schacht : achter de schermen van het Limburgse studentenleven\n De dood van Sanda Dia heeft veel losgemaakt in de studentenwereld .\n De verhalen die in de nasleep van het proces in de media kwamen , zorgen ervoor dat veel studentenclubs de deuren sluiten voor de pers .\n Het Limburgse Seniorenkonvent , de koepel van de clubs , riep zelfs op om niet te communiceren met deze krant .\n Negentien studenten van de Professionele Bachelor Journalistiek van hogeschool PXL doken toch in de wereld van clubs en verenigingen .\n " } } }