{"_context" : {
    "_types" : {
      "DocumentMetaData" : {
        "_feature_types" : {"sofa" : "_ref" } }, 
      "Eventclauses" : {
        "_feature_types" : {"sofa" : "_ref",  "Arguments" : "_ref",  "Polarity" : "_ref",  "PolarityTrigger" : "_ref",  "Sameclause" : "_ref" } }, 
      "Sentence" : {
        "_feature_types" : {"sofa" : "_ref" } }, 
      "Sofa" : {
        "_feature_types" : {"sofaArray" : "_ref" } }, 
      "TagsetDescription" : {
        "_feature_types" : {"sofa" : "_ref",  "tags" : "_ref" } }, 
      "Token" : {
        "_feature_types" : {"sofa" : "_ref",  "parent" : "_ref",  "lemma" : "_ref",  "stem" : "_ref",  "pos" : "_ref",  "morph" : "_ref",  "form" : "_ref" } }, 
      "DocumentAnnotation" : {
        "_feature_types" : {"sofa" : "_ref" }, 
        "_subtypes" : ["DocumentMetaData" ] }, 
      "Annotation" : {
        "_feature_types" : {"sofa" : "_ref" }, 
        "_subtypes" : ["DocumentAnnotation",  "Eventclauses",  "Sentence",  "TagsetDescription",  "Token" ] }, 
      "AnnotationBase" : {
        "_feature_types" : {"sofa" : "_ref" }, 
        "_subtypes" : ["Annotation" ] }, 
      "TOP" : {
        "_subtypes" : ["AnnotationBase",  "Sofa" ] } } }, 
  "_views" : {
    "_InitialView" : {
      "DocumentMetaData" : [
        {"sofa" : 12,  "end" : 459,  "language" : "x-unspecified",  "documentTitle" : "dmf20211116_95238031.txt",  "documentId" : "WoutBoven",  "documentUri" : "file:/export/repository/project/114/document/44328/source/WoutBoven",  "collectionId" : "file:/export/repository/project/114/document/44328/source/",  "documentBaseUri" : "file:/export/repository/project/114/document/44328/source/",  "isLastSegment" : false } ], 
      "TagsetDescription" : [
        {"sofa" : 12,  "layer" : "de.tudarmstadt.ukp.dkpro.core.api.syntax.type.dependency.Dependency",  "name" : "UD Universal Dependencies",  "input" : false }, 
        {"sofa" : 12,  "layer" : "webanno.custom.Entities",  "name" : "Entity - mention level types",  "input" : false }, 
        {"sofa" : 12,  "layer" : "webanno.custom.Eventclauses",  "name" : "Event - tense",  "input" : false }, 
        {"sofa" : 12,  "layer" : "webanno.custom.Eventsarguments",  "name" : "eventdna_argument_entities_(auto)",  "input" : false }, 
        {"sofa" : 12,  "layer" : "webanno.custom.Namedentities",  "name" : "NE types",  "input" : false }, 
        {"sofa" : 12,  "layer" : "webanno.custom.EntitiesLETSpreanno",  "name" : "Named entity - types",  "input" : false }, 
        {"sofa" : 12,  "layer" : "de.tudarmstadt.ukp.dkpro.core.api.transform.type.SofaChangeAnnotation",  "name" : "Operation",  "input" : false }, 
        {"sofa" : 12,  "layer" : "de.tudarmstadt.ukp.dkpro.core.api.lexmorph.type.pos.POS",  "name" : "UD Universal POS tags",  "input" : false }, 
        {"sofa" : 12,  "layer" : "webanno.custom.Polaritytriggers",  "name" : "Polarity",  "input" : false }, 
        {"sofa" : 12,  "layer" : "de.tudarmstadt.ukp.dkpro.core.api.segmentation.type.SurfaceForm",  "name" : "Named Entity tags",  "input" : false } ], 
      "Sentence" : [
        {"sofa" : 12,  "end" : 89 }, 
        {"sofa" : 12,  "begin" : 91,  "end" : 211 }, 
        {"sofa" : 12,  "begin" : 213,  "end" : 457 } ], 
      "Token" : [
        {"sofa" : 12,  "end" : 3 }, 
        {"sofa" : 12,  "begin" : 4,  "end" : 20 }, 
        {"sofa" : 12,  "begin" : 21,  "end" : 24 }, 
        {"sofa" : 12,  "begin" : 25,  "end" : 29 }, 
        {"sofa" : 12,  "begin" : 30,  "end" : 31 }, 
        {"sofa" : 12,  "begin" : 32,  "end" : 36 }, 
        {"sofa" : 12,  "begin" : 37,  "end" : 50 }, 
        {"sofa" : 12,  "begin" : 51,  "end" : 54 }, 
        {"sofa" : 12,  "begin" : 55,  "end" : 62 }, 
        {"sofa" : 12,  "begin" : 63,  "end" : 67 }, 
        {"sofa" : 12,  "begin" : 68,  "end" : 79 }, 
        {"sofa" : 12,  "begin" : 80,  "end" : 89 }, 
        {"sofa" : 12,  "begin" : 91,  "end" : 102 }, 
        {"sofa" : 12,  "begin" : 103,  "end" : 106 }, 
        {"sofa" : 12,  "begin" : 107,  "end" : 123 }, 
        {"sofa" : 12,  "begin" : 124,  "end" : 126 }, 
        {"sofa" : 12,  "begin" : 127,  "end" : 135 }, 
        {"sofa" : 12,  "begin" : 136,  "end" : 140 }, 
        {"sofa" : 12,  "begin" : 141,  "end" : 143 }, 
        {"sofa" : 12,  "begin" : 144,  "end" : 149 }, 
        {"sofa" : 12,  "begin" : 150,  "end" : 154 }, 
        {"sofa" : 12,  "begin" : 155,  "end" : 157 }, 
        {"sofa" : 12,  "begin" : 158,  "end" : 161 }, 
        {"sofa" : 12,  "begin" : 162,  "end" : 167 }, 
        {"sofa" : 12,  "begin" : 168,  "end" : 173 }, 
        {"sofa" : 12,  "begin" : 174,  "end" : 178 }, 
        {"sofa" : 12,  "begin" : 179,  "end" : 182 }, 
        {"sofa" : 12,  "begin" : 183,  "end" : 187 }, 
        {"sofa" : 12,  "begin" : 188,  "end" : 191 }, 
        {"sofa" : 12,  "begin" : 192,  "end" : 201 }, 
        {"sofa" : 12,  "begin" : 202,  "end" : 209 }, 
        {"sofa" : 12,  "begin" : 210,  "end" : 211 }, 
        {"sofa" : 12,  "begin" : 213,  "end" : 215 }, 
        {"sofa" : 12,  "begin" : 216,  "end" : 228 }, 
        {"sofa" : 12,  "begin" : 229,  "end" : 241 }, 
        {"sofa" : 12,  "begin" : 242,  "end" : 252 }, 
        {"sofa" : 12,  "begin" : 253,  "end" : 256 }, 
        {"sofa" : 12,  "begin" : 257,  "end" : 259 }, 
        {"sofa" : 12,  "begin" : 260,  "end" : 267 }, 
        {"sofa" : 12,  "begin" : 268,  "end" : 270 }, 
        {"sofa" : 12,  "begin" : 271,  "end" : 273 }, 
        {"sofa" : 12,  "begin" : 274,  "end" : 286 }, 
        {"sofa" : 12,  "begin" : 287,  "end" : 289 }, 
        {"sofa" : 12,  "begin" : 290,  "end" : 293 }, 
        {"sofa" : 12,  "begin" : 294,  "end" : 299 }, 
        {"sofa" : 12,  "begin" : 300,  "end" : 305 }, 
        {"sofa" : 12,  "begin" : 306,  "end" : 315 }, 
        {"sofa" : 12,  "begin" : 316,  "end" : 320 }, 
        {"sofa" : 12,  "begin" : 321,  "end" : 324 }, 
        {"sofa" : 12,  "begin" : 325,  "end" : 335 }, 
        {"sofa" : 12,  "begin" : 336,  "end" : 341 }, 
        {"sofa" : 12,  "begin" : 342,  "end" : 349 }, 
        {"sofa" : 12,  "begin" : 350,  "end" : 355 }, 
        {"sofa" : 12,  "begin" : 356,  "end" : 359 }, 
        {"sofa" : 12,  "begin" : 360,  "end" : 372 }, 
        {"sofa" : 12,  "begin" : 373,  "end" : 382 }, 
        {"sofa" : 12,  "begin" : 383,  "end" : 386 }, 
        {"sofa" : 12,  "begin" : 387,  "end" : 390 }, 
        {"sofa" : 12,  "begin" : 391,  "end" : 403 }, 
        {"sofa" : 12,  "begin" : 404,  "end" : 405 }, 
        {"sofa" : 12,  "begin" : 406,  "end" : 410 }, 
        {"sofa" : 12,  "begin" : 411,  "end" : 413 }, 
        {"sofa" : 12,  "begin" : 414,  "end" : 420 }, 
        {"sofa" : 12,  "begin" : 421,  "end" : 427 }, 
        {"sofa" : 12,  "begin" : 428,  "end" : 439 }, 
        {"sofa" : 12,  "begin" : 440,  "end" : 446 }, 
        {"sofa" : 12,  "begin" : 447,  "end" : 455 }, 
        {"sofa" : 12,  "begin" : 456,  "end" : 457 } ], 
      "Eventclauses" : [
        {"sofa" : 12,  "end" : 29,  "EventPolarity" : "EVE positive",  "Prominence" : "Main" }, 
        {"sofa" : 12,  "begin" : 37,  "end" : 89,  "EventPolarity" : "EVE negative",  "Prominence" : "Main" }, 
        {"sofa" : 12,  "begin" : 91,  "end" : 209,  "EventPolarity" : "EVE positive",  "Prominence" : "Main" }, 
        {"sofa" : 12,  "begin" : 213,  "end" : 349,  "EventPolarity" : "EVE negative",  "Prominence" : "Background" }, 
        {"sofa" : 12,  "begin" : 411,  "end" : 455,  "EventPolarity" : "EVE positive",  "Prominence" : "Background" } ] } }, 
  "_referenced_fss" : {
    "12" : {"_type" : "Sofa",  "sofaNum" : 1,  "sofaID" : "_InitialView",  "mimeType" : "text",  "sofaString" : "Wel Sinterklaasstoet dit jaar , maar Goedheiligman zal kindjes niet persoonlijk ontvangen\n Sinterklaas zal zaterdagnamiddag 27 november voor de 45ste keer in een bonte stoet door het dorp van Westmalle trekken .\n De traditionele persoonlijke begroeting van de kindjes in de parochiezaal op het einde wordt vervangen door een begroeting vanop afstand samen met burgemeester Hendrickx aan het gemeentehuis , waar de Zwarte Pieten geschenkjes zullen uitdelen .\n " } } }