{"_context" : {
    "_types" : {
      "DocumentMetaData" : {
        "_feature_types" : {"sofa" : "_ref" } }, 
      "Eventclauses" : {
        "_feature_types" : {"sofa" : "_ref",  "Arguments" : "_ref",  "Polarity" : "_ref",  "PolarityTrigger" : "_ref",  "Sameclause" : "_ref" } }, 
      "Sentence" : {
        "_feature_types" : {"sofa" : "_ref" } }, 
      "Sofa" : {
        "_feature_types" : {"sofaArray" : "_ref" } }, 
      "TagsetDescription" : {
        "_feature_types" : {"sofa" : "_ref",  "tags" : "_ref" } }, 
      "Token" : {
        "_feature_types" : {"sofa" : "_ref",  "parent" : "_ref",  "lemma" : "_ref",  "stem" : "_ref",  "pos" : "_ref",  "morph" : "_ref",  "form" : "_ref" } }, 
      "DocumentAnnotation" : {
        "_feature_types" : {"sofa" : "_ref" }, 
        "_subtypes" : ["DocumentMetaData" ] }, 
      "Annotation" : {
        "_feature_types" : {"sofa" : "_ref" }, 
        "_subtypes" : ["DocumentAnnotation",  "Eventclauses",  "Sentence",  "TagsetDescription",  "Token" ] }, 
      "AnnotationBase" : {
        "_feature_types" : {"sofa" : "_ref" }, 
        "_subtypes" : ["Annotation" ] }, 
      "TOP" : {
        "_subtypes" : ["AnnotationBase",  "Sofa" ] } } }, 
  "_views" : {
    "_InitialView" : {
      "DocumentMetaData" : [
        {"sofa" : 12,  "end" : 325,  "language" : "x-unspecified",  "documentTitle" : "dmf20211108_97645751.txt",  "documentId" : "WoutBoven",  "documentUri" : "file:/export/repository/project/114/document/44385/source/WoutBoven",  "collectionId" : "file:/export/repository/project/114/document/44385/source/",  "documentBaseUri" : "file:/export/repository/project/114/document/44385/source/",  "isLastSegment" : false } ], 
      "TagsetDescription" : [
        {"sofa" : 12,  "layer" : "de.tudarmstadt.ukp.dkpro.core.api.syntax.type.dependency.Dependency",  "name" : "UD Universal Dependencies",  "input" : false }, 
        {"sofa" : 12,  "layer" : "webanno.custom.Entities",  "name" : "Entity - mention level types",  "input" : false }, 
        {"sofa" : 12,  "layer" : "webanno.custom.Eventclauses",  "name" : "Event - tense",  "input" : false }, 
        {"sofa" : 12,  "layer" : "webanno.custom.Eventsarguments",  "name" : "eventdna_argument_entities_(auto)",  "input" : false }, 
        {"sofa" : 12,  "layer" : "webanno.custom.Namedentities",  "name" : "NE types",  "input" : false }, 
        {"sofa" : 12,  "layer" : "webanno.custom.EntitiesLETSpreanno",  "name" : "Named entity - types",  "input" : false }, 
        {"sofa" : 12,  "layer" : "de.tudarmstadt.ukp.dkpro.core.api.transform.type.SofaChangeAnnotation",  "name" : "Operation",  "input" : false }, 
        {"sofa" : 12,  "layer" : "de.tudarmstadt.ukp.dkpro.core.api.lexmorph.type.pos.POS",  "name" : "UD Universal POS tags",  "input" : false }, 
        {"sofa" : 12,  "layer" : "webanno.custom.Polaritytriggers",  "name" : "Polarity",  "input" : false }, 
        {"sofa" : 12,  "layer" : "de.tudarmstadt.ukp.dkpro.core.api.segmentation.type.SurfaceForm",  "name" : "Named Entity tags",  "input" : false } ], 
      "Sentence" : [
        {"sofa" : 12,  "end" : 113 }, 
        {"sofa" : 12,  "begin" : 115,  "end" : 323 } ], 
      "Token" : [
        {"sofa" : 12,  "end" : 6 }, 
        {"sofa" : 12,  "begin" : 7,  "end" : 10 }, 
        {"sofa" : 12,  "begin" : 11,  "end" : 14 }, 
        {"sofa" : 12,  "begin" : 15,  "end" : 23 }, 
        {"sofa" : 12,  "begin" : 24,  "end" : 25 }, 
        {"sofa" : 12,  "begin" : 26,  "end" : 31 }, 
        {"sofa" : 12,  "begin" : 32,  "end" : 38 }, 
        {"sofa" : 12,  "begin" : 39,  "end" : 41 }, 
        {"sofa" : 12,  "begin" : 42,  "end" : 46 }, 
        {"sofa" : 12,  "begin" : 47,  "end" : 50 }, 
        {"sofa" : 12,  "begin" : 51,  "end" : 54 }, 
        {"sofa" : 12,  "begin" : 55,  "end" : 58 }, 
        {"sofa" : 12,  "begin" : 59,  "end" : 61 }, 
        {"sofa" : 12,  "begin" : 62,  "end" : 66 }, 
        {"sofa" : 12,  "begin" : 67,  "end" : 73 }, 
        {"sofa" : 12,  "begin" : 74,  "end" : 84 }, 
        {"sofa" : 12,  "begin" : 85,  "end" : 87 }, 
        {"sofa" : 12,  "begin" : 88,  "end" : 91 }, 
        {"sofa" : 12,  "begin" : 92,  "end" : 96 }, 
        {"sofa" : 12,  "begin" : 97,  "end" : 99 }, 
        {"sofa" : 12,  "begin" : 100,  "end" : 106 }, 
        {"sofa" : 12,  "begin" : 107,  "end" : 113 }, 
        {"sofa" : 12,  "begin" : 115,  "end" : 121 }, 
        {"sofa" : 12,  "begin" : 122,  "end" : 125 }, 
        {"sofa" : 12,  "begin" : 126,  "end" : 129 }, 
        {"sofa" : 12,  "begin" : 130,  "end" : 138 }, 
        {"sofa" : 12,  "begin" : 139,  "end" : 143 }, 
        {"sofa" : 12,  "begin" : 144,  "end" : 148 }, 
        {"sofa" : 12,  "begin" : 149,  "end" : 154 }, 
        {"sofa" : 12,  "begin" : 155,  "end" : 161 }, 
        {"sofa" : 12,  "begin" : 162,  "end" : 169 }, 
        {"sofa" : 12,  "begin" : 170,  "end" : 175 }, 
        {"sofa" : 12,  "begin" : 176,  "end" : 179 }, 
        {"sofa" : 12,  "begin" : 180,  "end" : 183 }, 
        {"sofa" : 12,  "begin" : 184,  "end" : 189 }, 
        {"sofa" : 12,  "begin" : 190,  "end" : 193 }, 
        {"sofa" : 12,  "begin" : 194,  "end" : 196 }, 
        {"sofa" : 12,  "begin" : 197,  "end" : 203 }, 
        {"sofa" : 12,  "begin" : 204,  "end" : 209 }, 
        {"sofa" : 12,  "begin" : 210,  "end" : 213 }, 
        {"sofa" : 12,  "begin" : 214,  "end" : 221 }, 
        {"sofa" : 12,  "begin" : 222,  "end" : 225 }, 
        {"sofa" : 12,  "begin" : 226,  "end" : 237 }, 
        {"sofa" : 12,  "begin" : 238,  "end" : 241 }, 
        {"sofa" : 12,  "begin" : 242,  "end" : 244 }, 
        {"sofa" : 12,  "begin" : 245,  "end" : 253 }, 
        {"sofa" : 12,  "begin" : 254,  "end" : 256 }, 
        {"sofa" : 12,  "begin" : 257,  "end" : 259 }, 
        {"sofa" : 12,  "begin" : 260,  "end" : 270 }, 
        {"sofa" : 12,  "begin" : 271,  "end" : 277 }, 
        {"sofa" : 12,  "begin" : 278,  "end" : 280 }, 
        {"sofa" : 12,  "begin" : 281,  "end" : 286 }, 
        {"sofa" : 12,  "begin" : 287,  "end" : 292 }, 
        {"sofa" : 12,  "begin" : 293,  "end" : 297 }, 
        {"sofa" : 12,  "begin" : 298,  "end" : 302 }, 
        {"sofa" : 12,  "begin" : 303,  "end" : 312 }, 
        {"sofa" : 12,  "begin" : 313,  "end" : 321 }, 
        {"sofa" : 12,  "begin" : 322,  "end" : 323 } ], 
      "Eventclauses" : [
        {"sofa" : 12,  "end" : 23,  "EventPolarity" : "EVE neutral",  "Prominence" : "Background" }, 
        {"sofa" : 12,  "begin" : 26,  "end" : 113,  "EventPolarity" : "EVE negative",  "Prominence" : "Main" }, 
        {"sofa" : 12,  "begin" : 115,  "end" : 203,  "EventPolarity" : "EVE positive",  "Prominence" : "Background" }, 
        {"sofa" : 12,  "begin" : 210,  "end" : 321,  "EventPolarity" : "EVE negative",  "Prominence" : "Background" } ] } }, 
  "_referenced_fss" : {
    "12" : {"_type" : "Sofa",  "sofaNum" : 1,  "sofaID" : "_InitialView",  "mimeType" : "text",  "sofaString" : "Thomas Van der Plaetsen : Zwaar trauma om voor het oog van de hele wereld letterlijk in het zand te moeten bijten\n Thomas Van der Plaetsen ziet naar eigen zeggen opnieuw licht aan het einde van de tunnel nadat hij tijdens het verspringen van de tienkamp op de Olympische Spelen in Tokio onder meer zijn hamstring scheurde .\n " } } }