{"_context" : {
    "_types" : {
      "DocumentMetaData" : {
        "_feature_types" : {"sofa" : "_ref" } }, 
      "Eventclauses" : {
        "_feature_types" : {"sofa" : "_ref",  "Arguments" : "_ref",  "Polarity" : "_ref",  "PolarityTrigger" : "_ref",  "Sameclause" : "_ref" } }, 
      "Sentence" : {
        "_feature_types" : {"sofa" : "_ref" } }, 
      "Sofa" : {
        "_feature_types" : {"sofaArray" : "_ref" } }, 
      "TagsetDescription" : {
        "_feature_types" : {"sofa" : "_ref",  "tags" : "_ref" } }, 
      "Token" : {
        "_feature_types" : {"sofa" : "_ref",  "parent" : "_ref",  "lemma" : "_ref",  "stem" : "_ref",  "pos" : "_ref",  "morph" : "_ref",  "form" : "_ref" } }, 
      "DocumentAnnotation" : {
        "_feature_types" : {"sofa" : "_ref" }, 
        "_subtypes" : ["DocumentMetaData" ] }, 
      "Annotation" : {
        "_feature_types" : {"sofa" : "_ref" }, 
        "_subtypes" : ["DocumentAnnotation",  "Eventclauses",  "Sentence",  "TagsetDescription",  "Token" ] }, 
      "AnnotationBase" : {
        "_feature_types" : {"sofa" : "_ref" }, 
        "_subtypes" : ["Annotation" ] }, 
      "TOP" : {
        "_subtypes" : ["AnnotationBase",  "Sofa" ] } } }, 
  "_views" : {
    "_InitialView" : {
      "DocumentMetaData" : [
        {"sofa" : 12,  "end" : 383,  "language" : "x-unspecified",  "documentTitle" : "dmf20211126_95037930.txt",  "documentId" : "WoutBoven",  "documentUri" : "file:/export/repository/project/114/document/44255/source/WoutBoven",  "collectionId" : "file:/export/repository/project/114/document/44255/source/",  "documentBaseUri" : "file:/export/repository/project/114/document/44255/source/",  "isLastSegment" : false } ], 
      "TagsetDescription" : [
        {"sofa" : 12,  "layer" : "de.tudarmstadt.ukp.dkpro.core.api.syntax.type.dependency.Dependency",  "name" : "UD Universal Dependencies",  "input" : false }, 
        {"sofa" : 12,  "layer" : "webanno.custom.Entities",  "name" : "Entity - mention level types",  "input" : false }, 
        {"sofa" : 12,  "layer" : "webanno.custom.Eventclauses",  "name" : "Event - tense",  "input" : false }, 
        {"sofa" : 12,  "layer" : "webanno.custom.Eventsarguments",  "name" : "eventdna_argument_entities_(auto)",  "input" : false }, 
        {"sofa" : 12,  "layer" : "webanno.custom.Namedentities",  "name" : "NE types",  "input" : false }, 
        {"sofa" : 12,  "layer" : "webanno.custom.EntitiesLETSpreanno",  "name" : "Named entity - types",  "input" : false }, 
        {"sofa" : 12,  "layer" : "de.tudarmstadt.ukp.dkpro.core.api.transform.type.SofaChangeAnnotation",  "name" : "Operation",  "input" : false }, 
        {"sofa" : 12,  "layer" : "de.tudarmstadt.ukp.dkpro.core.api.lexmorph.type.pos.POS",  "name" : "UD Universal POS tags",  "input" : false }, 
        {"sofa" : 12,  "layer" : "webanno.custom.Polaritytriggers",  "name" : "Polarity",  "input" : false }, 
        {"sofa" : 12,  "layer" : "de.tudarmstadt.ukp.dkpro.core.api.segmentation.type.SurfaceForm",  "name" : "Named Entity tags",  "input" : false } ], 
      "Sentence" : [
        {"sofa" : 12,  "end" : 52 }, 
        {"sofa" : 12,  "begin" : 54,  "end" : 149 }, 
        {"sofa" : 12,  "begin" : 151,  "end" : 296 }, 
        {"sofa" : 12,  "begin" : 298,  "end" : 381 } ], 
      "Token" : [
        {"sofa" : 12,  "end" : 12 }, 
        {"sofa" : 12,  "begin" : 13,  "end" : 14 }, 
        {"sofa" : 12,  "begin" : 15,  "end" : 22 }, 
        {"sofa" : 12,  "begin" : 23,  "end" : 29 }, 
        {"sofa" : 12,  "begin" : 30,  "end" : 35 }, 
        {"sofa" : 12,  "begin" : 36,  "end" : 38 }, 
        {"sofa" : 12,  "begin" : 39,  "end" : 41 }, 
        {"sofa" : 12,  "begin" : 42,  "end" : 52 }, 
        {"sofa" : 12,  "begin" : 54,  "end" : 56 }, 
        {"sofa" : 12,  "begin" : 57,  "end" : 63 }, 
        {"sofa" : 12,  "begin" : 64,  "end" : 72 }, 
        {"sofa" : 12,  "begin" : 73,  "end" : 82 }, 
        {"sofa" : 12,  "begin" : 83,  "end" : 85 }, 
        {"sofa" : 12,  "begin" : 86,  "end" : 91 }, 
        {"sofa" : 12,  "begin" : 92,  "end" : 96 }, 
        {"sofa" : 12,  "begin" : 97,  "end" : 105 }, 
        {"sofa" : 12,  "begin" : 106,  "end" : 113 }, 
        {"sofa" : 12,  "begin" : 114,  "end" : 120 }, 
        {"sofa" : 12,  "begin" : 121,  "end" : 126 }, 
        {"sofa" : 12,  "begin" : 127,  "end" : 136 }, 
        {"sofa" : 12,  "begin" : 137,  "end" : 141 }, 
        {"sofa" : 12,  "begin" : 142,  "end" : 147 }, 
        {"sofa" : 12,  "begin" : 148,  "end" : 149 }, 
        {"sofa" : 12,  "begin" : 151,  "end" : 153 }, 
        {"sofa" : 12,  "begin" : 154,  "end" : 160 }, 
        {"sofa" : 12,  "begin" : 161,  "end" : 164 }, 
        {"sofa" : 12,  "begin" : 165,  "end" : 167 }, 
        {"sofa" : 12,  "begin" : 168,  "end" : 173 }, 
        {"sofa" : 12,  "begin" : 174,  "end" : 178 }, 
        {"sofa" : 12,  "begin" : 179,  "end" : 184 }, 
        {"sofa" : 12,  "begin" : 185,  "end" : 187 }, 
        {"sofa" : 12,  "begin" : 188,  "end" : 191 }, 
        {"sofa" : 12,  "begin" : 192,  "end" : 201 }, 
        {"sofa" : 12,  "begin" : 202,  "end" : 207 }, 
        {"sofa" : 12,  "begin" : 208,  "end" : 215 }, 
        {"sofa" : 12,  "begin" : 216,  "end" : 219 }, 
        {"sofa" : 12,  "begin" : 220,  "end" : 229 }, 
        {"sofa" : 12,  "begin" : 230,  "end" : 233 }, 
        {"sofa" : 12,  "begin" : 234,  "end" : 236 }, 
        {"sofa" : 12,  "begin" : 237,  "end" : 242 }, 
        {"sofa" : 12,  "begin" : 243,  "end" : 247 }, 
        {"sofa" : 12,  "begin" : 248,  "end" : 249 }, 
        {"sofa" : 12,  "begin" : 250,  "end" : 253 }, 
        {"sofa" : 12,  "begin" : 254,  "end" : 256 }, 
        {"sofa" : 12,  "begin" : 257,  "end" : 259 }, 
        {"sofa" : 12,  "begin" : 260,  "end" : 266 }, 
        {"sofa" : 12,  "begin" : 267,  "end" : 270 }, 
        {"sofa" : 12,  "begin" : 271,  "end" : 274 }, 
        {"sofa" : 12,  "begin" : 275,  "end" : 282 }, 
        {"sofa" : 12,  "begin" : 283,  "end" : 287 }, 
        {"sofa" : 12,  "begin" : 288,  "end" : 294 }, 
        {"sofa" : 12,  "begin" : 295,  "end" : 296 }, 
        {"sofa" : 12,  "begin" : 298,  "end" : 305 }, 
        {"sofa" : 12,  "begin" : 306,  "end" : 312 }, 
        {"sofa" : 12,  "begin" : 313,  "end" : 318 }, 
        {"sofa" : 12,  "begin" : 319,  "end" : 328 }, 
        {"sofa" : 12,  "begin" : 329,  "end" : 331 }, 
        {"sofa" : 12,  "begin" : 332,  "end" : 340 }, 
        {"sofa" : 12,  "begin" : 341,  "end" : 343 }, 
        {"sofa" : 12,  "begin" : 344,  "end" : 350 }, 
        {"sofa" : 12,  "begin" : 351,  "end" : 355 }, 
        {"sofa" : 12,  "begin" : 356,  "end" : 360 }, 
        {"sofa" : 12,  "begin" : 361,  "end" : 379 }, 
        {"sofa" : 12,  "begin" : 380,  "end" : 381 } ], 
      "Eventclauses" : [
        {"sofa" : 12,  "begin" : 15,  "end" : 52,  "EventPolarity" : "EVE positive",  "Prominence" : "Main" }, 
        {"sofa" : 12,  "begin" : 54,  "end" : 147,  "EventPolarity" : "EVE positive",  "Prominence" : "Main" }, 
        {"sofa" : 12,  "begin" : 151,  "end" : 207,  "EventPolarity" : "EVE positive",  "Prominence" : "Main" }, 
        {"sofa" : 12,  "begin" : 298,  "end" : 379,  "EventPolarity" : "EVE positive",  "Prominence" : "Background" } ] } }, 
  "_referenced_fss" : {
    "12" : {"_type" : "Sofa",  "sofaNum" : 1,  "sofaID" : "_InitialView",  "mimeType" : "text",  "sofaString" : "Binnenkijken : Windsor Castle baadt in de kerstsfeer\n De Britse koningin Elizabeth II heeft haar geliefde Windsor Castle laten versieren voor kerst .\n De woning uit de elfde eeuw baadt in een gezellige sfeer dankzij een kerstboom van 20 meter hoog , die in de tuinen van het kasteel werd gekapt .\n Windsor Castle stelt bovendien in december de deuren open voor avondrondleidingen .\n " } } }