{"_context" : {
    "_types" : {
      "DocumentMetaData" : {
        "_feature_types" : {"sofa" : "_ref" } }, 
      "Eventclauses" : {
        "_feature_types" : {"sofa" : "_ref",  "Arguments" : "_ref",  "Polarity" : "_ref",  "PolarityTrigger" : "_ref",  "Sameclause" : "_ref" } }, 
      "Sentence" : {
        "_feature_types" : {"sofa" : "_ref" } }, 
      "Sofa" : {
        "_feature_types" : {"sofaArray" : "_ref" } }, 
      "TagsetDescription" : {
        "_feature_types" : {"sofa" : "_ref",  "tags" : "_ref" } }, 
      "Token" : {
        "_feature_types" : {"sofa" : "_ref",  "parent" : "_ref",  "lemma" : "_ref",  "stem" : "_ref",  "pos" : "_ref",  "morph" : "_ref",  "form" : "_ref" } }, 
      "DocumentAnnotation" : {
        "_feature_types" : {"sofa" : "_ref" }, 
        "_subtypes" : ["DocumentMetaData" ] }, 
      "Annotation" : {
        "_feature_types" : {"sofa" : "_ref" }, 
        "_subtypes" : ["DocumentAnnotation",  "Eventclauses",  "Sentence",  "TagsetDescription",  "Token" ] }, 
      "AnnotationBase" : {
        "_feature_types" : {"sofa" : "_ref" }, 
        "_subtypes" : ["Annotation" ] }, 
      "TOP" : {
        "_subtypes" : ["AnnotationBase",  "Sofa" ] } } }, 
  "_views" : {
    "_InitialView" : {
      "DocumentMetaData" : [
        {"sofa" : 12,  "end" : 388,  "language" : "x-unspecified",  "documentTitle" : "dmf20211118_92545665.txt",  "documentId" : "WoutBoven",  "documentUri" : "file:/export/repository/project/114/document/44320/source/WoutBoven",  "collectionId" : "file:/export/repository/project/114/document/44320/source/",  "documentBaseUri" : "file:/export/repository/project/114/document/44320/source/",  "isLastSegment" : false } ], 
      "TagsetDescription" : [
        {"sofa" : 12,  "layer" : "de.tudarmstadt.ukp.dkpro.core.api.syntax.type.dependency.Dependency",  "name" : "UD Universal Dependencies",  "input" : false }, 
        {"sofa" : 12,  "layer" : "webanno.custom.Entities",  "name" : "Entity - mention level types",  "input" : false }, 
        {"sofa" : 12,  "layer" : "webanno.custom.Eventclauses",  "name" : "Event - tense",  "input" : false }, 
        {"sofa" : 12,  "layer" : "webanno.custom.Eventsarguments",  "name" : "eventdna_argument_entities_(auto)",  "input" : false }, 
        {"sofa" : 12,  "layer" : "webanno.custom.Namedentities",  "name" : "NE types",  "input" : false }, 
        {"sofa" : 12,  "layer" : "webanno.custom.EntitiesLETSpreanno",  "name" : "Named entity - types",  "input" : false }, 
        {"sofa" : 12,  "layer" : "de.tudarmstadt.ukp.dkpro.core.api.transform.type.SofaChangeAnnotation",  "name" : "Operation",  "input" : false }, 
        {"sofa" : 12,  "layer" : "de.tudarmstadt.ukp.dkpro.core.api.lexmorph.type.pos.POS",  "name" : "UD Universal POS tags",  "input" : false }, 
        {"sofa" : 12,  "layer" : "webanno.custom.Polaritytriggers",  "name" : "Polarity",  "input" : false }, 
        {"sofa" : 12,  "layer" : "de.tudarmstadt.ukp.dkpro.core.api.segmentation.type.SurfaceForm",  "name" : "Named Entity tags",  "input" : false } ], 
      "Sentence" : [
        {"sofa" : 12,  "end" : 94 }, 
        {"sofa" : 12,  "begin" : 96,  "end" : 174 }, 
        {"sofa" : 12,  "begin" : 176,  "end" : 255 }, 
        {"sofa" : 12,  "begin" : 257,  "end" : 335 }, 
        {"sofa" : 12,  "begin" : 337,  "end" : 386 } ], 
      "Token" : [
        {"sofa" : 12,  "end" : 3 }, 
        {"sofa" : 12,  "begin" : 4,  "end" : 13 }, 
        {"sofa" : 12,  "begin" : 14,  "end" : 17 }, 
        {"sofa" : 12,  "begin" : 18,  "end" : 28 }, 
        {"sofa" : 12,  "begin" : 29,  "end" : 30 }, 
        {"sofa" : 12,  "begin" : 31,  "end" : 34 }, 
        {"sofa" : 12,  "begin" : 35,  "end" : 37 }, 
        {"sofa" : 12,  "begin" : 38,  "end" : 41 }, 
        {"sofa" : 12,  "begin" : 42,  "end" : 47 }, 
        {"sofa" : 12,  "begin" : 48,  "end" : 53 }, 
        {"sofa" : 12,  "begin" : 54,  "end" : 64 }, 
        {"sofa" : 12,  "begin" : 65,  "end" : 68 }, 
        {"sofa" : 12,  "begin" : 69,  "end" : 82 }, 
        {"sofa" : 12,  "begin" : 83,  "end" : 94 }, 
        {"sofa" : 12,  "begin" : 96,  "end" : 105 }, 
        {"sofa" : 12,  "begin" : 106,  "end" : 113 }, 
        {"sofa" : 12,  "begin" : 114,  "end" : 116 }, 
        {"sofa" : 12,  "begin" : 117,  "end" : 118 }, 
        {"sofa" : 12,  "begin" : 118,  "end" : 124 }, 
        {"sofa" : 12,  "begin" : 125,  "end" : 137 }, 
        {"sofa" : 12,  "begin" : 137,  "end" : 138 }, 
        {"sofa" : 12,  "begin" : 139,  "end" : 150 }, 
        {"sofa" : 12,  "begin" : 151,  "end" : 154 }, 
        {"sofa" : 12,  "begin" : 155,  "end" : 158 }, 
        {"sofa" : 12,  "begin" : 159,  "end" : 172 }, 
        {"sofa" : 12,  "begin" : 173,  "end" : 174 }, 
        {"sofa" : 12,  "begin" : 176,  "end" : 179 }, 
        {"sofa" : 12,  "begin" : 180,  "end" : 190 }, 
        {"sofa" : 12,  "begin" : 191,  "end" : 201 }, 
        {"sofa" : 12,  "begin" : 202,  "end" : 206 }, 
        {"sofa" : 12,  "begin" : 207,  "end" : 209 }, 
        {"sofa" : 12,  "begin" : 210,  "end" : 215 }, 
        {"sofa" : 12,  "begin" : 216,  "end" : 220 }, 
        {"sofa" : 12,  "begin" : 221,  "end" : 230 }, 
        {"sofa" : 12,  "begin" : 231,  "end" : 233 }, 
        {"sofa" : 12,  "begin" : 234,  "end" : 239 }, 
        {"sofa" : 12,  "begin" : 240,  "end" : 243 }, 
        {"sofa" : 12,  "begin" : 244,  "end" : 246 }, 
        {"sofa" : 12,  "begin" : 247,  "end" : 253 }, 
        {"sofa" : 12,  "begin" : 254,  "end" : 255 }, 
        {"sofa" : 12,  "begin" : 257,  "end" : 259 }, 
        {"sofa" : 12,  "begin" : 260,  "end" : 262 }, 
        {"sofa" : 12,  "begin" : 263,  "end" : 270 }, 
        {"sofa" : 12,  "begin" : 271,  "end" : 280 }, 
        {"sofa" : 12,  "begin" : 281,  "end" : 286 }, 
        {"sofa" : 12,  "begin" : 287,  "end" : 289 }, 
        {"sofa" : 12,  "begin" : 290,  "end" : 292 }, 
        {"sofa" : 12,  "begin" : 293,  "end" : 298 }, 
        {"sofa" : 12,  "begin" : 299,  "end" : 302 }, 
        {"sofa" : 12,  "begin" : 303,  "end" : 311 }, 
        {"sofa" : 12,  "begin" : 312,  "end" : 318 }, 
        {"sofa" : 12,  "begin" : 319,  "end" : 325 }, 
        {"sofa" : 12,  "begin" : 326,  "end" : 333 }, 
        {"sofa" : 12,  "begin" : 334,  "end" : 335 }, 
        {"sofa" : 12,  "begin" : 337,  "end" : 339 }, 
        {"sofa" : 12,  "begin" : 340,  "end" : 342 }, 
        {"sofa" : 12,  "begin" : 343,  "end" : 349 }, 
        {"sofa" : 12,  "begin" : 350,  "end" : 358 }, 
        {"sofa" : 12,  "begin" : 359,  "end" : 362 }, 
        {"sofa" : 12,  "begin" : 363,  "end" : 365 }, 
        {"sofa" : 12,  "begin" : 366,  "end" : 372 }, 
        {"sofa" : 12,  "begin" : 373,  "end" : 384 }, 
        {"sofa" : 12,  "begin" : 385,  "end" : 386 } ], 
      "Eventclauses" : [
        {"sofa" : 12,  "end" : 28,  "EventPolarity" : "EVE negative",  "Prominence" : "Background" }, 
        {"sofa" : 12,  "begin" : 31,  "end" : 94,  "EventPolarity" : "EVE negative",  "Prominence" : "Main" }, 
        {"sofa" : 12,  "begin" : 96,  "end" : 172,  "EventPolarity" : "EVE negative",  "Prominence" : "Background" }, 
        {"sofa" : 12,  "begin" : 176,  "end" : 215,  "EventPolarity" : "EVE neutral",  "Prominence" : "Background" }, 
        {"sofa" : 12,  "begin" : 216,  "end" : 253,  "EventPolarity" : "EVE negative",  "Prominence" : "Background" }, 
        {"sofa" : 12,  "begin" : 257,  "end" : 333,  "EventPolarity" : "EVE negative",  "Prominence" : "Background" } ] } }, 
  "_referenced_fss" : {
    "12" : {"_type" : "Sofa",  "sofaNum" : 1,  "sofaID" : "_InitialView",  "mimeType" : "text",  "sofaString" : "Van virologen tot nachtclubs : elk om een eigen reden ontevreden met minimumpakket maatregelen\n Virologen hekelen de ' weinig doortastende ' maatregelen van het Overlegcomité .\n Een veertigtal nachtclubs laat al weten geen navolging te geven aan de regels .\n En de Vlaamse Jeugdraad wijst op de prijs die jongeren alweer moeten betalen .\n Is er iemand tevreden met de nieuwe maatregelen ?\n " } } }
