{"_context" : {
    "_types" : {
      "DocumentMetaData" : {
        "_feature_types" : {"sofa" : "_ref" } }, 
      "Eventclauses" : {
        "_feature_types" : {"sofa" : "_ref",  "Arguments" : "_ref",  "Polarity" : "_ref",  "PolarityTrigger" : "_ref",  "Sameclause" : "_ref" } }, 
      "Sentence" : {
        "_feature_types" : {"sofa" : "_ref" } }, 
      "Sofa" : {
        "_feature_types" : {"sofaArray" : "_ref" } }, 
      "TagsetDescription" : {
        "_feature_types" : {"sofa" : "_ref",  "tags" : "_ref" } }, 
      "Token" : {
        "_feature_types" : {"sofa" : "_ref",  "parent" : "_ref",  "lemma" : "_ref",  "stem" : "_ref",  "pos" : "_ref",  "morph" : "_ref",  "form" : "_ref" } }, 
      "DocumentAnnotation" : {
        "_feature_types" : {"sofa" : "_ref" }, 
        "_subtypes" : ["DocumentMetaData" ] }, 
      "Annotation" : {
        "_feature_types" : {"sofa" : "_ref" }, 
        "_subtypes" : ["DocumentAnnotation",  "Eventclauses",  "Sentence",  "TagsetDescription",  "Token" ] }, 
      "AnnotationBase" : {
        "_feature_types" : {"sofa" : "_ref" }, 
        "_subtypes" : ["Annotation" ] }, 
      "TOP" : {
        "_subtypes" : ["AnnotationBase",  "Sofa" ] } } }, 
  "_views" : {
    "_InitialView" : {
      "DocumentMetaData" : [
        {"sofa" : 12,  "end" : 337,  "language" : "x-unspecified",  "documentTitle" : "dmf20211115_91487244.txt",  "documentId" : "WoutBoven",  "documentUri" : "file:/export/repository/project/114/document/44344/source/WoutBoven",  "collectionId" : "file:/export/repository/project/114/document/44344/source/",  "documentBaseUri" : "file:/export/repository/project/114/document/44344/source/",  "isLastSegment" : false } ], 
      "TagsetDescription" : [
        {"sofa" : 12,  "layer" : "de.tudarmstadt.ukp.dkpro.core.api.syntax.type.dependency.Dependency",  "name" : "UD Universal Dependencies",  "input" : false }, 
        {"sofa" : 12,  "layer" : "webanno.custom.Entities",  "name" : "Entity - mention level types",  "input" : false }, 
        {"sofa" : 12,  "layer" : "webanno.custom.Eventclauses",  "name" : "Event - tense",  "input" : false }, 
        {"sofa" : 12,  "layer" : "webanno.custom.Eventsarguments",  "name" : "eventdna_argument_entities_(auto)",  "input" : false }, 
        {"sofa" : 12,  "layer" : "webanno.custom.Namedentities",  "name" : "NE types",  "input" : false }, 
        {"sofa" : 12,  "layer" : "webanno.custom.EntitiesLETSpreanno",  "name" : "Named entity - types",  "input" : false }, 
        {"sofa" : 12,  "layer" : "de.tudarmstadt.ukp.dkpro.core.api.transform.type.SofaChangeAnnotation",  "name" : "Operation",  "input" : false }, 
        {"sofa" : 12,  "layer" : "de.tudarmstadt.ukp.dkpro.core.api.lexmorph.type.pos.POS",  "name" : "UD Universal POS tags",  "input" : false }, 
        {"sofa" : 12,  "layer" : "webanno.custom.Polaritytriggers",  "name" : "Polarity",  "input" : false }, 
        {"sofa" : 12,  "layer" : "de.tudarmstadt.ukp.dkpro.core.api.segmentation.type.SurfaceForm",  "name" : "Named Entity tags",  "input" : false } ], 
      "Sentence" : [
        {"sofa" : 12,  "end" : 46 }, 
        {"sofa" : 12,  "begin" : 48,  "end" : 259 }, 
        {"sofa" : 12,  "begin" : 261,  "end" : 335 } ], 
      "Token" : [
        {"sofa" : 12,  "end" : 13 }, 
        {"sofa" : 12,  "begin" : 14,  "end" : 22 }, 
        {"sofa" : 12,  "begin" : 23,  "end" : 32 }, 
        {"sofa" : 12,  "begin" : 33,  "end" : 35 }, 
        {"sofa" : 12,  "begin" : 36,  "end" : 46 }, 
        {"sofa" : 12,  "begin" : 48,  "end" : 50 }, 
        {"sofa" : 12,  "begin" : 51,  "end" : 56 }, 
        {"sofa" : 12,  "begin" : 57,  "end" : 69 }, 
        {"sofa" : 12,  "begin" : 70,  "end" : 71 }, 
        {"sofa" : 12,  "begin" : 72,  "end" : 74 }, 
        {"sofa" : 12,  "begin" : 75,  "end" : 82 }, 
        {"sofa" : 12,  "begin" : 83,  "end" : 86 }, 
        {"sofa" : 12,  "begin" : 87,  "end" : 97 }, 
        {"sofa" : 12,  "begin" : 98,  "end" : 111 }, 
        {"sofa" : 12,  "begin" : 112,  "end" : 118 }, 
        {"sofa" : 12,  "begin" : 119,  "end" : 124 }, 
        {"sofa" : 12,  "begin" : 125,  "end" : 126 }, 
        {"sofa" : 12,  "begin" : 127,  "end" : 131 }, 
        {"sofa" : 12,  "begin" : 132,  "end" : 134 }, 
        {"sofa" : 12,  "begin" : 135,  "end" : 151 }, 
        {"sofa" : 12,  "begin" : 152,  "end" : 155 }, 
        {"sofa" : 12,  "begin" : 156,  "end" : 160 }, 
        {"sofa" : 12,  "begin" : 161,  "end" : 170 }, 
        {"sofa" : 12,  "begin" : 171,  "end" : 173 }, 
        {"sofa" : 12,  "begin" : 174,  "end" : 184 }, 
        {"sofa" : 12,  "begin" : 185,  "end" : 188 }, 
        {"sofa" : 12,  "begin" : 188,  "end" : 189 }, 
        {"sofa" : 12,  "begin" : 190,  "end" : 194 }, 
        {"sofa" : 12,  "begin" : 195,  "end" : 198 }, 
        {"sofa" : 12,  "begin" : 199,  "end" : 206 }, 
        {"sofa" : 12,  "begin" : 207,  "end" : 213 }, 
        {"sofa" : 12,  "begin" : 214,  "end" : 222 }, 
        {"sofa" : 12,  "begin" : 223,  "end" : 226 }, 
        {"sofa" : 12,  "begin" : 227,  "end" : 244 }, 
        {"sofa" : 12,  "begin" : 245,  "end" : 248 }, 
        {"sofa" : 12,  "begin" : 249,  "end" : 257 }, 
        {"sofa" : 12,  "begin" : 258,  "end" : 259 }, 
        {"sofa" : 12,  "begin" : 261,  "end" : 264 }, 
        {"sofa" : 12,  "begin" : 265,  "end" : 268 }, 
        {"sofa" : 12,  "begin" : 269,  "end" : 272 }, 
        {"sofa" : 12,  "begin" : 273,  "end" : 284 }, 
        {"sofa" : 12,  "begin" : 285,  "end" : 288 }, 
        {"sofa" : 12,  "begin" : 289,  "end" : 295 }, 
        {"sofa" : 12,  "begin" : 296,  "end" : 300 }, 
        {"sofa" : 12,  "begin" : 301,  "end" : 306 }, 
        {"sofa" : 12,  "begin" : 307,  "end" : 308 }, 
        {"sofa" : 12,  "begin" : 309,  "end" : 315 }, 
        {"sofa" : 12,  "begin" : 316,  "end" : 327 }, 
        {"sofa" : 12,  "begin" : 328,  "end" : 333 }, 
        {"sofa" : 12,  "begin" : 334,  "end" : 335 } ], 
      "Eventclauses" : [
        {"sofa" : 12,  "end" : 32,  "EventPolarity" : "EVE neutral",  "Prominence" : "Main" }, 
        {"sofa" : 12,  "begin" : 48,  "end" : 257,  "EventPolarity" : "EVE neutral",  "Prominence" : "Main" }, 
        {"sofa" : 12,  "begin" : 261,  "end" : 306,  "EventPolarity" : "EVE neutral",  "Prominence" : "Background" } ] } }, 
  "_referenced_fss" : {
    "12" : {"_type" : "Sofa",  "sofaNum" : 1,  "sofaID" : "_InitialView",  "mimeType" : "text",  "sofaString" : "Trump-holding verkoopt luxehotel in Washington\n De Trump Organization , de holding van Amerikaans oud-president Donald Trump , gaat de huurovereenkomst van zijn luxehotel in Washington D.C. voor 375 miljoen dollar verkopen aan investeringsgroep CGI Merchant .\n Die zou het Trump-hotel een nieuwe naam geven , melden Amerikaanse media .\n " } } }