{"_context" : {
    "_types" : {
      "DocumentMetaData" : {
        "_feature_types" : {"sofa" : "_ref" } }, 
      "Eventclauses" : {
        "_feature_types" : {"sofa" : "_ref",  "Arguments" : "_ref",  "Polarity" : "_ref",  "PolarityTrigger" : "_ref",  "Sameclause" : "_ref" } }, 
      "Sentence" : {
        "_feature_types" : {"sofa" : "_ref" } }, 
      "Sofa" : {
        "_feature_types" : {"sofaArray" : "_ref" } }, 
      "TagsetDescription" : {
        "_feature_types" : {"sofa" : "_ref",  "tags" : "_ref" } }, 
      "Token" : {
        "_feature_types" : {"sofa" : "_ref",  "parent" : "_ref",  "lemma" : "_ref",  "stem" : "_ref",  "pos" : "_ref",  "morph" : "_ref",  "form" : "_ref" } }, 
      "DocumentAnnotation" : {
        "_feature_types" : {"sofa" : "_ref" }, 
        "_subtypes" : ["DocumentMetaData" ] }, 
      "Annotation" : {
        "_feature_types" : {"sofa" : "_ref" }, 
        "_subtypes" : ["DocumentAnnotation",  "Eventclauses",  "Sentence",  "TagsetDescription",  "Token" ] }, 
      "AnnotationBase" : {
        "_feature_types" : {"sofa" : "_ref" }, 
        "_subtypes" : ["Annotation" ] }, 
      "TOP" : {
        "_subtypes" : ["AnnotationBase",  "Sofa" ] } } }, 
  "_views" : {
    "_InitialView" : {
      "DocumentMetaData" : [
        {"sofa" : 12,  "end" : 162,  "language" : "x-unspecified",  "documentTitle" : "dmf20211118_93022927.txt",  "documentId" : "WoutBoven",  "documentUri" : "file:/export/repository/project/114/document/44319/source/WoutBoven",  "collectionId" : "file:/export/repository/project/114/document/44319/source/",  "documentBaseUri" : "file:/export/repository/project/114/document/44319/source/",  "isLastSegment" : false } ], 
      "TagsetDescription" : [
        {"sofa" : 12,  "layer" : "de.tudarmstadt.ukp.dkpro.core.api.syntax.type.dependency.Dependency",  "name" : "UD Universal Dependencies",  "input" : false }, 
        {"sofa" : 12,  "layer" : "webanno.custom.Entities",  "name" : "Entity - mention level types",  "input" : false }, 
        {"sofa" : 12,  "layer" : "webanno.custom.Eventclauses",  "name" : "Event - tense",  "input" : false }, 
        {"sofa" : 12,  "layer" : "webanno.custom.Eventsarguments",  "name" : "eventdna_argument_entities_(auto)",  "input" : false }, 
        {"sofa" : 12,  "layer" : "webanno.custom.Namedentities",  "name" : "NE types",  "input" : false }, 
        {"sofa" : 12,  "layer" : "webanno.custom.EntitiesLETSpreanno",  "name" : "Named entity - types",  "input" : false }, 
        {"sofa" : 12,  "layer" : "de.tudarmstadt.ukp.dkpro.core.api.transform.type.SofaChangeAnnotation",  "name" : "Operation",  "input" : false }, 
        {"sofa" : 12,  "layer" : "de.tudarmstadt.ukp.dkpro.core.api.lexmorph.type.pos.POS",  "name" : "UD Universal POS tags",  "input" : false }, 
        {"sofa" : 12,  "layer" : "webanno.custom.Polaritytriggers",  "name" : "Polarity",  "input" : false }, 
        {"sofa" : 12,  "layer" : "de.tudarmstadt.ukp.dkpro.core.api.segmentation.type.SurfaceForm",  "name" : "Named Entity tags",  "input" : false } ], 
      "Sentence" : [
        {"sofa" : 12,  "end" : 65 }, 
        {"sofa" : 12,  "begin" : 67,  "end" : 100 }, 
        {"sofa" : 12,  "begin" : 102,  "end" : 160 } ], 
      "Token" : [
        {"sofa" : 12,  "end" : 4 }, 
        {"sofa" : 12,  "begin" : 5,  "end" : 14 }, 
        {"sofa" : 12,  "begin" : 15,  "end" : 16 }, 
        {"sofa" : 12,  "begin" : 17,  "end" : 19 }, 
        {"sofa" : 12,  "begin" : 20,  "end" : 26 }, 
        {"sofa" : 12,  "begin" : 27,  "end" : 28 }, 
        {"sofa" : 12,  "begin" : 29,  "end" : 30 }, 
        {"sofa" : 12,  "begin" : 31,  "end" : 33 }, 
        {"sofa" : 12,  "begin" : 34,  "end" : 38 }, 
        {"sofa" : 12,  "begin" : 39,  "end" : 42 }, 
        {"sofa" : 12,  "begin" : 43,  "end" : 46 }, 
        {"sofa" : 12,  "begin" : 47,  "end" : 51 }, 
        {"sofa" : 12,  "begin" : 52,  "end" : 57 }, 
        {"sofa" : 12,  "begin" : 58,  "end" : 65 }, 
        {"sofa" : 12,  "begin" : 67,  "end" : 73 }, 
        {"sofa" : 12,  "begin" : 74,  "end" : 77 }, 
        {"sofa" : 12,  "begin" : 78,  "end" : 81 }, 
        {"sofa" : 12,  "begin" : 82,  "end" : 83 }, 
        {"sofa" : 12,  "begin" : 83,  "end" : 84 }, 
        {"sofa" : 12,  "begin" : 84,  "end" : 85 }, 
        {"sofa" : 12,  "begin" : 86,  "end" : 89 }, 
        {"sofa" : 12,  "begin" : 90,  "end" : 98 }, 
        {"sofa" : 12,  "begin" : 99,  "end" : 100 }, 
        {"sofa" : 12,  "begin" : 102,  "end" : 104 }, 
        {"sofa" : 12,  "begin" : 105,  "end" : 111 }, 
        {"sofa" : 12,  "begin" : 112,  "end" : 116 }, 
        {"sofa" : 12,  "begin" : 117,  "end" : 119 }, 
        {"sofa" : 12,  "begin" : 120,  "end" : 125 }, 
        {"sofa" : 12,  "begin" : 126,  "end" : 135 }, 
        {"sofa" : 12,  "begin" : 136,  "end" : 144 }, 
        {"sofa" : 12,  "begin" : 145,  "end" : 148 }, 
        {"sofa" : 12,  "begin" : 149,  "end" : 153 }, 
        {"sofa" : 12,  "begin" : 154,  "end" : 158 }, 
        {"sofa" : 12,  "begin" : 159,  "end" : 160 } ], 
      "Eventclauses" : [
        {"sofa" : 12,  "begin" : 67,  "end" : 98,  "EventPolarity" : "EVE positive",  "Prominence" : "Main" }, 
        {"sofa" : 12,  "begin" : 102,  "end" : 158,  "EventPolarity" : "EVE positive",  "Prominence" : "Background" } ] } }, 
  "_referenced_fss" : {
    "12" : {"_type" : "Sofa",  "sofaNum" : 1,  "sofaID" : "_InitialView",  "mimeType" : "text",  "sofaString" : "Jody Timperman ( WS Zarren ) : We gaan uit van onze eigen sterkte\n Zarren won met 4 - 0 van Bulskamp .\n De broers Jody en Jordy Timperman scoorden elk twee keer .\n " } } }
