{"_context" : {
    "_types" : {
      "DocumentMetaData" : {
        "_feature_types" : {"sofa" : "_ref" } }, 
      "Eventclauses" : {
        "_feature_types" : {"sofa" : "_ref",  "Arguments" : "_ref",  "Polarity" : "_ref",  "PolarityTrigger" : "_ref",  "Sameclause" : "_ref" } }, 
      "Sentence" : {
        "_feature_types" : {"sofa" : "_ref" } }, 
      "Sofa" : {
        "_feature_types" : {"sofaArray" : "_ref" } }, 
      "TagsetDescription" : {
        "_feature_types" : {"sofa" : "_ref",  "tags" : "_ref" } }, 
      "Token" : {
        "_feature_types" : {"sofa" : "_ref",  "parent" : "_ref",  "lemma" : "_ref",  "stem" : "_ref",  "pos" : "_ref",  "morph" : "_ref",  "form" : "_ref" } }, 
      "DocumentAnnotation" : {
        "_feature_types" : {"sofa" : "_ref" }, 
        "_subtypes" : ["DocumentMetaData" ] }, 
      "Annotation" : {
        "_feature_types" : {"sofa" : "_ref" }, 
        "_subtypes" : ["DocumentAnnotation",  "Eventclauses",  "Sentence",  "TagsetDescription",  "Token" ] }, 
      "AnnotationBase" : {
        "_feature_types" : {"sofa" : "_ref" }, 
        "_subtypes" : ["Annotation" ] }, 
      "TOP" : {
        "_subtypes" : ["AnnotationBase",  "Sofa" ] } } }, 
  "_views" : {
    "_InitialView" : {
      "DocumentMetaData" : [
        {"sofa" : 12,  "end" : 563,  "language" : "x-unspecified",  "documentTitle" : "dmf20211125_96173314.txt",  "documentId" : "WoutBoven",  "documentUri" : "file:/export/repository/project/114/document/44261/source/WoutBoven",  "collectionId" : "file:/export/repository/project/114/document/44261/source/",  "documentBaseUri" : "file:/export/repository/project/114/document/44261/source/",  "isLastSegment" : false } ], 
      "TagsetDescription" : [
        {"sofa" : 12,  "layer" : "de.tudarmstadt.ukp.dkpro.core.api.syntax.type.dependency.Dependency",  "name" : "UD Universal Dependencies",  "input" : false }, 
        {"sofa" : 12,  "layer" : "webanno.custom.Entities",  "name" : "Entity - mention level types",  "input" : false }, 
        {"sofa" : 12,  "layer" : "webanno.custom.Eventclauses",  "name" : "Event - tense",  "input" : false }, 
        {"sofa" : 12,  "layer" : "webanno.custom.Eventsarguments",  "name" : "eventdna_argument_entities_(auto)",  "input" : false }, 
        {"sofa" : 12,  "layer" : "webanno.custom.Namedentities",  "name" : "NE types",  "input" : false }, 
        {"sofa" : 12,  "layer" : "webanno.custom.EntitiesLETSpreanno",  "name" : "Named entity - types",  "input" : false }, 
        {"sofa" : 12,  "layer" : "de.tudarmstadt.ukp.dkpro.core.api.transform.type.SofaChangeAnnotation",  "name" : "Operation",  "input" : false }, 
        {"sofa" : 12,  "layer" : "de.tudarmstadt.ukp.dkpro.core.api.lexmorph.type.pos.POS",  "name" : "UD Universal POS tags",  "input" : false }, 
        {"sofa" : 12,  "layer" : "webanno.custom.Polaritytriggers",  "name" : "Polarity",  "input" : false }, 
        {"sofa" : 12,  "layer" : "de.tudarmstadt.ukp.dkpro.core.api.segmentation.type.SurfaceForm",  "name" : "Named Entity tags",  "input" : false } ], 
      "Sentence" : [
        {"sofa" : 12,  "end" : 114 }, 
        {"sofa" : 12,  "begin" : 116,  "end" : 218 }, 
        {"sofa" : 12,  "begin" : 220,  "end" : 252 }, 
        {"sofa" : 12,  "begin" : 254,  "end" : 308 }, 
        {"sofa" : 12,  "begin" : 310,  "end" : 340 }, 
        {"sofa" : 12,  "begin" : 342,  "end" : 394 }, 
        {"sofa" : 12,  "begin" : 396,  "end" : 436 }, 
        {"sofa" : 12,  "begin" : 438,  "end" : 529 }, 
        {"sofa" : 12,  "begin" : 531,  "end" : 561 } ], 
      "Token" : [
        {"sofa" : 12,  "end" : 3 }, 
        {"sofa" : 12,  "begin" : 4,  "end" : 11 }, 
        {"sofa" : 12,  "begin" : 12,  "end" : 14 }, 
        {"sofa" : 12,  "begin" : 15,  "end" : 17 }, 
        {"sofa" : 12,  "begin" : 18,  "end" : 26 }, 
        {"sofa" : 12,  "begin" : 27,  "end" : 31 }, 
        {"sofa" : 12,  "begin" : 32,  "end" : 34 }, 
        {"sofa" : 12,  "begin" : 35,  "end" : 41 }, 
        {"sofa" : 12,  "begin" : 42,  "end" : 45 }, 
        {"sofa" : 12,  "begin" : 46,  "end" : 52 }, 
        {"sofa" : 12,  "begin" : 53,  "end" : 56 }, 
        {"sofa" : 12,  "begin" : 57,  "end" : 60 }, 
        {"sofa" : 12,  "begin" : 61,  "end" : 66 }, 
        {"sofa" : 12,  "begin" : 67,  "end" : 76 }, 
        {"sofa" : 12,  "begin" : 77,  "end" : 78 }, 
        {"sofa" : 12,  "begin" : 79,  "end" : 81 }, 
        {"sofa" : 12,  "begin" : 82,  "end" : 86 }, 
        {"sofa" : 12,  "begin" : 87,  "end" : 89 }, 
        {"sofa" : 12,  "begin" : 90,  "end" : 98 }, 
        {"sofa" : 12,  "begin" : 99,  "end" : 105 }, 
        {"sofa" : 12,  "begin" : 106,  "end" : 109 }, 
        {"sofa" : 12,  "begin" : 110,  "end" : 114 }, 
        {"sofa" : 12,  "begin" : 116,  "end" : 124 }, 
        {"sofa" : 12,  "begin" : 125,  "end" : 128 }, 
        {"sofa" : 12,  "begin" : 129,  "end" : 131 }, 
        {"sofa" : 12,  "begin" : 132,  "end" : 134 }, 
        {"sofa" : 12,  "begin" : 135,  "end" : 140 }, 
        {"sofa" : 12,  "begin" : 141,  "end" : 149 }, 
        {"sofa" : 12,  "begin" : 150,  "end" : 154 }, 
        {"sofa" : 12,  "begin" : 155,  "end" : 158 }, 
        {"sofa" : 12,  "begin" : 159,  "end" : 163 }, 
        {"sofa" : 12,  "begin" : 164,  "end" : 169 }, 
        {"sofa" : 12,  "begin" : 170,  "end" : 176 }, 
        {"sofa" : 12,  "begin" : 177,  "end" : 178 }, 
        {"sofa" : 12,  "begin" : 179,  "end" : 185 }, 
        {"sofa" : 12,  "begin" : 186,  "end" : 191 }, 
        {"sofa" : 12,  "begin" : 192,  "end" : 198 }, 
        {"sofa" : 12,  "begin" : 199,  "end" : 209 }, 
        {"sofa" : 12,  "begin" : 210,  "end" : 216 }, 
        {"sofa" : 12,  "begin" : 217,  "end" : 218 }, 
        {"sofa" : 12,  "begin" : 220,  "end" : 223 }, 
        {"sofa" : 12,  "begin" : 224,  "end" : 226 }, 
        {"sofa" : 12,  "begin" : 227,  "end" : 229 }, 
        {"sofa" : 12,  "begin" : 230,  "end" : 239 }, 
        {"sofa" : 12,  "begin" : 240,  "end" : 250 }, 
        {"sofa" : 12,  "begin" : 251,  "end" : 252 }, 
        {"sofa" : 12,  "begin" : 254,  "end" : 258 }, 
        {"sofa" : 12,  "begin" : 259,  "end" : 262 }, 
        {"sofa" : 12,  "begin" : 263,  "end" : 266 }, 
        {"sofa" : 12,  "begin" : 267,  "end" : 269 }, 
        {"sofa" : 12,  "begin" : 270,  "end" : 273 }, 
        {"sofa" : 12,  "begin" : 274,  "end" : 275 }, 
        {"sofa" : 12,  "begin" : 276,  "end" : 279 }, 
        {"sofa" : 12,  "begin" : 280,  "end" : 284 }, 
        {"sofa" : 12,  "begin" : 285,  "end" : 290 }, 
        {"sofa" : 12,  "begin" : 291,  "end" : 297 }, 
        {"sofa" : 12,  "begin" : 298,  "end" : 301 }, 
        {"sofa" : 12,  "begin" : 302,  "end" : 306 }, 
        {"sofa" : 12,  "begin" : 307,  "end" : 308 }, 
        {"sofa" : 12,  "begin" : 310,  "end" : 317 }, 
        {"sofa" : 12,  "begin" : 318,  "end" : 323 }, 
        {"sofa" : 12,  "begin" : 324,  "end" : 326 }, 
        {"sofa" : 12,  "begin" : 327,  "end" : 330 }, 
        {"sofa" : 12,  "begin" : 331,  "end" : 338 }, 
        {"sofa" : 12,  "begin" : 339,  "end" : 340 }, 
        {"sofa" : 12,  "begin" : 342,  "end" : 345 }, 
        {"sofa" : 12,  "begin" : 346,  "end" : 350 }, 
        {"sofa" : 12,  "begin" : 351,  "end" : 353 }, 
        {"sofa" : 12,  "begin" : 354,  "end" : 357 }, 
        {"sofa" : 12,  "begin" : 358,  "end" : 362 }, 
        {"sofa" : 12,  "begin" : 363,  "end" : 365 }, 
        {"sofa" : 12,  "begin" : 366,  "end" : 372 }, 
        {"sofa" : 12,  "begin" : 373,  "end" : 376 }, 
        {"sofa" : 12,  "begin" : 377,  "end" : 381 }, 
        {"sofa" : 12,  "begin" : 382,  "end" : 392 }, 
        {"sofa" : 12,  "begin" : 393,  "end" : 394 }, 
        {"sofa" : 12,  "begin" : 396,  "end" : 399 }, 
        {"sofa" : 12,  "begin" : 400,  "end" : 404 }, 
        {"sofa" : 12,  "begin" : 405,  "end" : 407 }, 
        {"sofa" : 12,  "begin" : 408,  "end" : 412 }, 
        {"sofa" : 12,  "begin" : 413,  "end" : 419 }, 
        {"sofa" : 12,  "begin" : 420,  "end" : 422 }, 
        {"sofa" : 12,  "begin" : 423,  "end" : 430 }, 
        {"sofa" : 12,  "begin" : 431,  "end" : 434 }, 
        {"sofa" : 12,  "begin" : 435,  "end" : 436 }, 
        {"sofa" : 12,  "begin" : 438,  "end" : 444 }, 
        {"sofa" : 12,  "begin" : 445,  "end" : 453 }, 
        {"sofa" : 12,  "begin" : 454,  "end" : 455 }, 
        {"sofa" : 12,  "begin" : 456,  "end" : 467 }, 
        {"sofa" : 12,  "begin" : 468,  "end" : 470 }, 
        {"sofa" : 12,  "begin" : 471,  "end" : 484 }, 
        {"sofa" : 12,  "begin" : 485,  "end" : 488 }, 
        {"sofa" : 12,  "begin" : 489,  "end" : 497 }, 
        {"sofa" : 12,  "begin" : 498,  "end" : 500 }, 
        {"sofa" : 12,  "begin" : 501,  "end" : 507 }, 
        {"sofa" : 12,  "begin" : 508,  "end" : 511 }, 
        {"sofa" : 12,  "begin" : 512,  "end" : 515 }, 
        {"sofa" : 12,  "begin" : 516,  "end" : 520 }, 
        {"sofa" : 12,  "begin" : 521,  "end" : 527 }, 
        {"sofa" : 12,  "begin" : 528,  "end" : 529 }, 
        {"sofa" : 12,  "begin" : 531,  "end" : 541 }, 
        {"sofa" : 12,  "begin" : 542,  "end" : 543 }, 
        {"sofa" : 12,  "begin" : 544,  "end" : 549 }, 
        {"sofa" : 12,  "begin" : 550,  "end" : 554 }, 
        {"sofa" : 12,  "begin" : 555,  "end" : 559 }, 
        {"sofa" : 12,  "begin" : 560,  "end" : 561 } ], 
      "Eventclauses" : [
        {"sofa" : 12,  "begin" : 79,  "end" : 114,  "EventPolarity" : "EVE positive",  "Prominence" : "Main" }, 
        {"sofa" : 12,  "begin" : 116,  "end" : 216,  "EventPolarity" : "EVE positive",  "Prominence" : "Background" }, 
        {"sofa" : 12,  "begin" : 220,  "end" : 250,  "EventPolarity" : "EVE positive",  "Prominence" : "Background" }, 
        {"sofa" : 12,  "begin" : 544,  "end" : 559,  "EventPolarity" : "EVE positive",  "Prominence" : "Background" } ] } }, 
  "_referenced_fss" : {
    "12" : {"_type" : "Sofa",  "sofaNum" : 1,  "sofaID" : "_InitialView",  "mimeType" : "text",  "sofaString" : "Van wachten op de schommel over de pyjama van Frozen tot een eigen bankkaart : zo leer je kinderen omgaan met geld\n Kinderen die al op jonge leeftijd goed met geld leren omgaan , hebben later minder financiële zorgen .\n Dat is al meermaals aangetoond .\n Maar hoe doe je dat : een kind leren omgaan met geld ?\n Wanneer begin je met zakgeld ?\n Hoe leer je een kind de waarde van iets inschatten ?\n Hoe geef je jouw normen en waarden mee ?\n Liesje Vanneste , zaakvoerder en medeoprichter van ThinkFin en auteur van het boek Sparen ?\n Kinderspel , geeft tien tips .\n " } } }