{"_context" : {
    "_types" : {
      "DocumentMetaData" : {
        "_feature_types" : {"sofa" : "_ref" } }, 
      "Eventclauses" : {
        "_feature_types" : {"sofa" : "_ref",  "Arguments" : "_ref",  "Polarity" : "_ref",  "PolarityTrigger" : "_ref",  "Sameclause" : "_ref" } }, 
      "Sentence" : {
        "_feature_types" : {"sofa" : "_ref" } }, 
      "Sofa" : {
        "_feature_types" : {"sofaArray" : "_ref" } }, 
      "TagsetDescription" : {
        "_feature_types" : {"sofa" : "_ref",  "tags" : "_ref" } }, 
      "Token" : {
        "_feature_types" : {"sofa" : "_ref",  "parent" : "_ref",  "lemma" : "_ref",  "stem" : "_ref",  "pos" : "_ref",  "morph" : "_ref",  "form" : "_ref" } }, 
      "DocumentAnnotation" : {
        "_feature_types" : {"sofa" : "_ref" }, 
        "_subtypes" : ["DocumentMetaData" ] }, 
      "Annotation" : {
        "_feature_types" : {"sofa" : "_ref" }, 
        "_subtypes" : ["DocumentAnnotation",  "Eventclauses",  "Sentence",  "TagsetDescription",  "Token" ] }, 
      "AnnotationBase" : {
        "_feature_types" : {"sofa" : "_ref" }, 
        "_subtypes" : ["Annotation" ] }, 
      "TOP" : {
        "_subtypes" : ["AnnotationBase",  "Sofa" ] } } }, 
  "_views" : {
    "_InitialView" : {
      "DocumentMetaData" : [
        {"sofa" : 12,  "end" : 292,  "language" : "x-unspecified",  "documentTitle" : "dmf20211109_92612296.txt",  "documentId" : "WoutBoven",  "documentUri" : "file:/export/repository/project/114/document/44382/source/WoutBoven",  "collectionId" : "file:/export/repository/project/114/document/44382/source/",  "documentBaseUri" : "file:/export/repository/project/114/document/44382/source/",  "isLastSegment" : false } ], 
      "TagsetDescription" : [
        {"sofa" : 12,  "layer" : "de.tudarmstadt.ukp.dkpro.core.api.syntax.type.dependency.Dependency",  "name" : "UD Universal Dependencies",  "input" : false }, 
        {"sofa" : 12,  "layer" : "webanno.custom.Entities",  "name" : "Entity - mention level types",  "input" : false }, 
        {"sofa" : 12,  "layer" : "webanno.custom.Eventclauses",  "name" : "Event - tense",  "input" : false }, 
        {"sofa" : 12,  "layer" : "webanno.custom.Eventsarguments",  "name" : "eventdna_argument_entities_(auto)",  "input" : false }, 
        {"sofa" : 12,  "layer" : "webanno.custom.Namedentities",  "name" : "NE types",  "input" : false }, 
        {"sofa" : 12,  "layer" : "webanno.custom.EntitiesLETSpreanno",  "name" : "Named entity - types",  "input" : false }, 
        {"sofa" : 12,  "layer" : "de.tudarmstadt.ukp.dkpro.core.api.transform.type.SofaChangeAnnotation",  "name" : "Operation",  "input" : false }, 
        {"sofa" : 12,  "layer" : "de.tudarmstadt.ukp.dkpro.core.api.lexmorph.type.pos.POS",  "name" : "UD Universal POS tags",  "input" : false }, 
        {"sofa" : 12,  "layer" : "webanno.custom.Polaritytriggers",  "name" : "Polarity",  "input" : false }, 
        {"sofa" : 12,  "layer" : "de.tudarmstadt.ukp.dkpro.core.api.segmentation.type.SurfaceForm",  "name" : "Named Entity tags",  "input" : false } ], 
      "Sentence" : [
        {"sofa" : 12,  "end" : 60 }, 
        {"sofa" : 12,  "begin" : 62,  "end" : 219 }, 
        {"sofa" : 12,  "begin" : 221,  "end" : 290 } ], 
      "Token" : [
        {"sofa" : 12,  "end" : 16 }, 
        {"sofa" : 12,  "begin" : 17,  "end" : 32 }, 
        {"sofa" : 12,  "begin" : 33,  "end" : 42 }, 
        {"sofa" : 12,  "begin" : 43,  "end" : 49 }, 
        {"sofa" : 12,  "begin" : 50,  "end" : 60 }, 
        {"sofa" : 12,  "begin" : 62,  "end" : 66 }, 
        {"sofa" : 12,  "begin" : 67,  "end" : 70 }, 
        {"sofa" : 12,  "begin" : 71,  "end" : 73 }, 
        {"sofa" : 12,  "begin" : 74,  "end" : 81 }, 
        {"sofa" : 12,  "begin" : 82,  "end" : 85 }, 
        {"sofa" : 12,  "begin" : 86,  "end" : 88 }, 
        {"sofa" : 12,  "begin" : 89,  "end" : 95 }, 
        {"sofa" : 12,  "begin" : 96,  "end" : 99 }, 
        {"sofa" : 12,  "begin" : 100,  "end" : 103 }, 
        {"sofa" : 12,  "begin" : 104,  "end" : 107 }, 
        {"sofa" : 12,  "begin" : 108,  "end" : 117 }, 
        {"sofa" : 12,  "begin" : 118,  "end" : 122 }, 
        {"sofa" : 12,  "begin" : 123,  "end" : 133 }, 
        {"sofa" : 12,  "begin" : 134,  "end" : 140 }, 
        {"sofa" : 12,  "begin" : 141,  "end" : 152 }, 
        {"sofa" : 12,  "begin" : 153,  "end" : 154 }, 
        {"sofa" : 12,  "begin" : 155,  "end" : 161 }, 
        {"sofa" : 12,  "begin" : 162,  "end" : 178 }, 
        {"sofa" : 12,  "begin" : 179,  "end" : 194 }, 
        {"sofa" : 12,  "begin" : 195,  "end" : 197 }, 
        {"sofa" : 12,  "begin" : 198,  "end" : 201 }, 
        {"sofa" : 12,  "begin" : 202,  "end" : 210 }, 
        {"sofa" : 12,  "begin" : 211,  "end" : 217 }, 
        {"sofa" : 12,  "begin" : 218,  "end" : 219 }, 
        {"sofa" : 12,  "begin" : 221,  "end" : 224 }, 
        {"sofa" : 12,  "begin" : 225,  "end" : 231 }, 
        {"sofa" : 12,  "begin" : 232,  "end" : 235 }, 
        {"sofa" : 12,  "begin" : 236,  "end" : 239 }, 
        {"sofa" : 12,  "begin" : 240,  "end" : 249 }, 
        {"sofa" : 12,  "begin" : 250,  "end" : 253 }, 
        {"sofa" : 12,  "begin" : 254,  "end" : 256 }, 
        {"sofa" : 12,  "begin" : 257,  "end" : 264 }, 
        {"sofa" : 12,  "begin" : 265,  "end" : 282 }, 
        {"sofa" : 12,  "begin" : 283,  "end" : 288 }, 
        {"sofa" : 12,  "begin" : 289,  "end" : 290 } ], 
      "Eventclauses" : [
        {"sofa" : 12,  "end" : 60,  "EventPolarity" : "EVE negative",  "Prominence" : "Main" }, 
        {"sofa" : 12,  "begin" : 62,  "end" : 217,  "EventPolarity" : "EVE negative",  "Prominence" : "Main" } ] } }, 
  "_referenced_fss" : {
    "12" : {"_type" : "Sofa",  "sofaNum" : 1,  "sofaID" : "_InitialView",  "mimeType" : "text",  "sofaString" : "Honderdduizenden plasticdeeltjes vervuilen kusten wereldwijd\n Meer dan 90 procent van de landen die aan een onderzoek naar vervuiling hebben deelgenomen , hebben honderdduizenden plasticdeeltjes op hun kustlijn liggen .\n Dat blijkt uit het onderzoek van de Schotse milieuorganisatie Fidra .\n " } } }