{"_context" : {
    "_types" : {
      "DocumentMetaData" : {
        "_feature_types" : {"sofa" : "_ref" } }, 
      "Eventclauses" : {
        "_feature_types" : {"sofa" : "_ref",  "Arguments" : "_ref",  "Polarity" : "_ref",  "PolarityTrigger" : "_ref",  "Sameclause" : "_ref" } }, 
      "Sentence" : {
        "_feature_types" : {"sofa" : "_ref" } }, 
      "Sofa" : {
        "_feature_types" : {"sofaArray" : "_ref" } }, 
      "TagsetDescription" : {
        "_feature_types" : {"sofa" : "_ref",  "tags" : "_ref" } }, 
      "Token" : {
        "_feature_types" : {"sofa" : "_ref",  "parent" : "_ref",  "lemma" : "_ref",  "stem" : "_ref",  "pos" : "_ref",  "morph" : "_ref",  "form" : "_ref" } }, 
      "DocumentAnnotation" : {
        "_feature_types" : {"sofa" : "_ref" }, 
        "_subtypes" : ["DocumentMetaData" ] }, 
      "Annotation" : {
        "_feature_types" : {"sofa" : "_ref" }, 
        "_subtypes" : ["DocumentAnnotation",  "Eventclauses",  "Sentence",  "TagsetDescription",  "Token" ] }, 
      "AnnotationBase" : {
        "_feature_types" : {"sofa" : "_ref" }, 
        "_subtypes" : ["Annotation" ] }, 
      "TOP" : {
        "_subtypes" : ["AnnotationBase",  "Sofa" ] } } }, 
  "_views" : {
    "_InitialView" : {
      "DocumentMetaData" : [
        {"sofa" : 12,  "end" : 167,  "language" : "x-unspecified",  "documentTitle" : "dmf20211111_94372749.txt",  "documentId" : "WoutBoven",  "documentUri" : "file:/export/repository/project/114/document/44367/source/WoutBoven",  "collectionId" : "file:/export/repository/project/114/document/44367/source/",  "documentBaseUri" : "file:/export/repository/project/114/document/44367/source/",  "isLastSegment" : false } ], 
      "TagsetDescription" : [
        {"sofa" : 12,  "layer" : "de.tudarmstadt.ukp.dkpro.core.api.syntax.type.dependency.Dependency",  "name" : "UD Universal Dependencies",  "input" : false }, 
        {"sofa" : 12,  "layer" : "webanno.custom.Entities",  "name" : "Entity - mention level types",  "input" : false }, 
        {"sofa" : 12,  "layer" : "webanno.custom.Eventclauses",  "name" : "Event - tense",  "input" : false }, 
        {"sofa" : 12,  "layer" : "webanno.custom.Eventsarguments",  "name" : "eventdna_argument_entities_(auto)",  "input" : false }, 
        {"sofa" : 12,  "layer" : "webanno.custom.Namedentities",  "name" : "NE types",  "input" : false }, 
        {"sofa" : 12,  "layer" : "webanno.custom.EntitiesLETSpreanno",  "name" : "Named entity - types",  "input" : false }, 
        {"sofa" : 12,  "layer" : "de.tudarmstadt.ukp.dkpro.core.api.transform.type.SofaChangeAnnotation",  "name" : "Operation",  "input" : false }, 
        {"sofa" : 12,  "layer" : "de.tudarmstadt.ukp.dkpro.core.api.lexmorph.type.pos.POS",  "name" : "UD Universal POS tags",  "input" : false }, 
        {"sofa" : 12,  "layer" : "webanno.custom.Polaritytriggers",  "name" : "Polarity",  "input" : false }, 
        {"sofa" : 12,  "layer" : "de.tudarmstadt.ukp.dkpro.core.api.segmentation.type.SurfaceForm",  "name" : "Named Entity tags",  "input" : false } ], 
      "Sentence" : [
        {"sofa" : 12,  "end" : 55 }, 
        {"sofa" : 12,  "begin" : 57,  "end" : 165 } ], 
      "Token" : [
        {"sofa" : 12,  "end" : 4 }, 
        {"sofa" : 12,  "begin" : 5,  "end" : 11 }, 
        {"sofa" : 12,  "begin" : 12,  "end" : 17 }, 
        {"sofa" : 12,  "begin" : 18,  "end" : 21 }, 
        {"sofa" : 12,  "begin" : 22,  "end" : 34 }, 
        {"sofa" : 12,  "begin" : 35,  "end" : 37 }, 
        {"sofa" : 12,  "begin" : 38,  "end" : 42 }, 
        {"sofa" : 12,  "begin" : 43,  "end" : 48 }, 
        {"sofa" : 12,  "begin" : 49,  "end" : 55 }, 
        {"sofa" : 12,  "begin" : 57,  "end" : 61 }, 
        {"sofa" : 12,  "begin" : 62,  "end" : 68 }, 
        {"sofa" : 12,  "begin" : 69,  "end" : 76 }, 
        {"sofa" : 12,  "begin" : 77,  "end" : 91 }, 
        {"sofa" : 12,  "begin" : 92,  "end" : 96 }, 
        {"sofa" : 12,  "begin" : 97,  "end" : 99 }, 
        {"sofa" : 12,  "begin" : 100,  "end" : 103 }, 
        {"sofa" : 12,  "begin" : 104,  "end" : 109 }, 
        {"sofa" : 12,  "begin" : 110,  "end" : 116 }, 
        {"sofa" : 12,  "begin" : 117,  "end" : 120 }, 
        {"sofa" : 12,  "begin" : 121,  "end" : 124 }, 
        {"sofa" : 12,  "begin" : 125,  "end" : 137 }, 
        {"sofa" : 12,  "begin" : 138,  "end" : 141 }, 
        {"sofa" : 12,  "begin" : 142,  "end" : 147 }, 
        {"sofa" : 12,  "begin" : 148,  "end" : 154 }, 
        {"sofa" : 12,  "begin" : 155,  "end" : 163 }, 
        {"sofa" : 12,  "begin" : 164,  "end" : 165 } ], 
      "Eventclauses" : [
        {"sofa" : 12,  "end" : 34,  "EventPolarity" : "EVE positive",  "Prominence" : "Main" }, 
        {"sofa" : 12,  "begin" : 57,  "end" : 137,  "EventPolarity" : "EVE negative",  "Prominence" : "Main" }, 
        {"sofa" : 12,  "begin" : 142,  "end" : 163,  "EventPolarity" : "EVE negative",  "Prominence" : "Background" } ] } }, 
  "_referenced_fss" : {
    "12" : {"_type" : "Sofa",  "sofaNum" : 1,  "sofaID" : "_InitialView",  "mimeType" : "text",  "sofaString" : "Twee mensen gered uit hoogtewerker op vijf meter hoogte\n Twee mensen moesten woensdagmiddag rond 17 uur gered worden uit een hoogtewerker die plots dienst weigerde .\n " } } }