{"_context" : {
    "_types" : {
      "DocumentMetaData" : {
        "_feature_types" : {"sofa" : "_ref" } }, 
      "Eventclauses" : {
        "_feature_types" : {"sofa" : "_ref",  "Arguments" : "_ref",  "Polarity" : "_ref",  "PolarityTrigger" : "_ref",  "Sameclause" : "_ref" } }, 
      "Sentence" : {
        "_feature_types" : {"sofa" : "_ref" } }, 
      "Sofa" : {
        "_feature_types" : {"sofaArray" : "_ref" } }, 
      "TagsetDescription" : {
        "_feature_types" : {"sofa" : "_ref",  "tags" : "_ref" } }, 
      "Token" : {
        "_feature_types" : {"sofa" : "_ref",  "parent" : "_ref",  "lemma" : "_ref",  "stem" : "_ref",  "pos" : "_ref",  "morph" : "_ref",  "form" : "_ref" } }, 
      "DocumentAnnotation" : {
        "_feature_types" : {"sofa" : "_ref" }, 
        "_subtypes" : ["DocumentMetaData" ] }, 
      "Annotation" : {
        "_feature_types" : {"sofa" : "_ref" }, 
        "_subtypes" : ["DocumentAnnotation",  "Eventclauses",  "Sentence",  "TagsetDescription",  "Token" ] }, 
      "AnnotationBase" : {
        "_feature_types" : {"sofa" : "_ref" }, 
        "_subtypes" : ["Annotation" ] }, 
      "TOP" : {
        "_subtypes" : ["AnnotationBase",  "Sofa" ] } } }, 
  "_views" : {
    "_InitialView" : {
      "DocumentMetaData" : [
        {"sofa" : 12,  "end" : 442,  "language" : "x-unspecified",  "documentTitle" : "dmf20211116_93459921.txt",  "documentId" : "WoutBoven",  "documentUri" : "file:/export/repository/project/114/document/44331/source/WoutBoven",  "collectionId" : "file:/export/repository/project/114/document/44331/source/",  "documentBaseUri" : "file:/export/repository/project/114/document/44331/source/",  "isLastSegment" : false } ], 
      "TagsetDescription" : [
        {"sofa" : 12,  "layer" : "de.tudarmstadt.ukp.dkpro.core.api.syntax.type.dependency.Dependency",  "name" : "UD Universal Dependencies",  "input" : false }, 
        {"sofa" : 12,  "layer" : "webanno.custom.Entities",  "name" : "Entity - mention level types",  "input" : false }, 
        {"sofa" : 12,  "layer" : "webanno.custom.Eventclauses",  "name" : "Event - tense",  "input" : false }, 
        {"sofa" : 12,  "layer" : "webanno.custom.Eventsarguments",  "name" : "eventdna_argument_entities_(auto)",  "input" : false }, 
        {"sofa" : 12,  "layer" : "webanno.custom.Namedentities",  "name" : "NE types",  "input" : false }, 
        {"sofa" : 12,  "layer" : "webanno.custom.EntitiesLETSpreanno",  "name" : "Named entity - types",  "input" : false }, 
        {"sofa" : 12,  "layer" : "de.tudarmstadt.ukp.dkpro.core.api.transform.type.SofaChangeAnnotation",  "name" : "Operation",  "input" : false }, 
        {"sofa" : 12,  "layer" : "de.tudarmstadt.ukp.dkpro.core.api.lexmorph.type.pos.POS",  "name" : "UD Universal POS tags",  "input" : false }, 
        {"sofa" : 12,  "layer" : "webanno.custom.Polaritytriggers",  "name" : "Polarity",  "input" : false }, 
        {"sofa" : 12,  "layer" : "de.tudarmstadt.ukp.dkpro.core.api.segmentation.type.SurfaceForm",  "name" : "Named Entity tags",  "input" : false } ], 
      "Sentence" : [
        {"sofa" : 12,  "end" : 100 }, 
        {"sofa" : 12,  "begin" : 102,  "end" : 198 }, 
        {"sofa" : 12,  "begin" : 200,  "end" : 353 }, 
        {"sofa" : 12,  "begin" : 355,  "end" : 440 } ], 
      "Token" : [
        {"sofa" : 12,  "end" : 6 }, 
        {"sofa" : 12,  "begin" : 7,  "end" : 14 }, 
        {"sofa" : 12,  "begin" : 15,  "end" : 19 }, 
        {"sofa" : 12,  "begin" : 20,  "end" : 22 }, 
        {"sofa" : 12,  "begin" : 23,  "end" : 30 }, 
        {"sofa" : 12,  "begin" : 31,  "end" : 32 }, 
        {"sofa" : 12,  "begin" : 33,  "end" : 36 }, 
        {"sofa" : 12,  "begin" : 37,  "end" : 41 }, 
        {"sofa" : 12,  "begin" : 42,  "end" : 47 }, 
        {"sofa" : 12,  "begin" : 48,  "end" : 49 }, 
        {"sofa" : 12,  "begin" : 50,  "end" : 60 }, 
        {"sofa" : 12,  "begin" : 61,  "end" : 68 }, 
        {"sofa" : 12,  "begin" : 69,  "end" : 74 }, 
        {"sofa" : 12,  "begin" : 75,  "end" : 88 }, 
        {"sofa" : 12,  "begin" : 89,  "end" : 93 }, 
        {"sofa" : 12,  "begin" : 94,  "end" : 100 }, 
        {"sofa" : 12,  "begin" : 102,  "end" : 104 }, 
        {"sofa" : 12,  "begin" : 105,  "end" : 115 }, 
        {"sofa" : 12,  "begin" : 116,  "end" : 121 }, 
        {"sofa" : 12,  "begin" : 122,  "end" : 129 }, 
        {"sofa" : 12,  "begin" : 130,  "end" : 135 }, 
        {"sofa" : 12,  "begin" : 136,  "end" : 143 }, 
        {"sofa" : 12,  "begin" : 144,  "end" : 148 }, 
        {"sofa" : 12,  "begin" : 149,  "end" : 162 }, 
        {"sofa" : 12,  "begin" : 163,  "end" : 166 }, 
        {"sofa" : 12,  "begin" : 167,  "end" : 170 }, 
        {"sofa" : 12,  "begin" : 171,  "end" : 178 }, 
        {"sofa" : 12,  "begin" : 179,  "end" : 180 }, 
        {"sofa" : 12,  "begin" : 180,  "end" : 181 }, 
        {"sofa" : 12,  "begin" : 181,  "end" : 185 }, 
        {"sofa" : 12,  "begin" : 186,  "end" : 189 }, 
        {"sofa" : 12,  "begin" : 190,  "end" : 196 }, 
        {"sofa" : 12,  "begin" : 197,  "end" : 198 }, 
        {"sofa" : 12,  "begin" : 200,  "end" : 202 }, 
        {"sofa" : 12,  "begin" : 203,  "end" : 205 }, 
        {"sofa" : 12,  "begin" : 205,  "end" : 206 }, 
        {"sofa" : 12,  "begin" : 206,  "end" : 212 }, 
        {"sofa" : 12,  "begin" : 213,  "end" : 220 }, 
        {"sofa" : 12,  "begin" : 221,  "end" : 226 }, 
        {"sofa" : 12,  "begin" : 227,  "end" : 229 }, 
        {"sofa" : 12,  "begin" : 230,  "end" : 235 }, 
        {"sofa" : 12,  "begin" : 236,  "end" : 240 }, 
        {"sofa" : 12,  "begin" : 241,  "end" : 245 }, 
        {"sofa" : 12,  "begin" : 246,  "end" : 250 }, 
        {"sofa" : 12,  "begin" : 251,  "end" : 254 }, 
        {"sofa" : 12,  "begin" : 255,  "end" : 258 }, 
        {"sofa" : 12,  "begin" : 259,  "end" : 262 }, 
        {"sofa" : 12,  "begin" : 263,  "end" : 282 }, 
        {"sofa" : 12,  "begin" : 283,  "end" : 286 }, 
        {"sofa" : 12,  "begin" : 287,  "end" : 294 }, 
        {"sofa" : 12,  "begin" : 295,  "end" : 296 }, 
        {"sofa" : 12,  "begin" : 297,  "end" : 299 }, 
        {"sofa" : 12,  "begin" : 300,  "end" : 306 }, 
        {"sofa" : 12,  "begin" : 307,  "end" : 320 }, 
        {"sofa" : 12,  "begin" : 321,  "end" : 324 }, 
        {"sofa" : 12,  "begin" : 325,  "end" : 333 }, 
        {"sofa" : 12,  "begin" : 334,  "end" : 336 }, 
        {"sofa" : 12,  "begin" : 337,  "end" : 340 }, 
        {"sofa" : 12,  "begin" : 341,  "end" : 343 }, 
        {"sofa" : 12,  "begin" : 344,  "end" : 351 }, 
        {"sofa" : 12,  "begin" : 352,  "end" : 353 }, 
        {"sofa" : 12,  "begin" : 355,  "end" : 357 }, 
        {"sofa" : 12,  "begin" : 358,  "end" : 365 }, 
        {"sofa" : 12,  "begin" : 366,  "end" : 372 }, 
        {"sofa" : 12,  "begin" : 373,  "end" : 377 }, 
        {"sofa" : 12,  "begin" : 378,  "end" : 379 }, 
        {"sofa" : 12,  "begin" : 380,  "end" : 382 }, 
        {"sofa" : 12,  "begin" : 383,  "end" : 384 }, 
        {"sofa" : 12,  "begin" : 385,  "end" : 390 }, 
        {"sofa" : 12,  "begin" : 391,  "end" : 395 }, 
        {"sofa" : 12,  "begin" : 396,  "end" : 399 }, 
        {"sofa" : 12,  "begin" : 400,  "end" : 407 }, 
        {"sofa" : 12,  "begin" : 408,  "end" : 410 }, 
        {"sofa" : 12,  "begin" : 411,  "end" : 413 }, 
        {"sofa" : 12,  "begin" : 414,  "end" : 421 }, 
        {"sofa" : 12,  "begin" : 422,  "end" : 423 }, 
        {"sofa" : 12,  "begin" : 424,  "end" : 427 }, 
        {"sofa" : 12,  "begin" : 428,  "end" : 432 }, 
        {"sofa" : 12,  "begin" : 433,  "end" : 438 }, 
        {"sofa" : 12,  "begin" : 439,  "end" : 440 } ], 
      "Eventclauses" : [
        {"sofa" : 12,  "end" : 47,  "EventPolarity" : "EVE positive",  "Prominence" : "Main" }, 
        {"sofa" : 12,  "begin" : 50,  "end" : 100,  "EventPolarity" : "EVE positive",  "Prominence" : "Main" }, 
        {"sofa" : 12,  "begin" : 102,  "end" : 196,  "EventPolarity" : "EVE positive",  "Prominence" : "Main" }, 
        {"sofa" : 12,  "begin" : 200,  "end" : 294,  "EventPolarity" : "EVE positive",  "Prominence" : "Background" }, 
        {"sofa" : 12,  "begin" : 355,  "end" : 438,  "EventPolarity" : "EVE positive",  "Prominence" : "Main" } ] } }, 
  "_referenced_fss" : {
    "12" : {"_type" : "Sofa",  "sofaNum" : 1,  "sofaID" : "_InitialView",  "mimeType" : "text",  "sofaString" : "Eerste Chinees ooit in Formule 1 bij Alfa Romeo , Australiër Piastri wordt reserverijder team Alpine\n De Australiër Oscar Piastri wordt volgend jaar reserverijder bij het Formule 1 - team van Alpine .\n De 20 - jarige Piastri maakt al bijna twee jaar deel uit van het opleidingsprogramma van Renault , de Franse autofabrikant die eigenaar is van de renstal .\n De Chinees Guanyu Zhou ( 22 ) zorgt voor een primeur in de Formule 1 bij Alfa Romeo .\n " } } }
