{"_context" : {
    "_types" : {
      "DocumentMetaData" : {
        "_feature_types" : {"sofa" : "_ref" } }, 
      "Eventclauses" : {
        "_feature_types" : {"sofa" : "_ref",  "Arguments" : "_ref",  "Polarity" : "_ref",  "PolarityTrigger" : "_ref",  "Sameclause" : "_ref" } }, 
      "Sentence" : {
        "_feature_types" : {"sofa" : "_ref" } }, 
      "Sofa" : {
        "_feature_types" : {"sofaArray" : "_ref" } }, 
      "TagsetDescription" : {
        "_feature_types" : {"sofa" : "_ref",  "tags" : "_ref" } }, 
      "Token" : {
        "_feature_types" : {"sofa" : "_ref",  "parent" : "_ref",  "lemma" : "_ref",  "stem" : "_ref",  "pos" : "_ref",  "morph" : "_ref",  "form" : "_ref" } }, 
      "DocumentAnnotation" : {
        "_feature_types" : {"sofa" : "_ref" }, 
        "_subtypes" : ["DocumentMetaData" ] }, 
      "Annotation" : {
        "_feature_types" : {"sofa" : "_ref" }, 
        "_subtypes" : ["DocumentAnnotation",  "Eventclauses",  "Sentence",  "TagsetDescription",  "Token" ] }, 
      "AnnotationBase" : {
        "_feature_types" : {"sofa" : "_ref" }, 
        "_subtypes" : ["Annotation" ] }, 
      "TOP" : {
        "_subtypes" : ["AnnotationBase",  "Sofa" ] } } }, 
  "_views" : {
    "_InitialView" : {
      "DocumentMetaData" : [
        {"sofa" : 12,  "end" : 544,  "language" : "x-unspecified",  "documentTitle" : "dmf20211112_93766052.txt",  "documentId" : "WoutBoven",  "documentUri" : "file:/export/repository/project/114/document/44360/source/WoutBoven",  "collectionId" : "file:/export/repository/project/114/document/44360/source/",  "documentBaseUri" : "file:/export/repository/project/114/document/44360/source/",  "isLastSegment" : false } ], 
      "TagsetDescription" : [
        {"sofa" : 12,  "layer" : "de.tudarmstadt.ukp.dkpro.core.api.syntax.type.dependency.Dependency",  "name" : "UD Universal Dependencies",  "input" : false }, 
        {"sofa" : 12,  "layer" : "webanno.custom.Entities",  "name" : "Entity - mention level types",  "input" : false }, 
        {"sofa" : 12,  "layer" : "webanno.custom.Eventclauses",  "name" : "Event - tense",  "input" : false }, 
        {"sofa" : 12,  "layer" : "webanno.custom.Eventsarguments",  "name" : "eventdna_argument_entities_(auto)",  "input" : false }, 
        {"sofa" : 12,  "layer" : "webanno.custom.Namedentities",  "name" : "NE types",  "input" : false }, 
        {"sofa" : 12,  "layer" : "webanno.custom.EntitiesLETSpreanno",  "name" : "Named entity - types",  "input" : false }, 
        {"sofa" : 12,  "layer" : "de.tudarmstadt.ukp.dkpro.core.api.transform.type.SofaChangeAnnotation",  "name" : "Operation",  "input" : false }, 
        {"sofa" : 12,  "layer" : "de.tudarmstadt.ukp.dkpro.core.api.lexmorph.type.pos.POS",  "name" : "UD Universal POS tags",  "input" : false }, 
        {"sofa" : 12,  "layer" : "webanno.custom.Polaritytriggers",  "name" : "Polarity",  "input" : false }, 
        {"sofa" : 12,  "layer" : "de.tudarmstadt.ukp.dkpro.core.api.segmentation.type.SurfaceForm",  "name" : "Named Entity tags",  "input" : false } ], 
      "Sentence" : [
        {"sofa" : 12,  "end" : 79 }, 
        {"sofa" : 12,  "begin" : 81,  "end" : 207 }, 
        {"sofa" : 12,  "begin" : 209,  "end" : 318 }, 
        {"sofa" : 12,  "begin" : 320,  "end" : 433 }, 
        {"sofa" : 12,  "begin" : 435,  "end" : 527 }, 
        {"sofa" : 12,  "begin" : 529,  "end" : 542 } ], 
      "Token" : [
        {"sofa" : 12,  "end" : 10 }, 
        {"sofa" : 12,  "begin" : 11,  "end" : 16 }, 
        {"sofa" : 12,  "begin" : 17,  "end" : 27 }, 
        {"sofa" : 12,  "begin" : 28,  "end" : 30 }, 
        {"sofa" : 12,  "begin" : 31,  "end" : 36 }, 
        {"sofa" : 12,  "begin" : 37,  "end" : 40 }, 
        {"sofa" : 12,  "begin" : 41,  "end" : 45 }, 
        {"sofa" : 12,  "begin" : 46,  "end" : 53 }, 
        {"sofa" : 12,  "begin" : 54,  "end" : 56 }, 
        {"sofa" : 12,  "begin" : 57,  "end" : 79 }, 
        {"sofa" : 12,  "begin" : 81,  "end" : 83 }, 
        {"sofa" : 12,  "begin" : 84,  "end" : 93 }, 
        {"sofa" : 12,  "begin" : 94,  "end" : 97 }, 
        {"sofa" : 12,  "begin" : 98,  "end" : 103 }, 
        {"sofa" : 12,  "begin" : 104,  "end" : 115 }, 
        {"sofa" : 12,  "begin" : 116,  "end" : 118 }, 
        {"sofa" : 12,  "begin" : 119,  "end" : 128 }, 
        {"sofa" : 12,  "begin" : 129,  "end" : 139 }, 
        {"sofa" : 12,  "begin" : 140,  "end" : 142 }, 
        {"sofa" : 12,  "begin" : 143,  "end" : 147 }, 
        {"sofa" : 12,  "begin" : 148,  "end" : 158 }, 
        {"sofa" : 12,  "begin" : 159,  "end" : 172 }, 
        {"sofa" : 12,  "begin" : 173,  "end" : 178 }, 
        {"sofa" : 12,  "begin" : 179,  "end" : 182 }, 
        {"sofa" : 12,  "begin" : 183,  "end" : 205 }, 
        {"sofa" : 12,  "begin" : 206,  "end" : 207 }, 
        {"sofa" : 12,  "begin" : 209,  "end" : 211 }, 
        {"sofa" : 12,  "begin" : 212,  "end" : 222 }, 
        {"sofa" : 12,  "begin" : 223,  "end" : 232 }, 
        {"sofa" : 12,  "begin" : 233,  "end" : 235 }, 
        {"sofa" : 12,  "begin" : 236,  "end" : 245 }, 
        {"sofa" : 12,  "begin" : 246,  "end" : 250 }, 
        {"sofa" : 12,  "begin" : 251,  "end" : 255 }, 
        {"sofa" : 12,  "begin" : 256,  "end" : 260 }, 
        {"sofa" : 12,  "begin" : 261,  "end" : 271 }, 
        {"sofa" : 12,  "begin" : 272,  "end" : 274 }, 
        {"sofa" : 12,  "begin" : 275,  "end" : 280 }, 
        {"sofa" : 12,  "begin" : 281,  "end" : 283 }, 
        {"sofa" : 12,  "begin" : 284,  "end" : 286 }, 
        {"sofa" : 12,  "begin" : 287,  "end" : 293 }, 
        {"sofa" : 12,  "begin" : 294,  "end" : 298 }, 
        {"sofa" : 12,  "begin" : 299,  "end" : 302 }, 
        {"sofa" : 12,  "begin" : 303,  "end" : 308 }, 
        {"sofa" : 12,  "begin" : 309,  "end" : 316 }, 
        {"sofa" : 12,  "begin" : 317,  "end" : 318 }, 
        {"sofa" : 12,  "begin" : 320,  "end" : 327 }, 
        {"sofa" : 12,  "begin" : 328,  "end" : 330 }, 
        {"sofa" : 12,  "begin" : 331,  "end" : 340 }, 
        {"sofa" : 12,  "begin" : 341,  "end" : 346 }, 
        {"sofa" : 12,  "begin" : 347,  "end" : 355 }, 
        {"sofa" : 12,  "begin" : 356,  "end" : 359 }, 
        {"sofa" : 12,  "begin" : 360,  "end" : 366 }, 
        {"sofa" : 12,  "begin" : 367,  "end" : 374 }, 
        {"sofa" : 12,  "begin" : 375,  "end" : 376 }, 
        {"sofa" : 12,  "begin" : 377,  "end" : 383 }, 
        {"sofa" : 12,  "begin" : 384,  "end" : 392 }, 
        {"sofa" : 12,  "begin" : 393,  "end" : 400 }, 
        {"sofa" : 12,  "begin" : 401,  "end" : 403 }, 
        {"sofa" : 12,  "begin" : 404,  "end" : 407 }, 
        {"sofa" : 12,  "begin" : 408,  "end" : 419 }, 
        {"sofa" : 12,  "begin" : 420,  "end" : 431 }, 
        {"sofa" : 12,  "begin" : 432,  "end" : 433 }, 
        {"sofa" : 12,  "begin" : 435,  "end" : 437 }, 
        {"sofa" : 12,  "begin" : 438,  "end" : 444 }, 
        {"sofa" : 12,  "begin" : 445,  "end" : 452 }, 
        {"sofa" : 12,  "begin" : 453,  "end" : 455 }, 
        {"sofa" : 12,  "begin" : 456,  "end" : 466 }, 
        {"sofa" : 12,  "begin" : 467,  "end" : 470 }, 
        {"sofa" : 12,  "begin" : 471,  "end" : 474 }, 
        {"sofa" : 12,  "begin" : 475,  "end" : 480 }, 
        {"sofa" : 12,  "begin" : 481,  "end" : 483 }, 
        {"sofa" : 12,  "begin" : 484,  "end" : 487 }, 
        {"sofa" : 12,  "begin" : 488,  "end" : 493 }, 
        {"sofa" : 12,  "begin" : 494,  "end" : 496 }, 
        {"sofa" : 12,  "begin" : 497,  "end" : 499 }, 
        {"sofa" : 12,  "begin" : 500,  "end" : 511 }, 
        {"sofa" : 12,  "begin" : 512,  "end" : 515 }, 
        {"sofa" : 12,  "begin" : 516,  "end" : 518 }, 
        {"sofa" : 12,  "begin" : 519,  "end" : 525 }, 
        {"sofa" : 12,  "begin" : 526,  "end" : 527 }, 
        {"sofa" : 12,  "begin" : 529,  "end" : 530 }, 
        {"sofa" : 12,  "begin" : 531,  "end" : 535 }, 
        {"sofa" : 12,  "begin" : 536,  "end" : 540 }, 
        {"sofa" : 12,  "begin" : 541,  "end" : 542 } ], 
      "Eventclauses" : [
        {"sofa" : 12,  "end" : 27,  "EventPolarity" : "EVE neutral",  "Prominence" : "Main" }, 
        {"sofa" : 12,  "begin" : 31,  "end" : 79,  "EventPolarity" : "EVE neutral",  "Prominence" : "Main" }, 
        {"sofa" : 12,  "begin" : 81,  "end" : 205,  "EventPolarity" : "EVE neutral",  "Prominence" : "Background" }, 
        {"sofa" : 12,  "begin" : 209,  "end" : 316,  "EventPolarity" : "EVE neutral",  "Prominence" : "Main" }, 
        {"sofa" : 12,  "begin" : 320,  "end" : 374,  "EventPolarity" : "EVE positive",  "Prominence" : "Background" }, 
        {"sofa" : 12,  "begin" : 377,  "end" : 400,  "EventPolarity" : "EVE neutral",  "Prominence" : "Background" }, 
        {"sofa" : 12,  "begin" : 408,  "end" : 431,  "EventPolarity" : "EVE positive",  "Prominence" : "Background" }, 
        {"sofa" : 12,  "begin" : 435,  "end" : 525,  "EventPolarity" : "EVE positive",  "Prominence" : "Background" } ] } }, 
  "_referenced_fss" : {
    "12" : {"_type" : "Sofa",  "sofaNum" : 1,  "sofaID" : "_InitialView",  "mimeType" : "text",  "sofaString" : "Leerlingen maken lampionnen en leren bij over armoede op Sint-Maartenswandeling\n De Ouderraad van vrije basisschool De Regenboog Neerlinter en Okra Neerlinter organiseerden samen een Sint-Maartenswandeling .\n De leerlingen bereidden de wandeling voor door zelf lampionnen te maken en te werken rond het thema armoede .\n Tijdens de wandeling kreeg iedereen een gratis drankje , werden verhalen verteld en het vreugdevuur aangestoken .\n Na afloop genoten de deelnemers van een hapje en een tapje op de speelplaats van de school .\n ( Paul Pans )\n " } } }