{"_context" : {
    "_types" : {
      "DocumentMetaData" : {
        "_feature_types" : {"sofa" : "_ref" } }, 
      "Eventclauses" : {
        "_feature_types" : {"sofa" : "_ref",  "Arguments" : "_ref",  "Polarity" : "_ref",  "PolarityTrigger" : "_ref",  "Sameclause" : "_ref" } }, 
      "Sentence" : {
        "_feature_types" : {"sofa" : "_ref" } }, 
      "Sofa" : {
        "_feature_types" : {"sofaArray" : "_ref" } }, 
      "TagsetDescription" : {
        "_feature_types" : {"sofa" : "_ref",  "tags" : "_ref" } }, 
      "Token" : {
        "_feature_types" : {"sofa" : "_ref",  "parent" : "_ref",  "lemma" : "_ref",  "stem" : "_ref",  "pos" : "_ref",  "morph" : "_ref",  "form" : "_ref" } }, 
      "DocumentAnnotation" : {
        "_feature_types" : {"sofa" : "_ref" }, 
        "_subtypes" : ["DocumentMetaData" ] }, 
      "Annotation" : {
        "_feature_types" : {"sofa" : "_ref" }, 
        "_subtypes" : ["DocumentAnnotation",  "Eventclauses",  "Sentence",  "TagsetDescription",  "Token" ] }, 
      "AnnotationBase" : {
        "_feature_types" : {"sofa" : "_ref" }, 
        "_subtypes" : ["Annotation" ] }, 
      "TOP" : {
        "_subtypes" : ["AnnotationBase",  "Sofa" ] } } }, 
  "_views" : {
    "_InitialView" : {
      "DocumentMetaData" : [
        {"sofa" : 12,  "end" : 414,  "language" : "x-unspecified",  "documentTitle" : "dmf20211109_92885173.txt",  "documentId" : "WoutBoven",  "documentUri" : "file:/export/repository/project/114/document/44381/source/WoutBoven",  "collectionId" : "file:/export/repository/project/114/document/44381/source/",  "documentBaseUri" : "file:/export/repository/project/114/document/44381/source/",  "isLastSegment" : false } ], 
      "TagsetDescription" : [
        {"sofa" : 12,  "layer" : "de.tudarmstadt.ukp.dkpro.core.api.syntax.type.dependency.Dependency",  "name" : "UD Universal Dependencies",  "input" : false }, 
        {"sofa" : 12,  "layer" : "webanno.custom.Entities",  "name" : "Entity - mention level types",  "input" : false }, 
        {"sofa" : 12,  "layer" : "webanno.custom.Eventclauses",  "name" : "Event - tense",  "input" : false }, 
        {"sofa" : 12,  "layer" : "webanno.custom.Eventsarguments",  "name" : "eventdna_argument_entities_(auto)",  "input" : false }, 
        {"sofa" : 12,  "layer" : "webanno.custom.Namedentities",  "name" : "NE types",  "input" : false }, 
        {"sofa" : 12,  "layer" : "webanno.custom.EntitiesLETSpreanno",  "name" : "Named entity - types",  "input" : false }, 
        {"sofa" : 12,  "layer" : "de.tudarmstadt.ukp.dkpro.core.api.transform.type.SofaChangeAnnotation",  "name" : "Operation",  "input" : false }, 
        {"sofa" : 12,  "layer" : "de.tudarmstadt.ukp.dkpro.core.api.lexmorph.type.pos.POS",  "name" : "UD Universal POS tags",  "input" : false }, 
        {"sofa" : 12,  "layer" : "webanno.custom.Polaritytriggers",  "name" : "Polarity",  "input" : false }, 
        {"sofa" : 12,  "layer" : "de.tudarmstadt.ukp.dkpro.core.api.segmentation.type.SurfaceForm",  "name" : "Named Entity tags",  "input" : false } ], 
      "Sentence" : [
        {"sofa" : 12,  "end" : 102 }, 
        {"sofa" : 12,  "begin" : 104,  "end" : 325 }, 
        {"sofa" : 12,  "begin" : 327,  "end" : 412 } ], 
      "Token" : [
        {"sofa" : 12,  "end" : 13 }, 
        {"sofa" : 12,  "begin" : 14,  "end" : 26 }, 
        {"sofa" : 12,  "begin" : 27,  "end" : 30 }, 
        {"sofa" : 12,  "begin" : 31,  "end" : 35 }, 
        {"sofa" : 12,  "begin" : 36,  "end" : 40 }, 
        {"sofa" : 12,  "begin" : 41,  "end" : 47 }, 
        {"sofa" : 12,  "begin" : 48,  "end" : 51 }, 
        {"sofa" : 12,  "begin" : 52,  "end" : 57 }, 
        {"sofa" : 12,  "begin" : 58,  "end" : 60 }, 
        {"sofa" : 12,  "begin" : 61,  "end" : 66 }, 
        {"sofa" : 12,  "begin" : 67,  "end" : 74 }, 
        {"sofa" : 12,  "begin" : 75,  "end" : 76 }, 
        {"sofa" : 12,  "begin" : 77,  "end" : 80 }, 
        {"sofa" : 12,  "begin" : 81,  "end" : 84 }, 
        {"sofa" : 12,  "begin" : 85,  "end" : 89 }, 
        {"sofa" : 12,  "begin" : 90,  "end" : 97 }, 
        {"sofa" : 12,  "begin" : 98,  "end" : 102 }, 
        {"sofa" : 12,  "begin" : 104,  "end" : 107 }, 
        {"sofa" : 12,  "begin" : 108,  "end" : 118 }, 
        {"sofa" : 12,  "begin" : 119,  "end" : 131 }, 
        {"sofa" : 12,  "begin" : 132,  "end" : 135 }, 
        {"sofa" : 12,  "begin" : 136,  "end" : 138 }, 
        {"sofa" : 12,  "begin" : 139,  "end" : 142 }, 
        {"sofa" : 12,  "begin" : 143,  "end" : 146 }, 
        {"sofa" : 12,  "begin" : 147,  "end" : 152 }, 
        {"sofa" : 12,  "begin" : 153,  "end" : 157 }, 
        {"sofa" : 12,  "begin" : 158,  "end" : 160 }, 
        {"sofa" : 12,  "begin" : 161,  "end" : 169 }, 
        {"sofa" : 12,  "begin" : 170,  "end" : 173 }, 
        {"sofa" : 12,  "begin" : 174,  "end" : 179 }, 
        {"sofa" : 12,  "begin" : 180,  "end" : 190 }, 
        {"sofa" : 12,  "begin" : 191,  "end" : 194 }, 
        {"sofa" : 12,  "begin" : 195,  "end" : 198 }, 
        {"sofa" : 12,  "begin" : 199,  "end" : 202 }, 
        {"sofa" : 12,  "begin" : 203,  "end" : 206 }, 
        {"sofa" : 12,  "begin" : 207,  "end" : 209 }, 
        {"sofa" : 12,  "begin" : 210,  "end" : 214 }, 
        {"sofa" : 12,  "begin" : 215,  "end" : 227 }, 
        {"sofa" : 12,  "begin" : 228,  "end" : 230 }, 
        {"sofa" : 12,  "begin" : 231,  "end" : 236 }, 
        {"sofa" : 12,  "begin" : 237,  "end" : 244 }, 
        {"sofa" : 12,  "begin" : 245,  "end" : 250 }, 
        {"sofa" : 12,  "begin" : 251,  "end" : 254 }, 
        {"sofa" : 12,  "begin" : 255,  "end" : 262 }, 
        {"sofa" : 12,  "begin" : 263,  "end" : 264 }, 
        {"sofa" : 12,  "begin" : 265,  "end" : 268 }, 
        {"sofa" : 12,  "begin" : 269,  "end" : 272 }, 
        {"sofa" : 12,  "begin" : 273,  "end" : 275 }, 
        {"sofa" : 12,  "begin" : 276,  "end" : 290 }, 
        {"sofa" : 12,  "begin" : 291,  "end" : 300 }, 
        {"sofa" : 12,  "begin" : 301,  "end" : 305 }, 
        {"sofa" : 12,  "begin" : 306,  "end" : 314 }, 
        {"sofa" : 12,  "begin" : 315,  "end" : 323 }, 
        {"sofa" : 12,  "begin" : 324,  "end" : 325 }, 
        {"sofa" : 12,  "begin" : 327,  "end" : 330 }, 
        {"sofa" : 12,  "begin" : 331,  "end" : 333 }, 
        {"sofa" : 12,  "begin" : 334,  "end" : 343 }, 
        {"sofa" : 12,  "begin" : 344,  "end" : 346 }, 
        {"sofa" : 12,  "begin" : 347,  "end" : 349 }, 
        {"sofa" : 12,  "begin" : 350,  "end" : 356 }, 
        {"sofa" : 12,  "begin" : 357,  "end" : 362 }, 
        {"sofa" : 12,  "begin" : 363,  "end" : 368 }, 
        {"sofa" : 12,  "begin" : 369,  "end" : 378 }, 
        {"sofa" : 12,  "begin" : 379,  "end" : 380 }, 
        {"sofa" : 12,  "begin" : 381,  "end" : 384 }, 
        {"sofa" : 12,  "begin" : 385,  "end" : 387 }, 
        {"sofa" : 12,  "begin" : 388,  "end" : 391 }, 
        {"sofa" : 12,  "begin" : 392,  "end" : 394 }, 
        {"sofa" : 12,  "begin" : 395,  "end" : 402 }, 
        {"sofa" : 12,  "begin" : 403,  "end" : 407 }, 
        {"sofa" : 12,  "begin" : 408,  "end" : 410 }, 
        {"sofa" : 12,  "begin" : 411,  "end" : 412 } ], 
      "Eventclauses" : [
        {"sofa" : 12,  "end" : 57,  "EventPolarity" : "EVE negative",  "Prominence" : "Main" }, 
        {"sofa" : 12,  "begin" : 61,  "end" : 74,  "EventPolarity" : "EVE negative",  "Prominence" : "Background" }, 
        {"sofa" : 12,  "begin" : 104,  "end" : 323,  "EventPolarity" : "EVE negative",  "Prominence" : "Main" }, 
        {"sofa" : 12,  "begin" : 331,  "end" : 378,  "EventPolarity" : "EVE negative",  "Prominence" : "Background" }, 
        {"sofa" : 12,  "begin" : 381,  "end" : 410,  "EventPolarity" : "EVE negative",  "Prominence" : "Background" } ] } }, 
  "_referenced_fss" : {
    "12" : {"_type" : "Sofa",  "sofaNum" : 1,  "sofaID" : "_InitialView",  "mimeType" : "text",  "sofaString" : "Cokesnuivende buschauffeur mag niet meer achter het stuur na zwaar ongeval : Dat was geen lijntje meer\n Een voormalige buschauffeur die in mei van vorig jaar in Roosdaal een zware aanrijding met een bus van De Lijn veroorzaakte en onder invloed bleek van cocaïne , mag van de politierechter momenteel geen voertuig besturen .\n Dat de beklaagde na de feiten drugs bleef gebruiken , kon er bij de rechter niet in .\n " } } }