{"_context" : {
    "_types" : {
      "DocumentMetaData" : {
        "_feature_types" : {"sofa" : "_ref" } }, 
      "Eventclauses" : {
        "_feature_types" : {"sofa" : "_ref",  "Arguments" : "_ref",  "Polarity" : "_ref",  "PolarityTrigger" : "_ref",  "Sameclause" : "_ref" } }, 
      "Sentence" : {
        "_feature_types" : {"sofa" : "_ref" } }, 
      "Sofa" : {
        "_feature_types" : {"sofaArray" : "_ref" } }, 
      "TagsetDescription" : {
        "_feature_types" : {"sofa" : "_ref",  "tags" : "_ref" } }, 
      "Token" : {
        "_feature_types" : {"sofa" : "_ref",  "parent" : "_ref",  "lemma" : "_ref",  "stem" : "_ref",  "pos" : "_ref",  "morph" : "_ref",  "form" : "_ref" } }, 
      "DocumentAnnotation" : {
        "_feature_types" : {"sofa" : "_ref" }, 
        "_subtypes" : ["DocumentMetaData" ] }, 
      "Annotation" : {
        "_feature_types" : {"sofa" : "_ref" }, 
        "_subtypes" : ["DocumentAnnotation",  "Eventclauses",  "Sentence",  "TagsetDescription",  "Token" ] }, 
      "AnnotationBase" : {
        "_feature_types" : {"sofa" : "_ref" }, 
        "_subtypes" : ["Annotation" ] }, 
      "TOP" : {
        "_subtypes" : ["AnnotationBase",  "Sofa" ] } } }, 
  "_views" : {
    "_InitialView" : {
      "DocumentMetaData" : [
        {"sofa" : 12,  "end" : 390,  "language" : "x-unspecified",  "documentTitle" : "dmf20211109_93482495.txt",  "documentId" : "WoutBoven",  "documentUri" : "file:/export/repository/project/114/document/44380/source/WoutBoven",  "collectionId" : "file:/export/repository/project/114/document/44380/source/",  "documentBaseUri" : "file:/export/repository/project/114/document/44380/source/",  "isLastSegment" : false } ], 
      "TagsetDescription" : [
        {"sofa" : 12,  "layer" : "de.tudarmstadt.ukp.dkpro.core.api.syntax.type.dependency.Dependency",  "name" : "UD Universal Dependencies",  "input" : false }, 
        {"sofa" : 12,  "layer" : "webanno.custom.Entities",  "name" : "Entity - mention level types",  "input" : false }, 
        {"sofa" : 12,  "layer" : "webanno.custom.Eventclauses",  "name" : "Event - tense",  "input" : false }, 
        {"sofa" : 12,  "layer" : "webanno.custom.Eventsarguments",  "name" : "eventdna_argument_entities_(auto)",  "input" : false }, 
        {"sofa" : 12,  "layer" : "webanno.custom.Namedentities",  "name" : "NE types",  "input" : false }, 
        {"sofa" : 12,  "layer" : "webanno.custom.EntitiesLETSpreanno",  "name" : "Named entity - types",  "input" : false }, 
        {"sofa" : 12,  "layer" : "de.tudarmstadt.ukp.dkpro.core.api.transform.type.SofaChangeAnnotation",  "name" : "Operation",  "input" : false }, 
        {"sofa" : 12,  "layer" : "de.tudarmstadt.ukp.dkpro.core.api.lexmorph.type.pos.POS",  "name" : "UD Universal POS tags",  "input" : false }, 
        {"sofa" : 12,  "layer" : "webanno.custom.Polaritytriggers",  "name" : "Polarity",  "input" : false }, 
        {"sofa" : 12,  "layer" : "de.tudarmstadt.ukp.dkpro.core.api.segmentation.type.SurfaceForm",  "name" : "Named Entity tags",  "input" : false } ], 
      "Sentence" : [
        {"sofa" : 12,  "end" : 26 }, 
        {"sofa" : 12,  "begin" : 28,  "end" : 133 }, 
        {"sofa" : 12,  "begin" : 135,  "end" : 199 }, 
        {"sofa" : 12,  "begin" : 201,  "end" : 232 }, 
        {"sofa" : 12,  "begin" : 234,  "end" : 388 } ], 
      "Token" : [
        {"sofa" : 12,  "end" : 5 }, 
        {"sofa" : 12,  "begin" : 6,  "end" : 10 }, 
        {"sofa" : 12,  "begin" : 11,  "end" : 15 }, 
        {"sofa" : 12,  "begin" : 16,  "end" : 24 }, 
        {"sofa" : 12,  "begin" : 25,  "end" : 26 }, 
        {"sofa" : 12,  "begin" : 28,  "end" : 35 }, 
        {"sofa" : 12,  "begin" : 36,  "end" : 43 }, 
        {"sofa" : 12,  "begin" : 44,  "end" : 50 }, 
        {"sofa" : 12,  "begin" : 51,  "end" : 54 }, 
        {"sofa" : 12,  "begin" : 55,  "end" : 56 }, 
        {"sofa" : 12,  "begin" : 57,  "end" : 64 }, 
        {"sofa" : 12,  "begin" : 65,  "end" : 71 }, 
        {"sofa" : 12,  "begin" : 72,  "end" : 77 }, 
        {"sofa" : 12,  "begin" : 78,  "end" : 81 }, 
        {"sofa" : 12,  "begin" : 82,  "end" : 85 }, 
        {"sofa" : 12,  "begin" : 86,  "end" : 97 }, 
        {"sofa" : 12,  "begin" : 98,  "end" : 101 }, 
        {"sofa" : 12,  "begin" : 102,  "end" : 108 }, 
        {"sofa" : 12,  "begin" : 109,  "end" : 111 }, 
        {"sofa" : 12,  "begin" : 112,  "end" : 119 }, 
        {"sofa" : 12,  "begin" : 120,  "end" : 125 }, 
        {"sofa" : 12,  "begin" : 126,  "end" : 133 }, 
        {"sofa" : 12,  "begin" : 135,  "end" : 141 }, 
        {"sofa" : 12,  "begin" : 142,  "end" : 146 }, 
        {"sofa" : 12,  "begin" : 147,  "end" : 153 }, 
        {"sofa" : 12,  "begin" : 154,  "end" : 160 }, 
        {"sofa" : 12,  "begin" : 161,  "end" : 163 }, 
        {"sofa" : 12,  "begin" : 164,  "end" : 168 }, 
        {"sofa" : 12,  "begin" : 169,  "end" : 178 }, 
        {"sofa" : 12,  "begin" : 179,  "end" : 182 }, 
        {"sofa" : 12,  "begin" : 183,  "end" : 188 }, 
        {"sofa" : 12,  "begin" : 189,  "end" : 193 }, 
        {"sofa" : 12,  "begin" : 194,  "end" : 197 }, 
        {"sofa" : 12,  "begin" : 198,  "end" : 199 }, 
        {"sofa" : 12,  "begin" : 201,  "end" : 204 }, 
        {"sofa" : 12,  "begin" : 205,  "end" : 208 }, 
        {"sofa" : 12,  "begin" : 209,  "end" : 212 }, 
        {"sofa" : 12,  "begin" : 213,  "end" : 219 }, 
        {"sofa" : 12,  "begin" : 220,  "end" : 222 }, 
        {"sofa" : 12,  "begin" : 223,  "end" : 230 }, 
        {"sofa" : 12,  "begin" : 231,  "end" : 232 }, 
        {"sofa" : 12,  "begin" : 234,  "end" : 237 }, 
        {"sofa" : 12,  "begin" : 238,  "end" : 240 }, 
        {"sofa" : 12,  "begin" : 241,  "end" : 243 }, 
        {"sofa" : 12,  "begin" : 244,  "end" : 248 }, 
        {"sofa" : 12,  "begin" : 249,  "end" : 252 }, 
        {"sofa" : 12,  "begin" : 253,  "end" : 258 }, 
        {"sofa" : 12,  "begin" : 259,  "end" : 262 }, 
        {"sofa" : 12,  "begin" : 263,  "end" : 265 }, 
        {"sofa" : 12,  "begin" : 266,  "end" : 268 }, 
        {"sofa" : 12,  "begin" : 269,  "end" : 273 }, 
        {"sofa" : 12,  "begin" : 274,  "end" : 276 }, 
        {"sofa" : 12,  "begin" : 277,  "end" : 285 }, 
        {"sofa" : 12,  "begin" : 286,  "end" : 295 }, 
        {"sofa" : 12,  "begin" : 296,  "end" : 299 }, 
        {"sofa" : 12,  "begin" : 300,  "end" : 315 }, 
        {"sofa" : 12,  "begin" : 316,  "end" : 322 }, 
        {"sofa" : 12,  "begin" : 323,  "end" : 328 }, 
        {"sofa" : 12,  "begin" : 329,  "end" : 330 }, 
        {"sofa" : 12,  "begin" : 331,  "end" : 335 }, 
        {"sofa" : 12,  "begin" : 336,  "end" : 340 }, 
        {"sofa" : 12,  "begin" : 341,  "end" : 350 }, 
        {"sofa" : 12,  "begin" : 351,  "end" : 352 }, 
        {"sofa" : 12,  "begin" : 353,  "end" : 358 }, 
        {"sofa" : 12,  "begin" : 359,  "end" : 362 }, 
        {"sofa" : 12,  "begin" : 363,  "end" : 365 }, 
        {"sofa" : 12,  "begin" : 366,  "end" : 375 }, 
        {"sofa" : 12,  "begin" : 376,  "end" : 386 }, 
        {"sofa" : 12,  "begin" : 387,  "end" : 388 } ], 
      "Eventclauses" : [
        {"sofa" : 12,  "begin" : 28,  "end" : 54,  "EventPolarity" : "EVE neutral",  "Prominence" : "Background" }, 
        {"sofa" : 12,  "begin" : 57,  "end" : 133,  "EventPolarity" : "EVE negative",  "Prominence" : "Background" }, 
        {"sofa" : 12,  "begin" : 135,  "end" : 197,  "EventPolarity" : "EVE positive",  "Prominence" : "Main" }, 
        {"sofa" : 12,  "begin" : 263,  "end" : 328,  "EventPolarity" : "EVE positive",  "Prominence" : "Main" } ] } }, 
  "_referenced_fss" : {
    "12" : {"_type" : "Sofa",  "sofaNum" : 1,  "sofaID" : "_InitialView",  "mimeType" : "text",  "sofaString" : "Derde prik voor iedereen ?\n Experts stellen mening bij , Zweedse studie toont hoe ook bescherming van Pfizer en Moderna sterk afneemt\n Steeds meer landen bieden de hele bevolking een derde prik aan .\n Ook bij ons rijpen de geesten .\n Het is zo goed als zeker dat we in 2022 de algemene bevolking een herhalingsdosis zullen geven , zegt Dirk Ramaekers , hoofd van de taskforce vaccinatie .\n " } } }