{"_context" : {
    "_types" : {
      "DocumentMetaData" : {
        "_feature_types" : {"sofa" : "_ref" } }, 
      "Eventclauses" : {
        "_feature_types" : {"sofa" : "_ref",  "Arguments" : "_ref",  "Polarity" : "_ref",  "PolarityTrigger" : "_ref",  "Sameclause" : "_ref" } }, 
      "Sentence" : {
        "_feature_types" : {"sofa" : "_ref" } }, 
      "Sofa" : {
        "_feature_types" : {"sofaArray" : "_ref" } }, 
      "TagsetDescription" : {
        "_feature_types" : {"sofa" : "_ref",  "tags" : "_ref" } }, 
      "Token" : {
        "_feature_types" : {"sofa" : "_ref",  "parent" : "_ref",  "lemma" : "_ref",  "stem" : "_ref",  "pos" : "_ref",  "morph" : "_ref",  "form" : "_ref" } }, 
      "DocumentAnnotation" : {
        "_feature_types" : {"sofa" : "_ref" }, 
        "_subtypes" : ["DocumentMetaData" ] }, 
      "Annotation" : {
        "_feature_types" : {"sofa" : "_ref" }, 
        "_subtypes" : ["DocumentAnnotation",  "Eventclauses",  "Sentence",  "TagsetDescription",  "Token" ] }, 
      "AnnotationBase" : {
        "_feature_types" : {"sofa" : "_ref" }, 
        "_subtypes" : ["Annotation" ] }, 
      "TOP" : {
        "_subtypes" : ["AnnotationBase",  "Sofa" ] } } }, 
  "_views" : {
    "_InitialView" : {
      "DocumentMetaData" : [
        {"sofa" : 12,  "end" : 230,  "language" : "x-unspecified",  "documentTitle" : "dmf20211123_96492678.txt",  "documentId" : "WoutBoven",  "documentUri" : "file:/export/repository/project/114/document/44277/source/WoutBoven",  "collectionId" : "file:/export/repository/project/114/document/44277/source/",  "documentBaseUri" : "file:/export/repository/project/114/document/44277/source/",  "isLastSegment" : false } ], 
      "TagsetDescription" : [
        {"sofa" : 12,  "layer" : "de.tudarmstadt.ukp.dkpro.core.api.syntax.type.dependency.Dependency",  "name" : "UD Universal Dependencies",  "input" : false }, 
        {"sofa" : 12,  "layer" : "webanno.custom.Entities",  "name" : "Entity - mention level types",  "input" : false }, 
        {"sofa" : 12,  "layer" : "webanno.custom.Eventclauses",  "name" : "Event - tense",  "input" : false }, 
        {"sofa" : 12,  "layer" : "webanno.custom.Eventsarguments",  "name" : "eventdna_argument_entities_(auto)",  "input" : false }, 
        {"sofa" : 12,  "layer" : "webanno.custom.Namedentities",  "name" : "NE types",  "input" : false }, 
        {"sofa" : 12,  "layer" : "webanno.custom.EntitiesLETSpreanno",  "name" : "Named entity - types",  "input" : false }, 
        {"sofa" : 12,  "layer" : "de.tudarmstadt.ukp.dkpro.core.api.transform.type.SofaChangeAnnotation",  "name" : "Operation",  "input" : false }, 
        {"sofa" : 12,  "layer" : "de.tudarmstadt.ukp.dkpro.core.api.lexmorph.type.pos.POS",  "name" : "UD Universal POS tags",  "input" : false }, 
        {"sofa" : 12,  "layer" : "webanno.custom.Polaritytriggers",  "name" : "Polarity",  "input" : false }, 
        {"sofa" : 12,  "layer" : "de.tudarmstadt.ukp.dkpro.core.api.segmentation.type.SurfaceForm",  "name" : "Named Entity tags",  "input" : false } ], 
      "Sentence" : [
        {"sofa" : 12,  "end" : 52 }, 
        {"sofa" : 12,  "begin" : 54,  "end" : 228 } ], 
      "Token" : [
        {"sofa" : 12,  "end" : 7 }, 
        {"sofa" : 12,  "begin" : 8,  "end" : 13 }, 
        {"sofa" : 12,  "begin" : 14,  "end" : 23 }, 
        {"sofa" : 12,  "begin" : 24,  "end" : 26 }, 
        {"sofa" : 12,  "begin" : 27,  "end" : 41 }, 
        {"sofa" : 12,  "begin" : 42,  "end" : 52 }, 
        {"sofa" : 12,  "begin" : 54,  "end" : 68 }, 
        {"sofa" : 12,  "begin" : 69,  "end" : 72 }, 
        {"sofa" : 12,  "begin" : 73,  "end" : 75 }, 
        {"sofa" : 12,  "begin" : 76,  "end" : 81 }, 
        {"sofa" : 12,  "begin" : 82,  "end" : 86 }, 
        {"sofa" : 12,  "begin" : 87,  "end" : 89 }, 
        {"sofa" : 12,  "begin" : 90,  "end" : 95 }, 
        {"sofa" : 12,  "begin" : 96,  "end" : 98 }, 
        {"sofa" : 12,  "begin" : 99,  "end" : 105 }, 
        {"sofa" : 12,  "begin" : 106,  "end" : 107 }, 
        {"sofa" : 12,  "begin" : 108,  "end" : 119 }, 
        {"sofa" : 12,  "begin" : 120,  "end" : 124 }, 
        {"sofa" : 12,  "begin" : 125,  "end" : 128 }, 
        {"sofa" : 12,  "begin" : 129,  "end" : 139 }, 
        {"sofa" : 12,  "begin" : 140,  "end" : 141 }, 
        {"sofa" : 12,  "begin" : 142,  "end" : 147 }, 
        {"sofa" : 12,  "begin" : 148,  "end" : 157 }, 
        {"sofa" : 12,  "begin" : 158,  "end" : 163 }, 
        {"sofa" : 12,  "begin" : 164,  "end" : 166 }, 
        {"sofa" : 12,  "begin" : 167,  "end" : 171 }, 
        {"sofa" : 12,  "begin" : 172,  "end" : 178 }, 
        {"sofa" : 12,  "begin" : 179,  "end" : 182 }, 
        {"sofa" : 12,  "begin" : 183,  "end" : 185 }, 
        {"sofa" : 12,  "begin" : 186,  "end" : 192 }, 
        {"sofa" : 12,  "begin" : 193,  "end" : 198 }, 
        {"sofa" : 12,  "begin" : 199,  "end" : 206 }, 
        {"sofa" : 12,  "begin" : 207,  "end" : 210 }, 
        {"sofa" : 12,  "begin" : 211,  "end" : 226 }, 
        {"sofa" : 12,  "begin" : 227,  "end" : 228 } ], 
      "Eventclauses" : [
        {"sofa" : 12,  "end" : 52,  "EventPolarity" : "EVE negative",  "Prominence" : "Main" }, 
        {"sofa" : 12,  "begin" : 54,  "end" : 226,  "EventPolarity" : "EVE negative",  "Prominence" : "Main" } ] } }, 
  "_referenced_fss" : {
    "12" : {"_type" : "Sofa",  "sofaNum" : 1,  "sofaID" : "_InitialView",  "mimeType" : "text",  "sofaString" : "Politie houdt klopjacht op voortvluchtige verdachten\n Politieploegen van de zones Voer en Dijle en Leuven , ondersteund door een helikopter , maken momenteel jacht op twee mannen die de vlucht namen tijdens een politiecontrole .\n " } } }