{"_context" : {
    "_types" : {
      "DocumentMetaData" : {
        "_feature_types" : {"sofa" : "_ref" } }, 
      "Eventclauses" : {
        "_feature_types" : {"sofa" : "_ref",  "Arguments" : "_ref",  "Polarity" : "_ref",  "PolarityTrigger" : "_ref",  "Sameclause" : "_ref" } }, 
      "Sentence" : {
        "_feature_types" : {"sofa" : "_ref" } }, 
      "Sofa" : {
        "_feature_types" : {"sofaArray" : "_ref" } }, 
      "TagsetDescription" : {
        "_feature_types" : {"sofa" : "_ref",  "tags" : "_ref" } }, 
      "Token" : {
        "_feature_types" : {"sofa" : "_ref",  "parent" : "_ref",  "lemma" : "_ref",  "stem" : "_ref",  "pos" : "_ref",  "morph" : "_ref",  "form" : "_ref" } }, 
      "DocumentAnnotation" : {
        "_feature_types" : {"sofa" : "_ref" }, 
        "_subtypes" : ["DocumentMetaData" ] }, 
      "Annotation" : {
        "_feature_types" : {"sofa" : "_ref" }, 
        "_subtypes" : ["DocumentAnnotation",  "Eventclauses",  "Sentence",  "TagsetDescription",  "Token" ] }, 
      "AnnotationBase" : {
        "_feature_types" : {"sofa" : "_ref" }, 
        "_subtypes" : ["Annotation" ] }, 
      "TOP" : {
        "_subtypes" : ["AnnotationBase",  "Sofa" ] } } }, 
  "_views" : {
    "_InitialView" : {
      "DocumentMetaData" : [
        {"sofa" : 12,  "end" : 324,  "language" : "x-unspecified",  "documentTitle" : "dmf20211122_91685231.txt",  "documentId" : "WoutBoven",  "documentUri" : "file:/export/repository/project/114/document/44288/source/WoutBoven",  "collectionId" : "file:/export/repository/project/114/document/44288/source/",  "documentBaseUri" : "file:/export/repository/project/114/document/44288/source/",  "isLastSegment" : false } ], 
      "TagsetDescription" : [
        {"sofa" : 12,  "layer" : "de.tudarmstadt.ukp.dkpro.core.api.syntax.type.dependency.Dependency",  "name" : "UD Universal Dependencies",  "input" : false }, 
        {"sofa" : 12,  "layer" : "webanno.custom.Entities",  "name" : "Entity - mention level types",  "input" : false }, 
        {"sofa" : 12,  "layer" : "webanno.custom.Eventclauses",  "name" : "Event - tense",  "input" : false }, 
        {"sofa" : 12,  "layer" : "webanno.custom.Eventsarguments",  "name" : "eventdna_argument_entities_(auto)",  "input" : false }, 
        {"sofa" : 12,  "layer" : "webanno.custom.Namedentities",  "name" : "NE types",  "input" : false }, 
        {"sofa" : 12,  "layer" : "webanno.custom.EntitiesLETSpreanno",  "name" : "Named entity - types",  "input" : false }, 
        {"sofa" : 12,  "layer" : "de.tudarmstadt.ukp.dkpro.core.api.transform.type.SofaChangeAnnotation",  "name" : "Operation",  "input" : false }, 
        {"sofa" : 12,  "layer" : "de.tudarmstadt.ukp.dkpro.core.api.lexmorph.type.pos.POS",  "name" : "UD Universal POS tags",  "input" : false }, 
        {"sofa" : 12,  "layer" : "webanno.custom.Polaritytriggers",  "name" : "Polarity",  "input" : false }, 
        {"sofa" : 12,  "layer" : "de.tudarmstadt.ukp.dkpro.core.api.segmentation.type.SurfaceForm",  "name" : "Named Entity tags",  "input" : false } ], 
      "Sentence" : [
        {"sofa" : 12,  "end" : 81 }, 
        {"sofa" : 12,  "begin" : 83,  "end" : 163 }, 
        {"sofa" : 12,  "begin" : 165,  "end" : 322 } ], 
      "Token" : [
        {"sofa" : 12,  "end" : 4 }, 
        {"sofa" : 12,  "begin" : 5,  "end" : 12 }, 
        {"sofa" : 12,  "begin" : 13,  "end" : 15 }, 
        {"sofa" : 12,  "begin" : 16,  "end" : 21 }, 
        {"sofa" : 12,  "begin" : 22,  "end" : 30 }, 
        {"sofa" : 12,  "begin" : 31,  "end" : 37 }, 
        {"sofa" : 12,  "begin" : 38,  "end" : 46 }, 
        {"sofa" : 12,  "begin" : 47,  "end" : 51 }, 
        {"sofa" : 12,  "begin" : 52,  "end" : 60 }, 
        {"sofa" : 12,  "begin" : 61,  "end" : 67 }, 
        {"sofa" : 12,  "begin" : 68,  "end" : 70 }, 
        {"sofa" : 12,  "begin" : 71,  "end" : 81 }, 
        {"sofa" : 12,  "begin" : 83,  "end" : 86 }, 
        {"sofa" : 12,  "begin" : 87,  "end" : 89 }, 
        {"sofa" : 12,  "begin" : 90,  "end" : 92 }, 
        {"sofa" : 12,  "begin" : 93,  "end" : 97 }, 
        {"sofa" : 12,  "begin" : 98,  "end" : 105 }, 
        {"sofa" : 12,  "begin" : 106,  "end" : 108 }, 
        {"sofa" : 12,  "begin" : 109,  "end" : 119 }, 
        {"sofa" : 12,  "begin" : 120,  "end" : 125 }, 
        {"sofa" : 12,  "begin" : 126,  "end" : 129 }, 
        {"sofa" : 12,  "begin" : 130,  "end" : 141 }, 
        {"sofa" : 12,  "begin" : 142,  "end" : 145 }, 
        {"sofa" : 12,  "begin" : 146,  "end" : 154 }, 
        {"sofa" : 12,  "begin" : 155,  "end" : 161 }, 
        {"sofa" : 12,  "begin" : 162,  "end" : 163 }, 
        {"sofa" : 12,  "begin" : 165,  "end" : 167 }, 
        {"sofa" : 12,  "begin" : 168,  "end" : 171 }, 
        {"sofa" : 12,  "begin" : 172,  "end" : 178 }, 
        {"sofa" : 12,  "begin" : 179,  "end" : 184 }, 
        {"sofa" : 12,  "begin" : 185,  "end" : 187 }, 
        {"sofa" : 12,  "begin" : 188,  "end" : 196 }, 
        {"sofa" : 12,  "begin" : 197,  "end" : 199 }, 
        {"sofa" : 12,  "begin" : 200,  "end" : 207 }, 
        {"sofa" : 12,  "begin" : 208,  "end" : 209 }, 
        {"sofa" : 12,  "begin" : 210,  "end" : 218 }, 
        {"sofa" : 12,  "begin" : 219,  "end" : 224 }, 
        {"sofa" : 12,  "begin" : 225,  "end" : 228 }, 
        {"sofa" : 12,  "begin" : 229,  "end" : 235 }, 
        {"sofa" : 12,  "begin" : 236,  "end" : 239 }, 
        {"sofa" : 12,  "begin" : 240,  "end" : 242 }, 
        {"sofa" : 12,  "begin" : 243,  "end" : 252 }, 
        {"sofa" : 12,  "begin" : 253,  "end" : 256 }, 
        {"sofa" : 12,  "begin" : 257,  "end" : 259 }, 
        {"sofa" : 12,  "begin" : 260,  "end" : 274 }, 
        {"sofa" : 12,  "begin" : 275,  "end" : 278 }, 
        {"sofa" : 12,  "begin" : 279,  "end" : 284 }, 
        {"sofa" : 12,  "begin" : 285,  "end" : 288 }, 
        {"sofa" : 12,  "begin" : 289,  "end" : 295 }, 
        {"sofa" : 12,  "begin" : 296,  "end" : 298 }, 
        {"sofa" : 12,  "begin" : 299,  "end" : 306 }, 
        {"sofa" : 12,  "begin" : 307,  "end" : 310 }, 
        {"sofa" : 12,  "begin" : 311,  "end" : 320 }, 
        {"sofa" : 12,  "begin" : 321,  "end" : 322 } ], 
      "Eventclauses" : [
        {"sofa" : 12,  "end" : 81,  "EventPolarity" : "EVE positive",  "Prominence" : "Main" }, 
        {"sofa" : 12,  "begin" : 83,  "end" : 161,  "EventPolarity" : "EVE negative",  "Prominence" : "Background" }, 
        {"sofa" : 12,  "begin" : 165,  "end" : 207,  "EventPolarity" : "EVE positive",  "Prominence" : "Main" }, 
        {"sofa" : 12,  "begin" : 210,  "end" : 320,  "EventPolarity" : "EVE positive",  "Prominence" : "Main" } ] } }, 
  "_referenced_fss" : {
    "12" : {"_type" : "Sofa",  "sofaNum" : 1,  "sofaID" : "_InitialView",  "mimeType" : "text",  "sofaString" : "Dina Tersago en Marie Bamutese vragen aandacht voor seksueel geweld in Oost-Congo\n Een op de drie vrouwen in Oost-Congo wordt het slachtoffer van seksueel geweld .\n Om die gruwel onder de aandacht te brengen , lanceert Mamas for Africa aan de vooravond van de Internationale Dag tegen het Geweld op Vrouwen een radiospot .\n " } } }