{"_context" : {
    "_types" : {
      "DocumentMetaData" : {
        "_feature_types" : {"sofa" : "_ref" } }, 
      "Eventclauses" : {
        "_feature_types" : {"sofa" : "_ref",  "Arguments" : "_ref",  "Polarity" : "_ref",  "PolarityTrigger" : "_ref",  "Sameclause" : "_ref" } }, 
      "Sentence" : {
        "_feature_types" : {"sofa" : "_ref" } }, 
      "Sofa" : {
        "_feature_types" : {"sofaArray" : "_ref" } }, 
      "TagsetDescription" : {
        "_feature_types" : {"sofa" : "_ref",  "tags" : "_ref" } }, 
      "Token" : {
        "_feature_types" : {"sofa" : "_ref",  "parent" : "_ref",  "lemma" : "_ref",  "stem" : "_ref",  "pos" : "_ref",  "morph" : "_ref",  "form" : "_ref" } }, 
      "DocumentAnnotation" : {
        "_feature_types" : {"sofa" : "_ref" }, 
        "_subtypes" : ["DocumentMetaData" ] }, 
      "Annotation" : {
        "_feature_types" : {"sofa" : "_ref" }, 
        "_subtypes" : ["DocumentAnnotation",  "Eventclauses",  "Sentence",  "TagsetDescription",  "Token" ] }, 
      "AnnotationBase" : {
        "_feature_types" : {"sofa" : "_ref" }, 
        "_subtypes" : ["Annotation" ] }, 
      "TOP" : {
        "_subtypes" : ["AnnotationBase",  "Sofa" ] } } }, 
  "_views" : {
    "_InitialView" : {
      "DocumentMetaData" : [
        {"sofa" : 12,  "end" : 265,  "language" : "x-unspecified",  "documentTitle" : "dmf20211123_95059974.txt",  "documentId" : "WoutBoven",  "documentUri" : "file:/export/repository/project/114/document/44282/source/WoutBoven",  "collectionId" : "file:/export/repository/project/114/document/44282/source/",  "documentBaseUri" : "file:/export/repository/project/114/document/44282/source/",  "isLastSegment" : false } ], 
      "TagsetDescription" : [
        {"sofa" : 12,  "layer" : "de.tudarmstadt.ukp.dkpro.core.api.syntax.type.dependency.Dependency",  "name" : "UD Universal Dependencies",  "input" : false }, 
        {"sofa" : 12,  "layer" : "webanno.custom.Entities",  "name" : "Entity - mention level types",  "input" : false }, 
        {"sofa" : 12,  "layer" : "webanno.custom.Eventclauses",  "name" : "Event - tense",  "input" : false }, 
        {"sofa" : 12,  "layer" : "webanno.custom.Eventsarguments",  "name" : "eventdna_argument_entities_(auto)",  "input" : false }, 
        {"sofa" : 12,  "layer" : "webanno.custom.Namedentities",  "name" : "NE types",  "input" : false }, 
        {"sofa" : 12,  "layer" : "webanno.custom.EntitiesLETSpreanno",  "name" : "Named entity - types",  "input" : false }, 
        {"sofa" : 12,  "layer" : "de.tudarmstadt.ukp.dkpro.core.api.transform.type.SofaChangeAnnotation",  "name" : "Operation",  "input" : false }, 
        {"sofa" : 12,  "layer" : "de.tudarmstadt.ukp.dkpro.core.api.lexmorph.type.pos.POS",  "name" : "UD Universal POS tags",  "input" : false }, 
        {"sofa" : 12,  "layer" : "webanno.custom.Polaritytriggers",  "name" : "Polarity",  "input" : false }, 
        {"sofa" : 12,  "layer" : "de.tudarmstadt.ukp.dkpro.core.api.segmentation.type.SurfaceForm",  "name" : "Named Entity tags",  "input" : false } ], 
      "Sentence" : [
        {"sofa" : 12,  "end" : 48 }, 
        {"sofa" : 12,  "begin" : 50,  "end" : 172 }, 
        {"sofa" : 12,  "begin" : 174,  "end" : 263 } ], 
      "Token" : [
        {"sofa" : 12,  "end" : 14 }, 
        {"sofa" : 12,  "begin" : 15,  "end" : 16 }, 
        {"sofa" : 12,  "begin" : 17,  "end" : 26 }, 
        {"sofa" : 12,  "begin" : 27,  "end" : 33 }, 
        {"sofa" : 12,  "begin" : 34,  "end" : 38 }, 
        {"sofa" : 12,  "begin" : 39,  "end" : 48 }, 
        {"sofa" : 12,  "begin" : 50,  "end" : 52 }, 
        {"sofa" : 12,  "begin" : 53,  "end" : 63 }, 
        {"sofa" : 12,  "begin" : 64,  "end" : 66 }, 
        {"sofa" : 12,  "begin" : 67,  "end" : 76 }, 
        {"sofa" : 12,  "begin" : 77,  "end" : 80 }, 
        {"sofa" : 12,  "begin" : 81,  "end" : 89 }, 
        {"sofa" : 12,  "begin" : 90,  "end" : 102 }, 
        {"sofa" : 12,  "begin" : 103,  "end" : 109 }, 
        {"sofa" : 12,  "begin" : 110,  "end" : 116 }, 
        {"sofa" : 12,  "begin" : 117,  "end" : 127 }, 
        {"sofa" : 12,  "begin" : 128,  "end" : 130 }, 
        {"sofa" : 12,  "begin" : 131,  "end" : 136 }, 
        {"sofa" : 12,  "begin" : 137,  "end" : 139 }, 
        {"sofa" : 12,  "begin" : 140,  "end" : 142 }, 
        {"sofa" : 12,  "begin" : 143,  "end" : 151 }, 
        {"sofa" : 12,  "begin" : 152,  "end" : 164 }, 
        {"sofa" : 12,  "begin" : 165,  "end" : 170 }, 
        {"sofa" : 12,  "begin" : 171,  "end" : 172 }, 
        {"sofa" : 12,  "begin" : 174,  "end" : 177 }, 
        {"sofa" : 12,  "begin" : 178,  "end" : 180 }, 
        {"sofa" : 12,  "begin" : 181,  "end" : 185 }, 
        {"sofa" : 12,  "begin" : 186,  "end" : 192 }, 
        {"sofa" : 12,  "begin" : 193,  "end" : 197 }, 
        {"sofa" : 12,  "begin" : 198,  "end" : 200 }, 
        {"sofa" : 12,  "begin" : 201,  "end" : 211 }, 
        {"sofa" : 12,  "begin" : 212,  "end" : 215 }, 
        {"sofa" : 12,  "begin" : 216,  "end" : 218 }, 
        {"sofa" : 12,  "begin" : 219,  "end" : 227 }, 
        {"sofa" : 12,  "begin" : 228,  "end" : 231 }, 
        {"sofa" : 12,  "begin" : 232,  "end" : 234 }, 
        {"sofa" : 12,  "begin" : 235,  "end" : 236 }, 
        {"sofa" : 12,  "begin" : 236,  "end" : 237 }, 
        {"sofa" : 12,  "begin" : 237,  "end" : 248 }, 
        {"sofa" : 12,  "begin" : 249,  "end" : 250 }, 
        {"sofa" : 12,  "begin" : 250,  "end" : 251 }, 
        {"sofa" : 12,  "begin" : 252,  "end" : 261 }, 
        {"sofa" : 12,  "begin" : 262,  "end" : 263 } ], 
      "Eventclauses" : [
        {"sofa" : 12,  "end" : 48,  "EventPolarity" : "EVE positive",  "Prominence" : "Main" }, 
        {"sofa" : 12,  "begin" : 50,  "end" : 170,  "EventPolarity" : "EVE positive",  "Prominence" : "Main" } ] } }, 
  "_referenced_fss" : {
    "12" : {"_type" : "Sofa",  "sofaNum" : 1,  "sofaID" : "_InitialView",  "mimeType" : "text",  "sofaString" : "Schoolomgeving t Zandhofje krijgt hele make - over\n De Liersebaan in Zandhoven zal volledig heraangelegd worden tussen restaurant Il Forno en de vroegere schoenwinkel Coppé .\n Dat is goed nieuws voor de veiligheid van de kinderen van GO ! - basisschool 't Zandhofje .\n " } } }
