{"_context" : {
    "_types" : {
      "DocumentMetaData" : {
        "_feature_types" : {"sofa" : "_ref" } }, 
      "Eventclauses" : {
        "_feature_types" : {"sofa" : "_ref",  "Arguments" : "_ref",  "Polarity" : "_ref",  "PolarityTrigger" : "_ref",  "Sameclause" : "_ref" } }, 
      "Sentence" : {
        "_feature_types" : {"sofa" : "_ref" } }, 
      "Sofa" : {
        "_feature_types" : {"sofaArray" : "_ref" } }, 
      "TagsetDescription" : {
        "_feature_types" : {"sofa" : "_ref",  "tags" : "_ref" } }, 
      "Token" : {
        "_feature_types" : {"sofa" : "_ref",  "parent" : "_ref",  "lemma" : "_ref",  "stem" : "_ref",  "pos" : "_ref",  "morph" : "_ref",  "form" : "_ref" } }, 
      "DocumentAnnotation" : {
        "_feature_types" : {"sofa" : "_ref" }, 
        "_subtypes" : ["DocumentMetaData" ] }, 
      "Annotation" : {
        "_feature_types" : {"sofa" : "_ref" }, 
        "_subtypes" : ["DocumentAnnotation",  "Eventclauses",  "Sentence",  "TagsetDescription",  "Token" ] }, 
      "AnnotationBase" : {
        "_feature_types" : {"sofa" : "_ref" }, 
        "_subtypes" : ["Annotation" ] }, 
      "TOP" : {
        "_subtypes" : ["AnnotationBase",  "Sofa" ] } } }, 
  "_views" : {
    "_InitialView" : {
      "DocumentMetaData" : [
        {"sofa" : 12,  "end" : 407,  "language" : "x-unspecified",  "documentTitle" : "dmf20211121_95082246.txt",  "documentId" : "WoutBoven",  "documentUri" : "file:/export/repository/project/114/document/44297/source/WoutBoven",  "collectionId" : "file:/export/repository/project/114/document/44297/source/",  "documentBaseUri" : "file:/export/repository/project/114/document/44297/source/",  "isLastSegment" : false } ], 
      "TagsetDescription" : [
        {"sofa" : 12,  "layer" : "de.tudarmstadt.ukp.dkpro.core.api.syntax.type.dependency.Dependency",  "name" : "UD Universal Dependencies",  "input" : false }, 
        {"sofa" : 12,  "layer" : "webanno.custom.Entities",  "name" : "Entity - mention level types",  "input" : false }, 
        {"sofa" : 12,  "layer" : "webanno.custom.Eventclauses",  "name" : "Event - tense",  "input" : false }, 
        {"sofa" : 12,  "layer" : "webanno.custom.Eventsarguments",  "name" : "eventdna_argument_entities_(auto)",  "input" : false }, 
        {"sofa" : 12,  "layer" : "webanno.custom.Namedentities",  "name" : "NE types",  "input" : false }, 
        {"sofa" : 12,  "layer" : "webanno.custom.EntitiesLETSpreanno",  "name" : "Named entity - types",  "input" : false }, 
        {"sofa" : 12,  "layer" : "de.tudarmstadt.ukp.dkpro.core.api.transform.type.SofaChangeAnnotation",  "name" : "Operation",  "input" : false }, 
        {"sofa" : 12,  "layer" : "de.tudarmstadt.ukp.dkpro.core.api.lexmorph.type.pos.POS",  "name" : "UD Universal POS tags",  "input" : false }, 
        {"sofa" : 12,  "layer" : "webanno.custom.Polaritytriggers",  "name" : "Polarity",  "input" : false }, 
        {"sofa" : 12,  "layer" : "de.tudarmstadt.ukp.dkpro.core.api.segmentation.type.SurfaceForm",  "name" : "Named Entity tags",  "input" : false } ], 
      "Sentence" : [
        {"sofa" : 12,  "end" : 78 }, 
        {"sofa" : 12,  "begin" : 80,  "end" : 144 }, 
        {"sofa" : 12,  "begin" : 146,  "end" : 253 }, 
        {"sofa" : 12,  "begin" : 255,  "end" : 405 } ], 
      "Token" : [
        {"sofa" : 12,  "end" : 9 }, 
        {"sofa" : 12,  "begin" : 10,  "end" : 19 }, 
        {"sofa" : 12,  "begin" : 20,  "end" : 24 }, 
        {"sofa" : 12,  "begin" : 25,  "end" : 32 }, 
        {"sofa" : 12,  "begin" : 33,  "end" : 37 }, 
        {"sofa" : 12,  "begin" : 38,  "end" : 44 }, 
        {"sofa" : 12,  "begin" : 45,  "end" : 53 }, 
        {"sofa" : 12,  "begin" : 54,  "end" : 56 }, 
        {"sofa" : 12,  "begin" : 57,  "end" : 65 }, 
        {"sofa" : 12,  "begin" : 66,  "end" : 78 }, 
        {"sofa" : 12,  "begin" : 80,  "end" : 86 }, 
        {"sofa" : 12,  "begin" : 87,  "end" : 92 }, 
        {"sofa" : 12,  "begin" : 93,  "end" : 99 }, 
        {"sofa" : 12,  "begin" : 100,  "end" : 103 }, 
        {"sofa" : 12,  "begin" : 104,  "end" : 109 }, 
        {"sofa" : 12,  "begin" : 110,  "end" : 113 }, 
        {"sofa" : 12,  "begin" : 114,  "end" : 118 }, 
        {"sofa" : 12,  "begin" : 119,  "end" : 128 }, 
        {"sofa" : 12,  "begin" : 129,  "end" : 132 }, 
        {"sofa" : 12,  "begin" : 133,  "end" : 142 }, 
        {"sofa" : 12,  "begin" : 143,  "end" : 144 }, 
        {"sofa" : 12,  "begin" : 146,  "end" : 150 }, 
        {"sofa" : 12,  "begin" : 151,  "end" : 158 }, 
        {"sofa" : 12,  "begin" : 159,  "end" : 163 }, 
        {"sofa" : 12,  "begin" : 164,  "end" : 165 }, 
        {"sofa" : 12,  "begin" : 166,  "end" : 168 }, 
        {"sofa" : 12,  "begin" : 169,  "end" : 170 }, 
        {"sofa" : 12,  "begin" : 171,  "end" : 177 }, 
        {"sofa" : 12,  "begin" : 178,  "end" : 189 }, 
        {"sofa" : 12,  "begin" : 190,  "end" : 191 }, 
        {"sofa" : 12,  "begin" : 192,  "end" : 196 }, 
        {"sofa" : 12,  "begin" : 197,  "end" : 201 }, 
        {"sofa" : 12,  "begin" : 202,  "end" : 208 }, 
        {"sofa" : 12,  "begin" : 209,  "end" : 213 }, 
        {"sofa" : 12,  "begin" : 214,  "end" : 218 }, 
        {"sofa" : 12,  "begin" : 219,  "end" : 224 }, 
        {"sofa" : 12,  "begin" : 225,  "end" : 229 }, 
        {"sofa" : 12,  "begin" : 230,  "end" : 233 }, 
        {"sofa" : 12,  "begin" : 234,  "end" : 237 }, 
        {"sofa" : 12,  "begin" : 238,  "end" : 240 }, 
        {"sofa" : 12,  "begin" : 241,  "end" : 251 }, 
        {"sofa" : 12,  "begin" : 252,  "end" : 253 }, 
        {"sofa" : 12,  "begin" : 255,  "end" : 259 }, 
        {"sofa" : 12,  "begin" : 260,  "end" : 261 }, 
        {"sofa" : 12,  "begin" : 262,  "end" : 270 }, 
        {"sofa" : 12,  "begin" : 271,  "end" : 275 }, 
        {"sofa" : 12,  "begin" : 276,  "end" : 278 }, 
        {"sofa" : 12,  "begin" : 279,  "end" : 285 }, 
        {"sofa" : 12,  "begin" : 286,  "end" : 291 }, 
        {"sofa" : 12,  "begin" : 292,  "end" : 295 }, 
        {"sofa" : 12,  "begin" : 296,  "end" : 298 }, 
        {"sofa" : 12,  "begin" : 299,  "end" : 308 }, 
        {"sofa" : 12,  "begin" : 309,  "end" : 331 }, 
        {"sofa" : 12,  "begin" : 332,  "end" : 338 }, 
        {"sofa" : 12,  "begin" : 339,  "end" : 340 }, 
        {"sofa" : 12,  "begin" : 341,  "end" : 344 }, 
        {"sofa" : 12,  "begin" : 345,  "end" : 349 }, 
        {"sofa" : 12,  "begin" : 350,  "end" : 359 }, 
        {"sofa" : 12,  "begin" : 360,  "end" : 364 }, 
        {"sofa" : 12,  "begin" : 365,  "end" : 367 }, 
        {"sofa" : 12,  "begin" : 368,  "end" : 370 }, 
        {"sofa" : 12,  "begin" : 371,  "end" : 374 }, 
        {"sofa" : 12,  "begin" : 375,  "end" : 378 }, 
        {"sofa" : 12,  "begin" : 379,  "end" : 385 }, 
        {"sofa" : 12,  "begin" : 386,  "end" : 394 }, 
        {"sofa" : 12,  "begin" : 395,  "end" : 403 }, 
        {"sofa" : 12,  "begin" : 404,  "end" : 405 } ], 
      "Eventclauses" : [
        {"sofa" : 12,  "end" : 53,  "EventPolarity" : "EVE neutral",  "Prominence" : "Main" }, 
        {"sofa" : 12,  "begin" : 57,  "end" : 78,  "EventPolarity" : "EVE neutral",  "Prominence" : "Main" }, 
        {"sofa" : 12,  "begin" : 146,  "end" : 189,  "EventPolarity" : "EVE neutral",  "Prominence" : "Background" }, 
        {"sofa" : 12,  "begin" : 197,  "end" : 251,  "EventPolarity" : "EVE neutral",  "Prominence" : "Background" }, 
        {"sofa" : 12,  "begin" : 255,  "end" : 364,  "EventPolarity" : "EVE negative",  "Prominence" : "Background" } ] } }, 
  "_referenced_fss" : {
    "12" : {"_type" : "Sofa",  "sofaNum" : 1,  "sofaID" : "_InitialView",  "mimeType" : "text",  "sofaString" : "Chileense Bolsonaro José Antonio Kast prijst Pinochet en verleidt middenklasse\n Krijgt Chili straks een kloon van Jair Bolsonaro als president ?\n José Antonio Kast ( 55 ) klinkt gepolijster , maar zijn ideeën doen niet onder voor die van de Braziliaan .\n Kast , favoriet voor de eerste ronde van de Chileense presidentsverkiezingen zondag , wil geen migranten meer en is fan van wijlen generaal Pinochet .\n " } } }