{"_context" : {
    "_types" : {
      "DocumentMetaData" : {
        "_feature_types" : {"sofa" : "_ref" } }, 
      "Eventclauses" : {
        "_feature_types" : {"sofa" : "_ref",  "Arguments" : "_ref",  "Polarity" : "_ref",  "PolarityTrigger" : "_ref",  "Sameclause" : "_ref" } }, 
      "Sentence" : {
        "_feature_types" : {"sofa" : "_ref" } }, 
      "Sofa" : {
        "_feature_types" : {"sofaArray" : "_ref" } }, 
      "TagsetDescription" : {
        "_feature_types" : {"sofa" : "_ref",  "tags" : "_ref" } }, 
      "Token" : {
        "_feature_types" : {"sofa" : "_ref",  "parent" : "_ref",  "lemma" : "_ref",  "stem" : "_ref",  "pos" : "_ref",  "morph" : "_ref",  "form" : "_ref" } }, 
      "DocumentAnnotation" : {
        "_feature_types" : {"sofa" : "_ref" }, 
        "_subtypes" : ["DocumentMetaData" ] }, 
      "Annotation" : {
        "_feature_types" : {"sofa" : "_ref" }, 
        "_subtypes" : ["DocumentAnnotation",  "Eventclauses",  "Sentence",  "TagsetDescription",  "Token" ] }, 
      "AnnotationBase" : {
        "_feature_types" : {"sofa" : "_ref" }, 
        "_subtypes" : ["Annotation" ] }, 
      "TOP" : {
        "_subtypes" : ["AnnotationBase",  "Sofa" ] } } }, 
  "_views" : {
    "_InitialView" : {
      "DocumentMetaData" : [
        {"sofa" : 12,  "end" : 530,  "language" : "x-unspecified",  "documentTitle" : "edfe263.txt",  "documentId" : "WoutBoven",  "documentUri" : "file:/export/repository/project/114/document/44237/source/WoutBoven",  "collectionId" : "file:/export/repository/project/114/document/44237/source/",  "documentBaseUri" : "file:/export/repository/project/114/document/44237/source/",  "isLastSegment" : false } ], 
      "TagsetDescription" : [
        {"sofa" : 12,  "layer" : "de.tudarmstadt.ukp.dkpro.core.api.syntax.type.dependency.Dependency",  "name" : "UD Universal Dependencies",  "input" : false }, 
        {"sofa" : 12,  "layer" : "webanno.custom.Entities",  "name" : "Entity - mention level types",  "input" : false }, 
        {"sofa" : 12,  "layer" : "webanno.custom.Eventclauses",  "name" : "Event - tense",  "input" : false }, 
        {"sofa" : 12,  "layer" : "webanno.custom.Eventsarguments",  "name" : "eventdna_argument_entities_(auto)",  "input" : false }, 
        {"sofa" : 12,  "layer" : "webanno.custom.Namedentities",  "name" : "NE types",  "input" : false }, 
        {"sofa" : 12,  "layer" : "webanno.custom.EntitiesLETSpreanno",  "name" : "Named entity - types",  "input" : false }, 
        {"sofa" : 12,  "layer" : "de.tudarmstadt.ukp.dkpro.core.api.transform.type.SofaChangeAnnotation",  "name" : "Operation",  "input" : false }, 
        {"sofa" : 12,  "layer" : "de.tudarmstadt.ukp.dkpro.core.api.lexmorph.type.pos.POS",  "name" : "UD Universal POS tags",  "input" : false }, 
        {"sofa" : 12,  "layer" : "webanno.custom.Polaritytriggers",  "name" : "Polarity",  "input" : false }, 
        {"sofa" : 12,  "layer" : "de.tudarmstadt.ukp.dkpro.core.api.segmentation.type.SurfaceForm",  "name" : "Named Entity tags",  "input" : false } ], 
      "Sentence" : [
        {"sofa" : 12,  "end" : 48 }, 
        {"sofa" : 12,  "begin" : 50,  "end" : 87 }, 
        {"sofa" : 12,  "begin" : 89,  "end" : 131 }, 
        {"sofa" : 12,  "begin" : 133,  "end" : 200 }, 
        {"sofa" : 12,  "begin" : 202,  "end" : 297 }, 
        {"sofa" : 12,  "begin" : 299,  "end" : 367 }, 
        {"sofa" : 12,  "begin" : 369,  "end" : 416 }, 
        {"sofa" : 12,  "begin" : 418,  "end" : 528 } ], 
      "Token" : [
        {"sofa" : 12,  "end" : 3 }, 
        {"sofa" : 12,  "begin" : 4,  "end" : 13 }, 
        {"sofa" : 12,  "begin" : 14,  "end" : 18 }, 
        {"sofa" : 12,  "begin" : 19,  "end" : 25 }, 
        {"sofa" : 12,  "begin" : 26,  "end" : 33 }, 
        {"sofa" : 12,  "begin" : 34,  "end" : 39 }, 
        {"sofa" : 12,  "begin" : 40,  "end" : 46 }, 
        {"sofa" : 12,  "begin" : 47,  "end" : 48 }, 
        {"sofa" : 12,  "begin" : 50,  "end" : 52 }, 
        {"sofa" : 12,  "begin" : 53,  "end" : 56 }, 
        {"sofa" : 12,  "begin" : 57,  "end" : 60 }, 
        {"sofa" : 12,  "begin" : 61,  "end" : 64 }, 
        {"sofa" : 12,  "begin" : 65,  "end" : 78 }, 
        {"sofa" : 12,  "begin" : 79,  "end" : 85 }, 
        {"sofa" : 12,  "begin" : 86,  "end" : 87 }, 
        {"sofa" : 12,  "begin" : 89,  "end" : 92 }, 
        {"sofa" : 12,  "begin" : 93,  "end" : 97 }, 
        {"sofa" : 12,  "begin" : 98,  "end" : 100 }, 
        {"sofa" : 12,  "begin" : 101,  "end" : 107 }, 
        {"sofa" : 12,  "begin" : 108,  "end" : 112 }, 
        {"sofa" : 12,  "begin" : 113,  "end" : 122 }, 
        {"sofa" : 12,  "begin" : 123,  "end" : 131 }, 
        {"sofa" : 12,  "begin" : 133,  "end" : 141 }, 
        {"sofa" : 12,  "begin" : 142,  "end" : 147 }, 
        {"sofa" : 12,  "begin" : 148,  "end" : 151 }, 
        {"sofa" : 12,  "begin" : 152,  "end" : 154 }, 
        {"sofa" : 12,  "begin" : 155,  "end" : 163 }, 
        {"sofa" : 12,  "begin" : 164,  "end" : 173 }, 
        {"sofa" : 12,  "begin" : 174,  "end" : 178 }, 
        {"sofa" : 12,  "begin" : 179,  "end" : 183 }, 
        {"sofa" : 12,  "begin" : 184,  "end" : 189 }, 
        {"sofa" : 12,  "begin" : 190,  "end" : 193 }, 
        {"sofa" : 12,  "begin" : 194,  "end" : 198 }, 
        {"sofa" : 12,  "begin" : 199,  "end" : 200 }, 
        {"sofa" : 12,  "begin" : 202,  "end" : 207 }, 
        {"sofa" : 12,  "begin" : 208,  "end" : 210 }, 
        {"sofa" : 12,  "begin" : 211,  "end" : 219 }, 
        {"sofa" : 12,  "begin" : 220,  "end" : 226 }, 
        {"sofa" : 12,  "begin" : 227,  "end" : 230 }, 
        {"sofa" : 12,  "begin" : 231,  "end" : 235 }, 
        {"sofa" : 12,  "begin" : 236,  "end" : 245 }, 
        {"sofa" : 12,  "begin" : 246,  "end" : 249 }, 
        {"sofa" : 12,  "begin" : 250,  "end" : 253 }, 
        {"sofa" : 12,  "begin" : 254,  "end" : 258 }, 
        {"sofa" : 12,  "begin" : 259,  "end" : 264 }, 
        {"sofa" : 12,  "begin" : 265,  "end" : 267 }, 
        {"sofa" : 12,  "begin" : 268,  "end" : 274 }, 
        {"sofa" : 12,  "begin" : 275,  "end" : 281 }, 
        {"sofa" : 12,  "begin" : 282,  "end" : 284 }, 
        {"sofa" : 12,  "begin" : 285,  "end" : 287 }, 
        {"sofa" : 12,  "begin" : 288,  "end" : 295 }, 
        {"sofa" : 12,  "begin" : 296,  "end" : 297 }, 
        {"sofa" : 12,  "begin" : 299,  "end" : 304 }, 
        {"sofa" : 12,  "begin" : 305,  "end" : 315 }, 
        {"sofa" : 12,  "begin" : 316,  "end" : 328 }, 
        {"sofa" : 12,  "begin" : 329,  "end" : 333 }, 
        {"sofa" : 12,  "begin" : 334,  "end" : 340 }, 
        {"sofa" : 12,  "begin" : 341,  "end" : 348 }, 
        {"sofa" : 12,  "begin" : 349,  "end" : 352 }, 
        {"sofa" : 12,  "begin" : 353,  "end" : 358 }, 
        {"sofa" : 12,  "begin" : 359,  "end" : 365 }, 
        {"sofa" : 12,  "begin" : 366,  "end" : 367 }, 
        {"sofa" : 12,  "begin" : 369,  "end" : 371 }, 
        {"sofa" : 12,  "begin" : 372,  "end" : 375 }, 
        {"sofa" : 12,  "begin" : 376,  "end" : 378 }, 
        {"sofa" : 12,  "begin" : 379,  "end" : 388 }, 
        {"sofa" : 12,  "begin" : 389,  "end" : 405 }, 
        {"sofa" : 12,  "begin" : 406,  "end" : 414 }, 
        {"sofa" : 12,  "begin" : 415,  "end" : 416 }, 
        {"sofa" : 12,  "begin" : 418,  "end" : 427 }, 
        {"sofa" : 12,  "begin" : 428,  "end" : 433 }, 
        {"sofa" : 12,  "begin" : 434,  "end" : 435 }, 
        {"sofa" : 12,  "begin" : 436,  "end" : 442 }, 
        {"sofa" : 12,  "begin" : 443,  "end" : 448 }, 
        {"sofa" : 12,  "begin" : 449,  "end" : 459 }, 
        {"sofa" : 12,  "begin" : 460,  "end" : 463 }, 
        {"sofa" : 12,  "begin" : 464,  "end" : 481 }, 
        {"sofa" : 12,  "begin" : 482,  "end" : 488 }, 
        {"sofa" : 12,  "begin" : 489,  "end" : 490 }, 
        {"sofa" : 12,  "begin" : 490,  "end" : 501 }, 
        {"sofa" : 12,  "begin" : 502,  "end" : 508 }, 
        {"sofa" : 12,  "begin" : 509,  "end" : 519 }, 
        {"sofa" : 12,  "begin" : 520,  "end" : 526 }, 
        {"sofa" : 12,  "begin" : 527,  "end" : 528 } ], 
      "Eventclauses" : [
        {"sofa" : 12,  "begin" : 133,  "end" : 198,  "EventPolarity" : "EVE negative",  "Prominence" : "Main" }, 
        {"sofa" : 12,  "begin" : 202,  "end" : 245,  "EventPolarity" : "EVE neutral",  "Prominence" : "Main" }, 
        {"sofa" : 12,  "begin" : 418,  "end" : 526,  "EventPolarity" : "EVE positive",  "Prominence" : "Background" } ] } }, 
  "_referenced_fss" : {
    "12" : {"_type" : "Sofa",  "sofaNum" : 1,  "sofaID" : "_InitialView",  "mimeType" : "text",  "sofaString" : "Mag werknemer zelf kiezen wanneer shift begint ?\n En hoe kan hij gecontroleerd worden ?\n Dit zijn de regels rond verplicht telewerk\n Telewerk wordt tot 12 december verplicht voor vier dagen per week .\n Vanaf 13 december worden dat drie dagen.Het kan dus geen kwaad om enkele regels op te frissen .\n Mogen werknemers bijvoorbeeld zelf kiezen wanneer hun shift begint ?\n En mag de werkgever controlemomenten inlassen ?\n Charlotte Thijs , Senior Legal Consultant van hr-dienstverlener Acerta ,beantwoordt enkele prominente vragen .\n " } } }