{"_context" : {
    "_types" : {
      "DocumentMetaData" : {
        "_feature_types" : {"sofa" : "_ref" } }, 
      "Eventclauses" : {
        "_feature_types" : {"sofa" : "_ref",  "Arguments" : "_ref",  "Polarity" : "_ref",  "PolarityTrigger" : "_ref",  "Sameclause" : "_ref" } }, 
      "Sentence" : {
        "_feature_types" : {"sofa" : "_ref" } }, 
      "Sofa" : {
        "_feature_types" : {"sofaArray" : "_ref" } }, 
      "TagsetDescription" : {
        "_feature_types" : {"sofa" : "_ref",  "tags" : "_ref" } }, 
      "Token" : {
        "_feature_types" : {"sofa" : "_ref",  "parent" : "_ref",  "lemma" : "_ref",  "stem" : "_ref",  "pos" : "_ref",  "morph" : "_ref",  "form" : "_ref" } }, 
      "DocumentAnnotation" : {
        "_feature_types" : {"sofa" : "_ref" }, 
        "_subtypes" : ["DocumentMetaData" ] }, 
      "Annotation" : {
        "_feature_types" : {"sofa" : "_ref" }, 
        "_subtypes" : ["DocumentAnnotation",  "Eventclauses",  "Sentence",  "TagsetDescription",  "Token" ] }, 
      "AnnotationBase" : {
        "_feature_types" : {"sofa" : "_ref" }, 
        "_subtypes" : ["Annotation" ] }, 
      "TOP" : {
        "_subtypes" : ["AnnotationBase",  "Sofa" ] } } }, 
  "_views" : {
    "_InitialView" : {
      "DocumentMetaData" : [
        {"sofa" : 12,  "end" : 384,  "language" : "x-unspecified",  "documentTitle" : "f18ed8d.txt",  "documentId" : "WoutBoven",  "documentUri" : "file:/export/repository/project/114/document/44235/source/WoutBoven",  "collectionId" : "file:/export/repository/project/114/document/44235/source/",  "documentBaseUri" : "file:/export/repository/project/114/document/44235/source/",  "isLastSegment" : false } ], 
      "TagsetDescription" : [
        {"sofa" : 12,  "layer" : "de.tudarmstadt.ukp.dkpro.core.api.syntax.type.dependency.Dependency",  "name" : "UD Universal Dependencies",  "input" : false }, 
        {"sofa" : 12,  "layer" : "webanno.custom.Entities",  "name" : "Entity - mention level types",  "input" : false }, 
        {"sofa" : 12,  "layer" : "webanno.custom.Eventclauses",  "name" : "Event - tense",  "input" : false }, 
        {"sofa" : 12,  "layer" : "webanno.custom.Eventsarguments",  "name" : "eventdna_argument_entities_(auto)",  "input" : false }, 
        {"sofa" : 12,  "layer" : "webanno.custom.Namedentities",  "name" : "NE types",  "input" : false }, 
        {"sofa" : 12,  "layer" : "webanno.custom.EntitiesLETSpreanno",  "name" : "Named entity - types",  "input" : false }, 
        {"sofa" : 12,  "layer" : "de.tudarmstadt.ukp.dkpro.core.api.transform.type.SofaChangeAnnotation",  "name" : "Operation",  "input" : false }, 
        {"sofa" : 12,  "layer" : "de.tudarmstadt.ukp.dkpro.core.api.lexmorph.type.pos.POS",  "name" : "UD Universal POS tags",  "input" : false }, 
        {"sofa" : 12,  "layer" : "webanno.custom.Polaritytriggers",  "name" : "Polarity",  "input" : false }, 
        {"sofa" : 12,  "layer" : "de.tudarmstadt.ukp.dkpro.core.api.segmentation.type.SurfaceForm",  "name" : "Named Entity tags",  "input" : false } ], 
      "Sentence" : [
        {"sofa" : 12,  "end" : 76 }, 
        {"sofa" : 12,  "begin" : 78,  "end" : 210 }, 
        {"sofa" : 12,  "begin" : 212,  "end" : 308 }, 
        {"sofa" : 12,  "begin" : 310,  "end" : 382 } ], 
      "Token" : [
        {"sofa" : 12,  "end" : 4 }, 
        {"sofa" : 12,  "begin" : 5,  "end" : 8 }, 
        {"sofa" : 12,  "begin" : 9,  "end" : 11 }, 
        {"sofa" : 12,  "begin" : 12,  "end" : 17 }, 
        {"sofa" : 12,  "begin" : 18,  "end" : 22 }, 
        {"sofa" : 12,  "begin" : 23,  "end" : 26 }, 
        {"sofa" : 12,  "begin" : 27,  "end" : 34 }, 
        {"sofa" : 12,  "begin" : 35,  "end" : 39 }, 
        {"sofa" : 12,  "begin" : 40,  "end" : 47 }, 
        {"sofa" : 12,  "begin" : 48,  "end" : 52 }, 
        {"sofa" : 12,  "begin" : 53,  "end" : 59 }, 
        {"sofa" : 12,  "begin" : 60,  "end" : 69 }, 
        {"sofa" : 12,  "begin" : 70,  "end" : 76 }, 
        {"sofa" : 12,  "begin" : 78,  "end" : 82 }, 
        {"sofa" : 12,  "begin" : 83,  "end" : 86 }, 
        {"sofa" : 12,  "begin" : 87,  "end" : 89 }, 
        {"sofa" : 12,  "begin" : 90,  "end" : 91 }, 
        {"sofa" : 12,  "begin" : 92,  "end" : 95 }, 
        {"sofa" : 12,  "begin" : 96,  "end" : 111 }, 
        {"sofa" : 12,  "begin" : 112,  "end" : 115 }, 
        {"sofa" : 12,  "begin" : 116,  "end" : 138 }, 
        {"sofa" : 12,  "begin" : 139,  "end" : 142 }, 
        {"sofa" : 12,  "begin" : 143,  "end" : 144 }, 
        {"sofa" : 12,  "begin" : 145,  "end" : 150 }, 
        {"sofa" : 12,  "begin" : 151,  "end" : 153 }, 
        {"sofa" : 12,  "begin" : 154,  "end" : 158 }, 
        {"sofa" : 12,  "begin" : 159,  "end" : 163 }, 
        {"sofa" : 12,  "begin" : 164,  "end" : 167 }, 
        {"sofa" : 12,  "begin" : 168,  "end" : 175 }, 
        {"sofa" : 12,  "begin" : 176,  "end" : 184 }, 
        {"sofa" : 12,  "begin" : 185,  "end" : 190 }, 
        {"sofa" : 12,  "begin" : 191,  "end" : 198 }, 
        {"sofa" : 12,  "begin" : 199,  "end" : 208 }, 
        {"sofa" : 12,  "begin" : 209,  "end" : 210 }, 
        {"sofa" : 12,  "begin" : 212,  "end" : 215 }, 
        {"sofa" : 12,  "begin" : 216,  "end" : 221 }, 
        {"sofa" : 12,  "begin" : 222,  "end" : 225 }, 
        {"sofa" : 12,  "begin" : 226,  "end" : 236 }, 
        {"sofa" : 12,  "begin" : 237,  "end" : 244 }, 
        {"sofa" : 12,  "begin" : 245,  "end" : 247 }, 
        {"sofa" : 12,  "begin" : 248,  "end" : 267 }, 
        {"sofa" : 12,  "begin" : 268,  "end" : 271 }, 
        {"sofa" : 12,  "begin" : 272,  "end" : 281 }, 
        {"sofa" : 12,  "begin" : 282,  "end" : 291 }, 
        {"sofa" : 12,  "begin" : 292,  "end" : 298 }, 
        {"sofa" : 12,  "begin" : 299,  "end" : 306 }, 
        {"sofa" : 12,  "begin" : 307,  "end" : 308 }, 
        {"sofa" : 12,  "begin" : 310,  "end" : 312 }, 
        {"sofa" : 12,  "begin" : 313,  "end" : 315 }, 
        {"sofa" : 12,  "begin" : 316,  "end" : 318 }, 
        {"sofa" : 12,  "begin" : 319,  "end" : 321 }, 
        {"sofa" : 12,  "begin" : 322,  "end" : 329 }, 
        {"sofa" : 12,  "begin" : 330,  "end" : 334 }, 
        {"sofa" : 12,  "begin" : 335,  "end" : 338 }, 
        {"sofa" : 12,  "begin" : 339,  "end" : 351 }, 
        {"sofa" : 12,  "begin" : 352,  "end" : 355 }, 
        {"sofa" : 12,  "begin" : 356,  "end" : 357 }, 
        {"sofa" : 12,  "begin" : 358,  "end" : 359 }, 
        {"sofa" : 12,  "begin" : 359,  "end" : 361 }, 
        {"sofa" : 12,  "begin" : 362,  "end" : 369 }, 
        {"sofa" : 12,  "begin" : 370,  "end" : 374 }, 
        {"sofa" : 12,  "begin" : 375,  "end" : 380 }, 
        {"sofa" : 12,  "begin" : 381,  "end" : 382 } ], 
      "Eventclauses" : [
        {"sofa" : 12,  "end" : 76,  "EventPolarity" : "EVE positive",  "Prominence" : "Main" }, 
        {"sofa" : 12,  "begin" : 78,  "end" : 208,  "EventPolarity" : "EVE positive",  "Prominence" : "Main" }, 
        {"sofa" : 12,  "begin" : 212,  "end" : 306,  "EventPolarity" : "EVE positive",  "Prominence" : "Background" }, 
        {"sofa" : 12,  "begin" : 310,  "end" : 380,  "EventPolarity" : "EVE positive",  "Prominence" : "Background" } ] } }, 
  "_referenced_fss" : {
    "12" : {"_type" : "Sofa",  "sofaNum" : 1,  "sofaID" : "_InitialView",  "mimeType" : "text",  "sofaString" : "Food Act 13 haalt kaap van miljoen kilo voeding voor 13.000 kwetsbare mensen\n Food Act 13 , het voedselplatform van welzijnsintercommunale W13 , heeft in drie jaar een miljoen kilogram verse voeding opgehaald .\n Die wordt via tientallen sociale en welzijnsorganisatie aan duizenden kwetsbare mensen bezorgd .\n Er is zo al voeding voor een winkelwaarde van 6 ,56 miljoen euro gered .\n " } } }