{"_context" : {
    "_types" : {
      "DocumentMetaData" : {
        "_feature_types" : {"sofa" : "_ref" } }, 
      "Eventclauses" : {
        "_feature_types" : {"sofa" : "_ref",  "Arguments" : "_ref",  "Polarity" : "_ref",  "PolarityTrigger" : "_ref",  "Sameclause" : "_ref" } }, 
      "Sentence" : {
        "_feature_types" : {"sofa" : "_ref" } }, 
      "Sofa" : {
        "_feature_types" : {"sofaArray" : "_ref" } }, 
      "TagsetDescription" : {
        "_feature_types" : {"sofa" : "_ref",  "tags" : "_ref" } }, 
      "Token" : {
        "_feature_types" : {"sofa" : "_ref",  "parent" : "_ref",  "lemma" : "_ref",  "stem" : "_ref",  "pos" : "_ref",  "morph" : "_ref",  "form" : "_ref" } }, 
      "DocumentAnnotation" : {
        "_feature_types" : {"sofa" : "_ref" }, 
        "_subtypes" : ["DocumentMetaData" ] }, 
      "Annotation" : {
        "_feature_types" : {"sofa" : "_ref" }, 
        "_subtypes" : ["DocumentAnnotation",  "Eventclauses",  "Sentence",  "TagsetDescription",  "Token" ] }, 
      "AnnotationBase" : {
        "_feature_types" : {"sofa" : "_ref" }, 
        "_subtypes" : ["Annotation" ] }, 
      "TOP" : {
        "_subtypes" : ["AnnotationBase",  "Sofa" ] } } }, 
  "_views" : {
    "_InitialView" : {
      "DocumentMetaData" : [
        {"sofa" : 12,  "end" : 246,  "language" : "x-unspecified",  "documentTitle" : "f708764.txt",  "documentId" : "WoutBoven",  "documentUri" : "file:/export/repository/project/114/document/44233/source/WoutBoven",  "collectionId" : "file:/export/repository/project/114/document/44233/source/",  "documentBaseUri" : "file:/export/repository/project/114/document/44233/source/",  "isLastSegment" : false } ], 
      "TagsetDescription" : [
        {"sofa" : 12,  "layer" : "de.tudarmstadt.ukp.dkpro.core.api.syntax.type.dependency.Dependency",  "name" : "UD Universal Dependencies",  "input" : false }, 
        {"sofa" : 12,  "layer" : "webanno.custom.Entities",  "name" : "Entity - mention level types",  "input" : false }, 
        {"sofa" : 12,  "layer" : "webanno.custom.Eventclauses",  "name" : "Event - tense",  "input" : false }, 
        {"sofa" : 12,  "layer" : "webanno.custom.Eventsarguments",  "name" : "eventdna_argument_entities_(auto)",  "input" : false }, 
        {"sofa" : 12,  "layer" : "webanno.custom.Namedentities",  "name" : "NE types",  "input" : false }, 
        {"sofa" : 12,  "layer" : "webanno.custom.EntitiesLETSpreanno",  "name" : "Named entity - types",  "input" : false }, 
        {"sofa" : 12,  "layer" : "de.tudarmstadt.ukp.dkpro.core.api.transform.type.SofaChangeAnnotation",  "name" : "Operation",  "input" : false }, 
        {"sofa" : 12,  "layer" : "de.tudarmstadt.ukp.dkpro.core.api.lexmorph.type.pos.POS",  "name" : "UD Universal POS tags",  "input" : false }, 
        {"sofa" : 12,  "layer" : "webanno.custom.Polaritytriggers",  "name" : "Polarity",  "input" : false }, 
        {"sofa" : 12,  "layer" : "de.tudarmstadt.ukp.dkpro.core.api.segmentation.type.SurfaceForm",  "name" : "Named Entity tags",  "input" : false } ], 
      "Sentence" : [
        {"sofa" : 12,  "end" : 42 }, 
        {"sofa" : 12,  "begin" : 44,  "end" : 114 }, 
        {"sofa" : 12,  "begin" : 116,  "end" : 194 }, 
        {"sofa" : 12,  "begin" : 196,  "end" : 244 } ], 
      "Token" : [
        {"sofa" : 12,  "end" : 3 }, 
        {"sofa" : 12,  "begin" : 4,  "end" : 9 }, 
        {"sofa" : 12,  "begin" : 10,  "end" : 13 }, 
        {"sofa" : 12,  "begin" : 14,  "end" : 23 }, 
        {"sofa" : 12,  "begin" : 24,  "end" : 26 }, 
        {"sofa" : 12,  "begin" : 27,  "end" : 34 }, 
        {"sofa" : 12,  "begin" : 35,  "end" : 42 }, 
        {"sofa" : 12,  "begin" : 44,  "end" : 47 }, 
        {"sofa" : 12,  "begin" : 48,  "end" : 53 }, 
        {"sofa" : 12,  "begin" : 54,  "end" : 60 }, 
        {"sofa" : 12,  "begin" : 61,  "end" : 64 }, 
        {"sofa" : 12,  "begin" : 65,  "end" : 68 }, 
        {"sofa" : 12,  "begin" : 69,  "end" : 72 }, 
        {"sofa" : 12,  "begin" : 73,  "end" : 78 }, 
        {"sofa" : 12,  "begin" : 79,  "end" : 85 }, 
        {"sofa" : 12,  "begin" : 86,  "end" : 87 }, 
        {"sofa" : 12,  "begin" : 88,  "end" : 91 }, 
        {"sofa" : 12,  "begin" : 92,  "end" : 93 }, 
        {"sofa" : 12,  "begin" : 94,  "end" : 96 }, 
        {"sofa" : 12,  "begin" : 97,  "end" : 104 }, 
        {"sofa" : 12,  "begin" : 105,  "end" : 112 }, 
        {"sofa" : 12,  "begin" : 113,  "end" : 114 }, 
        {"sofa" : 12,  "begin" : 116,  "end" : 118 }, 
        {"sofa" : 12,  "begin" : 119,  "end" : 122 }, 
        {"sofa" : 12,  "begin" : 123,  "end" : 132 }, 
        {"sofa" : 12,  "begin" : 133,  "end" : 139 }, 
        {"sofa" : 12,  "begin" : 140,  "end" : 145 }, 
        {"sofa" : 12,  "begin" : 146,  "end" : 152 }, 
        {"sofa" : 12,  "begin" : 153,  "end" : 155 }, 
        {"sofa" : 12,  "begin" : 156,  "end" : 162 }, 
        {"sofa" : 12,  "begin" : 163,  "end" : 165 }, 
        {"sofa" : 12,  "begin" : 166,  "end" : 169 }, 
        {"sofa" : 12,  "begin" : 170,  "end" : 177 }, 
        {"sofa" : 12,  "begin" : 178,  "end" : 184 }, 
        {"sofa" : 12,  "begin" : 185,  "end" : 192 }, 
        {"sofa" : 12,  "begin" : 193,  "end" : 194 }, 
        {"sofa" : 12,  "begin" : 196,  "end" : 198 }, 
        {"sofa" : 12,  "begin" : 199,  "end" : 205 }, 
        {"sofa" : 12,  "begin" : 206,  "end" : 213 }, 
        {"sofa" : 12,  "begin" : 214,  "end" : 216 }, 
        {"sofa" : 12,  "begin" : 217,  "end" : 226 }, 
        {"sofa" : 12,  "begin" : 227,  "end" : 229 }, 
        {"sofa" : 12,  "begin" : 230,  "end" : 232 }, 
        {"sofa" : 12,  "begin" : 233,  "end" : 242 }, 
        {"sofa" : 12,  "begin" : 243,  "end" : 244 } ], 
      "Eventclauses" : [
        {"sofa" : 12,  "end" : 42,  "EventPolarity" : "EVE negative",  "Prominence" : "Main" }, 
        {"sofa" : 12,  "begin" : 44,  "end" : 112,  "EventPolarity" : "EVE negative",  "Prominence" : "Main" }, 
        {"sofa" : 12,  "begin" : 116,  "end" : 192,  "EventPolarity" : "EVE neutral",  "Prominence" : "Background" }, 
        {"sofa" : 12,  "begin" : 196,  "end" : 242,  "EventPolarity" : "EVE neutral",  "Prominence" : "Background" } ] } }, 
  "_referenced_fss" : {
    "12" : {"_type" : "Sofa",  "sofaNum" : 1,  "sofaID" : "_InitialView",  "mimeType" : "text",  "sofaString" : "DPG Media wil drukkerij in Lokeren sluiten\n DPG Media België wil het Eco Print Center ( EPC ) in Lokeren sluiten .\n In die drukkerij worden onder andere De Morgen en Het Laatste Nieuws gedrukt .\n Er werken vandaag 63 arbeiders en 15 bedienden .\n " } } }