{"_context" : {
    "_types" : {
      "DocumentMetaData" : {
        "_feature_types" : {"sofa" : "_ref" } }, 
      "Eventclauses" : {
        "_feature_types" : {"sofa" : "_ref",  "Arguments" : "_ref",  "Polarity" : "_ref",  "PolarityTrigger" : "_ref",  "Sameclause" : "_ref" } }, 
      "Sentence" : {
        "_feature_types" : {"sofa" : "_ref" } }, 
      "Sofa" : {
        "_feature_types" : {"sofaArray" : "_ref" } }, 
      "TagsetDescription" : {
        "_feature_types" : {"sofa" : "_ref",  "tags" : "_ref" } }, 
      "Token" : {
        "_feature_types" : {"sofa" : "_ref",  "parent" : "_ref",  "lemma" : "_ref",  "stem" : "_ref",  "pos" : "_ref",  "morph" : "_ref",  "form" : "_ref" } }, 
      "DocumentAnnotation" : {
        "_feature_types" : {"sofa" : "_ref" }, 
        "_subtypes" : ["DocumentMetaData" ] }, 
      "Annotation" : {
        "_feature_types" : {"sofa" : "_ref" }, 
        "_subtypes" : ["DocumentAnnotation",  "Eventclauses",  "Sentence",  "TagsetDescription",  "Token" ] }, 
      "AnnotationBase" : {
        "_feature_types" : {"sofa" : "_ref" }, 
        "_subtypes" : ["Annotation" ] }, 
      "TOP" : {
        "_subtypes" : ["AnnotationBase",  "Sofa" ] } } }, 
  "_views" : {
    "_InitialView" : {
      "DocumentMetaData" : [
        {"sofa" : 12,  "end" : 473,  "language" : "x-unspecified",  "documentTitle" : "fbbbbc5.txt",  "documentId" : "WoutBoven",  "documentUri" : "file:/export/repository/project/114/document/44232/source/WoutBoven",  "collectionId" : "file:/export/repository/project/114/document/44232/source/",  "documentBaseUri" : "file:/export/repository/project/114/document/44232/source/",  "isLastSegment" : false } ], 
      "TagsetDescription" : [
        {"sofa" : 12,  "layer" : "de.tudarmstadt.ukp.dkpro.core.api.syntax.type.dependency.Dependency",  "name" : "UD Universal Dependencies",  "input" : false }, 
        {"sofa" : 12,  "layer" : "webanno.custom.Entities",  "name" : "Entity - mention level types",  "input" : false }, 
        {"sofa" : 12,  "layer" : "webanno.custom.Eventclauses",  "name" : "Event - tense",  "input" : false }, 
        {"sofa" : 12,  "layer" : "webanno.custom.Eventsarguments",  "name" : "eventdna_argument_entities_(auto)",  "input" : false }, 
        {"sofa" : 12,  "layer" : "webanno.custom.Namedentities",  "name" : "NE types",  "input" : false }, 
        {"sofa" : 12,  "layer" : "webanno.custom.EntitiesLETSpreanno",  "name" : "Named entity - types",  "input" : false }, 
        {"sofa" : 12,  "layer" : "de.tudarmstadt.ukp.dkpro.core.api.transform.type.SofaChangeAnnotation",  "name" : "Operation",  "input" : false }, 
        {"sofa" : 12,  "layer" : "de.tudarmstadt.ukp.dkpro.core.api.lexmorph.type.pos.POS",  "name" : "UD Universal POS tags",  "input" : false }, 
        {"sofa" : 12,  "layer" : "webanno.custom.Polaritytriggers",  "name" : "Polarity",  "input" : false }, 
        {"sofa" : 12,  "layer" : "de.tudarmstadt.ukp.dkpro.core.api.segmentation.type.SurfaceForm",  "name" : "Named Entity tags",  "input" : false } ], 
      "Sentence" : [
        {"sofa" : 12,  "end" : 79 }, 
        {"sofa" : 12,  "begin" : 81,  "end" : 191 }, 
        {"sofa" : 12,  "begin" : 193,  "end" : 357 }, 
        {"sofa" : 12,  "begin" : 359,  "end" : 471 } ], 
      "Token" : [
        {"sofa" : 12,  "end" : 4 }, 
        {"sofa" : 12,  "begin" : 5,  "end" : 7 }, 
        {"sofa" : 12,  "begin" : 8,  "end" : 18 }, 
        {"sofa" : 12,  "begin" : 19,  "end" : 20 }, 
        {"sofa" : 12,  "begin" : 21,  "end" : 24 }, 
        {"sofa" : 12,  "begin" : 25,  "end" : 28 }, 
        {"sofa" : 12,  "begin" : 29,  "end" : 31 }, 
        {"sofa" : 12,  "begin" : 32,  "end" : 35 }, 
        {"sofa" : 12,  "begin" : 36,  "end" : 44 }, 
        {"sofa" : 12,  "begin" : 45,  "end" : 48 }, 
        {"sofa" : 12,  "begin" : 49,  "end" : 50 }, 
        {"sofa" : 12,  "begin" : 51,  "end" : 53 }, 
        {"sofa" : 12,  "begin" : 54,  "end" : 57 }, 
        {"sofa" : 12,  "begin" : 58,  "end" : 63 }, 
        {"sofa" : 12,  "begin" : 64,  "end" : 68 }, 
        {"sofa" : 12,  "begin" : 69,  "end" : 77 }, 
        {"sofa" : 12,  "begin" : 78,  "end" : 79 }, 
        {"sofa" : 12,  "begin" : 81,  "end" : 94 }, 
        {"sofa" : 12,  "begin" : 95,  "end" : 98 }, 
        {"sofa" : 12,  "begin" : 99,  "end" : 102 }, 
        {"sofa" : 12,  "begin" : 103,  "end" : 116 }, 
        {"sofa" : 12,  "begin" : 117,  "end" : 125 }, 
        {"sofa" : 12,  "begin" : 126,  "end" : 140 }, 
        {"sofa" : 12,  "begin" : 141,  "end" : 144 }, 
        {"sofa" : 12,  "begin" : 145,  "end" : 153 }, 
        {"sofa" : 12,  "begin" : 154,  "end" : 160 }, 
        {"sofa" : 12,  "begin" : 161,  "end" : 162 }, 
        {"sofa" : 12,  "begin" : 163,  "end" : 167 }, 
        {"sofa" : 12,  "begin" : 168,  "end" : 172 }, 
        {"sofa" : 12,  "begin" : 173,  "end" : 178 }, 
        {"sofa" : 12,  "begin" : 179,  "end" : 182 }, 
        {"sofa" : 12,  "begin" : 183,  "end" : 189 }, 
        {"sofa" : 12,  "begin" : 190,  "end" : 191 }, 
        {"sofa" : 12,  "begin" : 193,  "end" : 197 }, 
        {"sofa" : 12,  "begin" : 198,  "end" : 207 }, 
        {"sofa" : 12,  "begin" : 208,  "end" : 213 }, 
        {"sofa" : 12,  "begin" : 214,  "end" : 217 }, 
        {"sofa" : 12,  "begin" : 218,  "end" : 220 }, 
        {"sofa" : 12,  "begin" : 221,  "end" : 223 }, 
        {"sofa" : 12,  "begin" : 224,  "end" : 232 }, 
        {"sofa" : 12,  "begin" : 233,  "end" : 236 }, 
        {"sofa" : 12,  "begin" : 237,  "end" : 239 }, 
        {"sofa" : 12,  "begin" : 240,  "end" : 242 }, 
        {"sofa" : 12,  "begin" : 243,  "end" : 247 }, 
        {"sofa" : 12,  "begin" : 248,  "end" : 251 }, 
        {"sofa" : 12,  "begin" : 252,  "end" : 257 }, 
        {"sofa" : 12,  "begin" : 258,  "end" : 267 }, 
        {"sofa" : 12,  "begin" : 268,  "end" : 276 }, 
        {"sofa" : 12,  "begin" : 277,  "end" : 281 }, 
        {"sofa" : 12,  "begin" : 282,  "end" : 286 }, 
        {"sofa" : 12,  "begin" : 287,  "end" : 291 }, 
        {"sofa" : 12,  "begin" : 292,  "end" : 296 }, 
        {"sofa" : 12,  "begin" : 297,  "end" : 298 }, 
        {"sofa" : 12,  "begin" : 299,  "end" : 303 }, 
        {"sofa" : 12,  "begin" : 304,  "end" : 306 }, 
        {"sofa" : 12,  "begin" : 307,  "end" : 321 }, 
        {"sofa" : 12,  "begin" : 322,  "end" : 324 }, 
        {"sofa" : 12,  "begin" : 325,  "end" : 328 }, 
        {"sofa" : 12,  "begin" : 329,  "end" : 340 }, 
        {"sofa" : 12,  "begin" : 341,  "end" : 349 }, 
        {"sofa" : 12,  "begin" : 350,  "end" : 355 }, 
        {"sofa" : 12,  "begin" : 356,  "end" : 357 }, 
        {"sofa" : 12,  "begin" : 359,  "end" : 365 }, 
        {"sofa" : 12,  "begin" : 366,  "end" : 370 }, 
        {"sofa" : 12,  "begin" : 371,  "end" : 374 }, 
        {"sofa" : 12,  "begin" : 375,  "end" : 382 }, 
        {"sofa" : 12,  "begin" : 383,  "end" : 387 }, 
        {"sofa" : 12,  "begin" : 388,  "end" : 398 }, 
        {"sofa" : 12,  "begin" : 399,  "end" : 400 }, 
        {"sofa" : 12,  "begin" : 401,  "end" : 404 }, 
        {"sofa" : 12,  "begin" : 405,  "end" : 410 }, 
        {"sofa" : 12,  "begin" : 411,  "end" : 414 }, 
        {"sofa" : 12,  "begin" : 415,  "end" : 423 }, 
        {"sofa" : 12,  "begin" : 424,  "end" : 427 }, 
        {"sofa" : 12,  "begin" : 428,  "end" : 431 }, 
        {"sofa" : 12,  "begin" : 432,  "end" : 435 }, 
        {"sofa" : 12,  "begin" : 436,  "end" : 438 }, 
        {"sofa" : 12,  "begin" : 439,  "end" : 442 }, 
        {"sofa" : 12,  "begin" : 443,  "end" : 445 }, 
        {"sofa" : 12,  "begin" : 446,  "end" : 451 }, 
        {"sofa" : 12,  "begin" : 452,  "end" : 456 }, 
        {"sofa" : 12,  "begin" : 457,  "end" : 465 }, 
        {"sofa" : 12,  "begin" : 466,  "end" : 469 }, 
        {"sofa" : 12,  "begin" : 470,  "end" : 471 } ], 
      "Eventclauses" : [
        {"sofa" : 12,  "begin" : 81,  "end" : 160,  "EventPolarity" : "EVE negative",  "Prominence" : "Background" }, 
        {"sofa" : 12,  "begin" : 198,  "end" : 232,  "EventPolarity" : "EVE neutral",  "Prominence" : "Background" }, 
        {"sofa" : 12,  "begin" : 237,  "end" : 296,  "EventPolarity" : "EVE positive",  "Prominence" : "Background" } ] } }, 
  "_referenced_fss" : {
    "12" : {"_type" : "Sofa",  "sofaNum" : 1,  "sofaID" : "_InitialView",  "mimeType" : "text",  "sofaString" : "Voor de optimisten : dit kan er wél allemaal nog ( en was vorig jaar verboden )\n Demaatregelen die het Overlegcomité gisteren bekendmaakteen die zaterdag ingaan , zijn voor velen een domper .\n Maar misschien helpt het om te bedenken dat we er écht wel beter voorstaan danvorig jaar rond deze tijd , toen we ongevaccineerd in een verstrengde lockdown zaten .\n Daarom hier een lijstje voor optimisten , met alles wat allemaal wél nog kan en mag en vorig jaar verboden was .\n " } } }