{"_context" : {
    "_types" : {
      "DocumentMetaData" : {
        "_feature_types" : {"sofa" : "_ref" } }, 
      "Eventclauses" : {
        "_feature_types" : {"sofa" : "_ref",  "Arguments" : "_ref",  "Polarity" : "_ref",  "PolarityTrigger" : "_ref",  "Sameclause" : "_ref" } }, 
      "Sentence" : {
        "_feature_types" : {"sofa" : "_ref" } }, 
      "Sofa" : {
        "_feature_types" : {"sofaArray" : "_ref" } }, 
      "TagsetDescription" : {
        "_feature_types" : {"sofa" : "_ref",  "tags" : "_ref" } }, 
      "Token" : {
        "_feature_types" : {"sofa" : "_ref",  "parent" : "_ref",  "lemma" : "_ref",  "stem" : "_ref",  "pos" : "_ref",  "morph" : "_ref",  "form" : "_ref" } }, 
      "DocumentAnnotation" : {
        "_feature_types" : {"sofa" : "_ref" }, 
        "_subtypes" : ["DocumentMetaData" ] }, 
      "Annotation" : {
        "_feature_types" : {"sofa" : "_ref" }, 
        "_subtypes" : ["DocumentAnnotation",  "Eventclauses",  "Sentence",  "TagsetDescription",  "Token" ] }, 
      "AnnotationBase" : {
        "_feature_types" : {"sofa" : "_ref" }, 
        "_subtypes" : ["Annotation" ] }, 
      "TOP" : {
        "_subtypes" : ["AnnotationBase",  "Sofa" ] } } }, 
  "_views" : {
    "_InitialView" : {
      "DocumentMetaData" : [
        {"sofa" : 12,  "end" : 339,  "language" : "x-unspecified",  "documentTitle" : "fd8da53.txt",  "documentId" : "WoutBoven",  "documentUri" : "file:/export/repository/project/114/document/44231/source/WoutBoven",  "collectionId" : "file:/export/repository/project/114/document/44231/source/",  "documentBaseUri" : "file:/export/repository/project/114/document/44231/source/",  "isLastSegment" : false } ], 
      "TagsetDescription" : [
        {"sofa" : 12,  "layer" : "de.tudarmstadt.ukp.dkpro.core.api.syntax.type.dependency.Dependency",  "name" : "UD Universal Dependencies",  "input" : false }, 
        {"sofa" : 12,  "layer" : "webanno.custom.Entities",  "name" : "Entity - mention level types",  "input" : false }, 
        {"sofa" : 12,  "layer" : "webanno.custom.Eventclauses",  "name" : "Event - tense",  "input" : false }, 
        {"sofa" : 12,  "layer" : "webanno.custom.Eventsarguments",  "name" : "eventdna_argument_entities_(auto)",  "input" : false }, 
        {"sofa" : 12,  "layer" : "webanno.custom.Namedentities",  "name" : "NE types",  "input" : false }, 
        {"sofa" : 12,  "layer" : "webanno.custom.EntitiesLETSpreanno",  "name" : "Named entity - types",  "input" : false }, 
        {"sofa" : 12,  "layer" : "de.tudarmstadt.ukp.dkpro.core.api.transform.type.SofaChangeAnnotation",  "name" : "Operation",  "input" : false }, 
        {"sofa" : 12,  "layer" : "de.tudarmstadt.ukp.dkpro.core.api.lexmorph.type.pos.POS",  "name" : "UD Universal POS tags",  "input" : false }, 
        {"sofa" : 12,  "layer" : "webanno.custom.Polaritytriggers",  "name" : "Polarity",  "input" : false }, 
        {"sofa" : 12,  "layer" : "de.tudarmstadt.ukp.dkpro.core.api.segmentation.type.SurfaceForm",  "name" : "Named Entity tags",  "input" : false } ], 
      "Sentence" : [
        {"sofa" : 12,  "end" : 101 }, 
        {"sofa" : 12,  "begin" : 103,  "end" : 123 }, 
        {"sofa" : 12,  "begin" : 125,  "end" : 176 }, 
        {"sofa" : 12,  "begin" : 178,  "end" : 230 }, 
        {"sofa" : 12,  "begin" : 232,  "end" : 288 }, 
        {"sofa" : 12,  "begin" : 290,  "end" : 337 } ], 
      "Token" : [
        {"sofa" : 12,  "end" : 10 }, 
        {"sofa" : 12,  "begin" : 11,  "end" : 19 }, 
        {"sofa" : 12,  "begin" : 20,  "end" : 24 }, 
        {"sofa" : 12,  "begin" : 25,  "end" : 31 }, 
        {"sofa" : 12,  "begin" : 32,  "end" : 43 }, 
        {"sofa" : 12,  "begin" : 44,  "end" : 46 }, 
        {"sofa" : 12,  "begin" : 47,  "end" : 52 }, 
        {"sofa" : 12,  "begin" : 53,  "end" : 56 }, 
        {"sofa" : 12,  "begin" : 57,  "end" : 61 }, 
        {"sofa" : 12,  "begin" : 62,  "end" : 63 }, 
        {"sofa" : 12,  "begin" : 64,  "end" : 66 }, 
        {"sofa" : 12,  "begin" : 66,  "end" : 67 }, 
        {"sofa" : 12,  "begin" : 67,  "end" : 69 }, 
        {"sofa" : 12,  "begin" : 70,  "end" : 71 }, 
        {"sofa" : 12,  "begin" : 72,  "end" : 73 }, 
        {"sofa" : 12,  "begin" : 74,  "end" : 81 }, 
        {"sofa" : 12,  "begin" : 82,  "end" : 85 }, 
        {"sofa" : 12,  "begin" : 86,  "end" : 88 }, 
        {"sofa" : 12,  "begin" : 89,  "end" : 94 }, 
        {"sofa" : 12,  "begin" : 95,  "end" : 101 }, 
        {"sofa" : 12,  "begin" : 103,  "end" : 111 }, 
        {"sofa" : 12,  "begin" : 112,  "end" : 121 }, 
        {"sofa" : 12,  "begin" : 122,  "end" : 123 }, 
        {"sofa" : 12,  "begin" : 125,  "end" : 133 }, 
        {"sofa" : 12,  "begin" : 134,  "end" : 137 }, 
        {"sofa" : 12,  "begin" : 138,  "end" : 141 }, 
        {"sofa" : 12,  "begin" : 142,  "end" : 146 }, 
        {"sofa" : 12,  "begin" : 147,  "end" : 149 }, 
        {"sofa" : 12,  "begin" : 150,  "end" : 153 }, 
        {"sofa" : 12,  "begin" : 154,  "end" : 161 }, 
        {"sofa" : 12,  "begin" : 162,  "end" : 168 }, 
        {"sofa" : 12,  "begin" : 169,  "end" : 174 }, 
        {"sofa" : 12,  "begin" : 175,  "end" : 176 }, 
        {"sofa" : 12,  "begin" : 178,  "end" : 180 }, 
        {"sofa" : 12,  "begin" : 181,  "end" : 183 }, 
        {"sofa" : 12,  "begin" : 184,  "end" : 188 }, 
        {"sofa" : 12,  "begin" : 189,  "end" : 195 }, 
        {"sofa" : 12,  "begin" : 196,  "end" : 198 }, 
        {"sofa" : 12,  "begin" : 199,  "end" : 202 }, 
        {"sofa" : 12,  "begin" : 203,  "end" : 209 }, 
        {"sofa" : 12,  "begin" : 210,  "end" : 220 }, 
        {"sofa" : 12,  "begin" : 221,  "end" : 223 }, 
        {"sofa" : 12,  "begin" : 224,  "end" : 228 }, 
        {"sofa" : 12,  "begin" : 229,  "end" : 230 }, 
        {"sofa" : 12,  "begin" : 232,  "end" : 238 }, 
        {"sofa" : 12,  "begin" : 239,  "end" : 243 }, 
        {"sofa" : 12,  "begin" : 244,  "end" : 247 }, 
        {"sofa" : 12,  "begin" : 248,  "end" : 251 }, 
        {"sofa" : 12,  "begin" : 252,  "end" : 256 }, 
        {"sofa" : 12,  "begin" : 257,  "end" : 262 }, 
        {"sofa" : 12,  "begin" : 263,  "end" : 266 }, 
        {"sofa" : 12,  "begin" : 267,  "end" : 270 }, 
        {"sofa" : 12,  "begin" : 271,  "end" : 279 }, 
        {"sofa" : 12,  "begin" : 280,  "end" : 286 }, 
        {"sofa" : 12,  "begin" : 287,  "end" : 288 }, 
        {"sofa" : 12,  "begin" : 290,  "end" : 297 }, 
        {"sofa" : 12,  "begin" : 298,  "end" : 305 }, 
        {"sofa" : 12,  "begin" : 306,  "end" : 310 }, 
        {"sofa" : 12,  "begin" : 311,  "end" : 320 }, 
        {"sofa" : 12,  "begin" : 321,  "end" : 323 }, 
        {"sofa" : 12,  "begin" : 324,  "end" : 335 }, 
        {"sofa" : 12,  "begin" : 336,  "end" : 337 } ], 
      "Eventclauses" : [
        {"sofa" : 12,  "end" : 43,  "EventPolarity" : "EVE positive",  "Prominence" : "Background" }, 
        {"sofa" : 12,  "begin" : 47,  "end" : 61,  "EventPolarity" : "EVE positive",  "Prominence" : "Main" }, 
        {"sofa" : 12,  "begin" : 103,  "end" : 121,  "EventPolarity" : "EVE positive",  "Prominence" : "Background" }, 
        {"sofa" : 12,  "begin" : 125,  "end" : 146,  "EventPolarity" : "EVE positive",  "Prominence" : "Main" }, 
        {"sofa" : 12,  "begin" : 150,  "end" : 174,  "EventPolarity" : "EVE negative",  "Prominence" : "Background" }, 
        {"sofa" : 12,  "begin" : 178,  "end" : 228,  "EventPolarity" : "EVE positive",  "Prominence" : "Background" }, 
        {"sofa" : 12,  "begin" : 232,  "end" : 286,  "EventPolarity" : "EVE positive",  "Prominence" : "Background" }, 
        {"sofa" : 12,  "begin" : 290,  "end" : 320,  "EventPolarity" : "EVE negative",  "Prominence" : "Background" } ] } }, 
  "_referenced_fss" : {
    "12" : {"_type" : "Sofa",  "sofaNum" : 1,  "sofaID" : "_InitialView",  "mimeType" : "text",  "sofaString" : "Kangoeroes Mechelen pakt vijfde overwinning na winst van Luik ( 82 - 72 ) : Credits aan de jonge gasten\n Opdracht volbracht .\n Mechelen won van Luik na een futloze eerste helft .\n Na de rust kregen we het betere Kangoeroes te zien .\n Zondag moet het een stuk beter wil van Brussels winnen .\n Twintig minuten goed basketbal is onvoldoende .\n " } } }
