{"_context" : {
    "_types" : {
      "DocumentMetaData" : {
        "_feature_types" : {"sofa" : "_ref" } }, 
      "Eventclauses" : {
        "_feature_types" : {"sofa" : "_ref",  "Arguments" : "_ref",  "Polarity" : "_ref",  "PolarityTrigger" : "_ref",  "Sameclause" : "_ref" } }, 
      "Sentence" : {
        "_feature_types" : {"sofa" : "_ref" } }, 
      "Sofa" : {
        "_feature_types" : {"sofaArray" : "_ref" } }, 
      "TagsetDescription" : {
        "_feature_types" : {"sofa" : "_ref",  "tags" : "_ref" } }, 
      "Token" : {
        "_feature_types" : {"sofa" : "_ref",  "parent" : "_ref",  "lemma" : "_ref",  "stem" : "_ref",  "pos" : "_ref",  "morph" : "_ref",  "form" : "_ref" } }, 
      "DocumentAnnotation" : {
        "_feature_types" : {"sofa" : "_ref" }, 
        "_subtypes" : ["DocumentMetaData" ] }, 
      "Annotation" : {
        "_feature_types" : {"sofa" : "_ref" }, 
        "_subtypes" : ["DocumentAnnotation",  "Eventclauses",  "Sentence",  "TagsetDescription",  "Token" ] }, 
      "AnnotationBase" : {
        "_feature_types" : {"sofa" : "_ref" }, 
        "_subtypes" : ["Annotation" ] }, 
      "TOP" : {
        "_subtypes" : ["AnnotationBase",  "Sofa" ] } } }, 
  "_views" : {
    "_InitialView" : {
      "DocumentMetaData" : [
        {"sofa" : 12,  "end" : 357,  "language" : "x-unspecified",  "documentTitle" : "feff43e.txt",  "documentId" : "WoutBoven",  "documentUri" : "file:/export/repository/project/114/document/44230/source/WoutBoven",  "collectionId" : "file:/export/repository/project/114/document/44230/source/",  "documentBaseUri" : "file:/export/repository/project/114/document/44230/source/",  "isLastSegment" : false } ], 
      "TagsetDescription" : [
        {"sofa" : 12,  "layer" : "de.tudarmstadt.ukp.dkpro.core.api.syntax.type.dependency.Dependency",  "name" : "UD Universal Dependencies",  "input" : false }, 
        {"sofa" : 12,  "layer" : "webanno.custom.Entities",  "name" : "Entity - mention level types",  "input" : false }, 
        {"sofa" : 12,  "layer" : "webanno.custom.Eventclauses",  "name" : "Event - tense",  "input" : false }, 
        {"sofa" : 12,  "layer" : "webanno.custom.Eventsarguments",  "name" : "eventdna_argument_entities_(auto)",  "input" : false }, 
        {"sofa" : 12,  "layer" : "webanno.custom.Namedentities",  "name" : "NE types",  "input" : false }, 
        {"sofa" : 12,  "layer" : "webanno.custom.EntitiesLETSpreanno",  "name" : "Named entity - types",  "input" : false }, 
        {"sofa" : 12,  "layer" : "de.tudarmstadt.ukp.dkpro.core.api.transform.type.SofaChangeAnnotation",  "name" : "Operation",  "input" : false }, 
        {"sofa" : 12,  "layer" : "de.tudarmstadt.ukp.dkpro.core.api.lexmorph.type.pos.POS",  "name" : "UD Universal POS tags",  "input" : false }, 
        {"sofa" : 12,  "layer" : "webanno.custom.Polaritytriggers",  "name" : "Polarity",  "input" : false }, 
        {"sofa" : 12,  "layer" : "de.tudarmstadt.ukp.dkpro.core.api.segmentation.type.SurfaceForm",  "name" : "Named Entity tags",  "input" : false } ], 
      "Sentence" : [
        {"sofa" : 12,  "end" : 78 }, 
        {"sofa" : 12,  "begin" : 80,  "end" : 176 }, 
        {"sofa" : 12,  "begin" : 178,  "end" : 290 }, 
        {"sofa" : 12,  "begin" : 292,  "end" : 336 }, 
        {"sofa" : 12,  "begin" : 338,  "end" : 355 } ], 
      "Token" : [
        {"sofa" : 12,  "end" : 4 }, 
        {"sofa" : 12,  "begin" : 5,  "end" : 7 }, 
        {"sofa" : 12,  "begin" : 8,  "end" : 10 }, 
        {"sofa" : 12,  "begin" : 11,  "end" : 16 }, 
        {"sofa" : 12,  "begin" : 17,  "end" : 21 }, 
        {"sofa" : 12,  "begin" : 22,  "end" : 23 }, 
        {"sofa" : 12,  "begin" : 24,  "end" : 27 }, 
        {"sofa" : 12,  "begin" : 28,  "end" : 31 }, 
        {"sofa" : 12,  "begin" : 32,  "end" : 33 }, 
        {"sofa" : 12,  "begin" : 34,  "end" : 39 }, 
        {"sofa" : 12,  "begin" : 40,  "end" : 46 }, 
        {"sofa" : 12,  "begin" : 47,  "end" : 57 }, 
        {"sofa" : 12,  "begin" : 58,  "end" : 60 }, 
        {"sofa" : 12,  "begin" : 61,  "end" : 64 }, 
        {"sofa" : 12,  "begin" : 65,  "end" : 78 }, 
        {"sofa" : 12,  "begin" : 80,  "end" : 83 }, 
        {"sofa" : 12,  "begin" : 84,  "end" : 92 }, 
        {"sofa" : 12,  "begin" : 93,  "end" : 97 }, 
        {"sofa" : 12,  "begin" : 98,  "end" : 100 }, 
        {"sofa" : 12,  "begin" : 101,  "end" : 105 }, 
        {"sofa" : 12,  "begin" : 106,  "end" : 114 }, 
        {"sofa" : 12,  "begin" : 115,  "end" : 116 }, 
        {"sofa" : 12,  "begin" : 117,  "end" : 120 }, 
        {"sofa" : 12,  "begin" : 121,  "end" : 123 }, 
        {"sofa" : 12,  "begin" : 124,  "end" : 131 }, 
        {"sofa" : 12,  "begin" : 132,  "end" : 134 }, 
        {"sofa" : 12,  "begin" : 135,  "end" : 141 }, 
        {"sofa" : 12,  "begin" : 142,  "end" : 145 }, 
        {"sofa" : 12,  "begin" : 146,  "end" : 149 }, 
        {"sofa" : 12,  "begin" : 150,  "end" : 163 }, 
        {"sofa" : 12,  "begin" : 164,  "end" : 174 }, 
        {"sofa" : 12,  "begin" : 175,  "end" : 176 }, 
        {"sofa" : 12,  "begin" : 178,  "end" : 183 }, 
        {"sofa" : 12,  "begin" : 184,  "end" : 197 }, 
        {"sofa" : 12,  "begin" : 198,  "end" : 201 }, 
        {"sofa" : 12,  "begin" : 202,  "end" : 204 }, 
        {"sofa" : 12,  "begin" : 205,  "end" : 208 }, 
        {"sofa" : 12,  "begin" : 209,  "end" : 220 }, 
        {"sofa" : 12,  "begin" : 221,  "end" : 228 }, 
        {"sofa" : 12,  "begin" : 229,  "end" : 233 }, 
        {"sofa" : 12,  "begin" : 234,  "end" : 236 }, 
        {"sofa" : 12,  "begin" : 237,  "end" : 248 }, 
        {"sofa" : 12,  "begin" : 249,  "end" : 250 }, 
        {"sofa" : 12,  "begin" : 251,  "end" : 255 }, 
        {"sofa" : 12,  "begin" : 256,  "end" : 261 }, 
        {"sofa" : 12,  "begin" : 262,  "end" : 265 }, 
        {"sofa" : 12,  "begin" : 266,  "end" : 268 }, 
        {"sofa" : 12,  "begin" : 269,  "end" : 272 }, 
        {"sofa" : 12,  "begin" : 273,  "end" : 276 }, 
        {"sofa" : 12,  "begin" : 277,  "end" : 288 }, 
        {"sofa" : 12,  "begin" : 289,  "end" : 290 }, 
        {"sofa" : 12,  "begin" : 292,  "end" : 294 }, 
        {"sofa" : 12,  "begin" : 295,  "end" : 301 }, 
        {"sofa" : 12,  "begin" : 302,  "end" : 307 }, 
        {"sofa" : 12,  "begin" : 308,  "end" : 311 }, 
        {"sofa" : 12,  "begin" : 312,  "end" : 321 }, 
        {"sofa" : 12,  "begin" : 322,  "end" : 324 }, 
        {"sofa" : 12,  "begin" : 325,  "end" : 327 }, 
        {"sofa" : 12,  "begin" : 328,  "end" : 330 }, 
        {"sofa" : 12,  "begin" : 331,  "end" : 334 }, 
        {"sofa" : 12,  "begin" : 335,  "end" : 336 }, 
        {"sofa" : 12,  "begin" : 338,  "end" : 341 }, 
        {"sofa" : 12,  "begin" : 342,  "end" : 353 }, 
        {"sofa" : 12,  "begin" : 354,  "end" : 355 } ], 
      "Eventclauses" : [
        {"sofa" : 12,  "begin" : 24,  "end" : 78,  "EventPolarity" : "EVE positive",  "Prominence" : "Main" }, 
        {"sofa" : 12,  "begin" : 80,  "end" : 174,  "EventPolarity" : "EVE positive",  "Prominence" : "Background" }, 
        {"sofa" : 12,  "begin" : 178,  "end" : 248,  "EventPolarity" : "EVE positive",  "Prominence" : "Background" }, 
        {"sofa" : 12,  "begin" : 292,  "end" : 334,  "EventPolarity" : "EVE positive",  "Prominence" : "Background" } ] } }, 
  "_referenced_fss" : {
    "12" : {"_type" : "Sofa",  "sofaNum" : 1,  "sofaID" : "_InitialView",  "mimeType" : "text",  "sofaString" : "Gent is er klaar voor : dit kan u vanaf morgen bewonderen op het Lichtfestival\n Wie vanavond door de stad wandelde , kon in primeur de werken van het Lichtfestival bewonderen .\n Vanaf woensdagavond tot en met zondagavond branden alle 36 kunstwerken , elke avond van 19 uur tot middernacht .\n Op zondag start het spektakel al om 18 uur .\n Een voorsmaakje .\n " } } }