{"_context" : {
    "_types" : {
      "DocumentMetaData" : {
        "_feature_types" : {"sofa" : "_ref" } }, 
      "Eventclauses" : {
        "_feature_types" : {"sofa" : "_ref",  "Arguments" : "_ref",  "Polarity" : "_ref",  "PolarityTrigger" : "_ref",  "Sameclause" : "_ref" } }, 
      "Sentence" : {
        "_feature_types" : {"sofa" : "_ref" } }, 
      "Sofa" : {
        "_feature_types" : {"sofaArray" : "_ref" } }, 
      "TagsetDescription" : {
        "_feature_types" : {"sofa" : "_ref",  "tags" : "_ref" } }, 
      "Token" : {
        "_feature_types" : {"sofa" : "_ref",  "parent" : "_ref",  "lemma" : "_ref",  "stem" : "_ref",  "pos" : "_ref",  "morph" : "_ref",  "form" : "_ref" } }, 
      "DocumentAnnotation" : {
        "_feature_types" : {"sofa" : "_ref" }, 
        "_subtypes" : ["DocumentMetaData" ] }, 
      "Annotation" : {
        "_feature_types" : {"sofa" : "_ref" }, 
        "_subtypes" : ["DocumentAnnotation",  "Eventclauses",  "Sentence",  "TagsetDescription",  "Token" ] }, 
      "AnnotationBase" : {
        "_feature_types" : {"sofa" : "_ref" }, 
        "_subtypes" : ["Annotation" ] }, 
      "TOP" : {
        "_subtypes" : ["AnnotationBase",  "Sofa" ] } } }, 
  "_views" : {
    "_InitialView" : {
      "DocumentMetaData" : [
        {"sofa" : 12,  "end" : 596,  "language" : "x-unspecified",  "documentTitle" : "ffec87e.txt",  "documentId" : "WoutBoven",  "documentUri" : "file:/export/repository/project/114/document/44229/source/WoutBoven",  "collectionId" : "file:/export/repository/project/114/document/44229/source/",  "documentBaseUri" : "file:/export/repository/project/114/document/44229/source/",  "isLastSegment" : false } ], 
      "TagsetDescription" : [
        {"sofa" : 12,  "layer" : "de.tudarmstadt.ukp.dkpro.core.api.syntax.type.dependency.Dependency",  "name" : "UD Universal Dependencies",  "input" : false }, 
        {"sofa" : 12,  "layer" : "webanno.custom.Entities",  "name" : "Entity - mention level types",  "input" : false }, 
        {"sofa" : 12,  "layer" : "webanno.custom.Eventclauses",  "name" : "Event - tense",  "input" : false }, 
        {"sofa" : 12,  "layer" : "webanno.custom.Eventsarguments",  "name" : "eventdna_argument_entities_(auto)",  "input" : false }, 
        {"sofa" : 12,  "layer" : "webanno.custom.Namedentities",  "name" : "NE types",  "input" : false }, 
        {"sofa" : 12,  "layer" : "webanno.custom.EntitiesLETSpreanno",  "name" : "Named entity - types",  "input" : false }, 
        {"sofa" : 12,  "layer" : "de.tudarmstadt.ukp.dkpro.core.api.transform.type.SofaChangeAnnotation",  "name" : "Operation",  "input" : false }, 
        {"sofa" : 12,  "layer" : "de.tudarmstadt.ukp.dkpro.core.api.lexmorph.type.pos.POS",  "name" : "UD Universal POS tags",  "input" : false }, 
        {"sofa" : 12,  "layer" : "webanno.custom.Polaritytriggers",  "name" : "Polarity",  "input" : false }, 
        {"sofa" : 12,  "layer" : "de.tudarmstadt.ukp.dkpro.core.api.segmentation.type.SurfaceForm",  "name" : "Named Entity tags",  "input" : false } ], 
      "Sentence" : [
        {"sofa" : 12,  "end" : 68 }, 
        {"sofa" : 12,  "begin" : 70,  "end" : 223 }, 
        {"sofa" : 12,  "begin" : 225,  "end" : 293 }, 
        {"sofa" : 12,  "begin" : 295,  "end" : 499 }, 
        {"sofa" : 12,  "begin" : 501,  "end" : 594 } ], 
      "Token" : [
        {"sofa" : 12,  "end" : 3 }, 
        {"sofa" : 12,  "begin" : 4,  "end" : 9 }, 
        {"sofa" : 12,  "begin" : 10,  "end" : 17 }, 
        {"sofa" : 12,  "begin" : 18,  "end" : 25 }, 
        {"sofa" : 12,  "begin" : 26,  "end" : 27 }, 
        {"sofa" : 12,  "begin" : 28,  "end" : 35 }, 
        {"sofa" : 12,  "begin" : 36,  "end" : 39 }, 
        {"sofa" : 12,  "begin" : 40,  "end" : 42 }, 
        {"sofa" : 12,  "begin" : 43,  "end" : 48 }, 
        {"sofa" : 12,  "begin" : 49,  "end" : 53 }, 
        {"sofa" : 12,  "begin" : 54,  "end" : 56 }, 
        {"sofa" : 12,  "begin" : 57,  "end" : 61 }, 
        {"sofa" : 12,  "begin" : 62,  "end" : 66 }, 
        {"sofa" : 12,  "begin" : 67,  "end" : 68 }, 
        {"sofa" : 12,  "begin" : 70,  "end" : 72 }, 
        {"sofa" : 12,  "begin" : 73,  "end" : 75 }, 
        {"sofa" : 12,  "begin" : 76,  "end" : 83 }, 
        {"sofa" : 12,  "begin" : 84,  "end" : 88 }, 
        {"sofa" : 12,  "begin" : 89,  "end" : 94 }, 
        {"sofa" : 12,  "begin" : 95,  "end" : 103 }, 
        {"sofa" : 12,  "begin" : 104,  "end" : 107 }, 
        {"sofa" : 12,  "begin" : 108,  "end" : 118 }, 
        {"sofa" : 12,  "begin" : 119,  "end" : 123 }, 
        {"sofa" : 12,  "begin" : 124,  "end" : 126 }, 
        {"sofa" : 12,  "begin" : 127,  "end" : 137 }, 
        {"sofa" : 12,  "begin" : 138,  "end" : 140 }, 
        {"sofa" : 12,  "begin" : 141,  "end" : 143 }, 
        {"sofa" : 12,  "begin" : 144,  "end" : 152 }, 
        {"sofa" : 12,  "begin" : 153,  "end" : 156 }, 
        {"sofa" : 12,  "begin" : 157,  "end" : 160 }, 
        {"sofa" : 12,  "begin" : 161,  "end" : 166 }, 
        {"sofa" : 12,  "begin" : 167,  "end" : 175 }, 
        {"sofa" : 12,  "begin" : 176,  "end" : 188 }, 
        {"sofa" : 12,  "begin" : 189,  "end" : 190 }, 
        {"sofa" : 12,  "begin" : 191,  "end" : 195 }, 
        {"sofa" : 12,  "begin" : 196,  "end" : 197 }, 
        {"sofa" : 12,  "begin" : 198,  "end" : 201 }, 
        {"sofa" : 12,  "begin" : 202,  "end" : 204 }, 
        {"sofa" : 12,  "begin" : 205,  "end" : 221 }, 
        {"sofa" : 12,  "begin" : 222,  "end" : 223 }, 
        {"sofa" : 12,  "begin" : 225,  "end" : 228 }, 
        {"sofa" : 12,  "begin" : 229,  "end" : 233 }, 
        {"sofa" : 12,  "begin" : 234,  "end" : 238 }, 
        {"sofa" : 12,  "begin" : 239,  "end" : 241 }, 
        {"sofa" : 12,  "begin" : 242,  "end" : 245 }, 
        {"sofa" : 12,  "begin" : 246,  "end" : 255 }, 
        {"sofa" : 12,  "begin" : 256,  "end" : 264 }, 
        {"sofa" : 12,  "begin" : 265,  "end" : 268 }, 
        {"sofa" : 12,  "begin" : 269,  "end" : 272 }, 
        {"sofa" : 12,  "begin" : 273,  "end" : 279 }, 
        {"sofa" : 12,  "begin" : 280,  "end" : 291 }, 
        {"sofa" : 12,  "begin" : 292,  "end" : 293 }, 
        {"sofa" : 12,  "begin" : 295,  "end" : 303 }, 
        {"sofa" : 12,  "begin" : 304,  "end" : 305 }, 
        {"sofa" : 12,  "begin" : 306,  "end" : 310 }, 
        {"sofa" : 12,  "begin" : 311,  "end" : 314 }, 
        {"sofa" : 12,  "begin" : 315,  "end" : 317 }, 
        {"sofa" : 12,  "begin" : 318,  "end" : 321 }, 
        {"sofa" : 12,  "begin" : 322,  "end" : 324 }, 
        {"sofa" : 12,  "begin" : 325,  "end" : 333 }, 
        {"sofa" : 12,  "begin" : 334,  "end" : 336 }, 
        {"sofa" : 12,  "begin" : 337,  "end" : 351 }, 
        {"sofa" : 12,  "begin" : 352,  "end" : 354 }, 
        {"sofa" : 12,  "begin" : 355,  "end" : 357 }, 
        {"sofa" : 12,  "begin" : 358,  "end" : 366 }, 
        {"sofa" : 12,  "begin" : 367,  "end" : 371 }, 
        {"sofa" : 12,  "begin" : 372,  "end" : 384 }, 
        {"sofa" : 12,  "begin" : 385,  "end" : 386 }, 
        {"sofa" : 12,  "begin" : 387,  "end" : 391 }, 
        {"sofa" : 12,  "begin" : 392,  "end" : 393 }, 
        {"sofa" : 12,  "begin" : 394,  "end" : 401 }, 
        {"sofa" : 12,  "begin" : 402,  "end" : 403 }, 
        {"sofa" : 12,  "begin" : 404,  "end" : 414 }, 
        {"sofa" : 12,  "begin" : 415,  "end" : 416 }, 
        {"sofa" : 12,  "begin" : 417,  "end" : 432 }, 
        {"sofa" : 12,  "begin" : 433,  "end" : 434 }, 
        {"sofa" : 12,  "begin" : 435,  "end" : 441 }, 
        {"sofa" : 12,  "begin" : 442,  "end" : 444 }, 
        {"sofa" : 12,  "begin" : 445,  "end" : 448 }, 
        {"sofa" : 12,  "begin" : 449,  "end" : 458 }, 
        {"sofa" : 12,  "begin" : 459,  "end" : 462 }, 
        {"sofa" : 12,  "begin" : 463,  "end" : 472 }, 
        {"sofa" : 12,  "begin" : 473,  "end" : 475 }, 
        {"sofa" : 12,  "begin" : 476,  "end" : 481 }, 
        {"sofa" : 12,  "begin" : 482,  "end" : 488 }, 
        {"sofa" : 12,  "begin" : 489,  "end" : 497 }, 
        {"sofa" : 12,  "begin" : 498,  "end" : 499 }, 
        {"sofa" : 12,  "begin" : 501,  "end" : 506 }, 
        {"sofa" : 12,  "begin" : 507,  "end" : 514 }, 
        {"sofa" : 12,  "begin" : 515,  "end" : 518 }, 
        {"sofa" : 12,  "begin" : 519,  "end" : 522 }, 
        {"sofa" : 12,  "begin" : 523,  "end" : 533 }, 
        {"sofa" : 12,  "begin" : 534,  "end" : 538 }, 
        {"sofa" : 12,  "begin" : 539,  "end" : 541 }, 
        {"sofa" : 12,  "begin" : 542,  "end" : 552 }, 
        {"sofa" : 12,  "begin" : 553,  "end" : 557 }, 
        {"sofa" : 12,  "begin" : 558,  "end" : 560 }, 
        {"sofa" : 12,  "begin" : 561,  "end" : 569 }, 
        {"sofa" : 12,  "begin" : 570,  "end" : 576 }, 
        {"sofa" : 12,  "begin" : 577,  "end" : 581 }, 
        {"sofa" : 12,  "begin" : 582,  "end" : 585 }, 
        {"sofa" : 12,  "begin" : 586,  "end" : 588 }, 
        {"sofa" : 12,  "begin" : 589,  "end" : 592 }, 
        {"sofa" : 12,  "begin" : 593,  "end" : 594 } ], 
      "Eventclauses" : [
        {"sofa" : 12,  "end" : 25,  "EventPolarity" : "EVE positive",  "Prominence" : "Main" }, 
        {"sofa" : 12,  "begin" : 70,  "end" : 221,  "EventPolarity" : "EVE neutral",  "Prominence" : "Main" }, 
        {"sofa" : 12,  "begin" : 225,  "end" : 291,  "EventPolarity" : "EVE neutral",  "Prominence" : "Main" }, 
        {"sofa" : 12,  "begin" : 501,  "end" : 592,  "EventPolarity" : "EVE positive",  "Prominence" : "Background" } ] } }, 
  "_referenced_fss" : {
    "12" : {"_type" : "Sofa",  "sofaNum" : 1,  "sofaID" : "_InitialView",  "mimeType" : "text",  "sofaString" : "336 extra contact tracers : dweilen met de kraan open of toch niet ?\n In de komende vier weken voorziet het Agentschap Zorg en Gezondheid in de instroom van 336 netto voltijds equivalenten ( VTEs ) bij de contactopsporing .\n Dat komt neer op het bijkomend inzetten van 558 nieuwe medewerkers .\n Prachtig , maar als je met 35 vrienden de herfstvakantie in de Ardennen hebt doorgebracht - lees : feestje , restaurant , kinderspeeltuin - kunnen al die contacten dan überhaupt in kaart worden gebracht ?\n Joris Moonens van het Agentschap Zorg en Gezondheid gaat de netelige vragen niet uit de weg .\n " } } }